sample,subject,time_from_treatment_start,response,population,count,total_count,percentage
sample00000,sbj000,0,no,b_cell,10908.000000,93214.000000,11.702105
sample00006,sbj002,0,no,b_cell,5897.000000,99774.000000,5.910357
sample00009,sbj003,0,no,b_cell,7650.000000,95821.000000,7.983636
sample00072,sbj024,0,no,b_cell,8730.000000,93613.000000,9.325628
sample00081,sbj027,0,no,b_cell,9595.000000,93286.000000,10.285573
sample00123,sbj041,0,no,b_cell,8588.000000,101404.000000,8.469094
sample00153,sbj051,0,no,b_cell,12772.000000,105449.000000,12.112016
sample00174,sbj058,0,no,b_cell,7405.000000,97817.000000,7.570259
sample00186,sbj062,0,no,b_cell,12451.000000,99781.000000,12.478328
sample00189,sbj063,0,no,b_cell,7128.000000,92269.000000,7.725238
sample00213,sbj071,0,no,b_cell,11597.000000,98753.000000,11.743441
sample00243,sbj081,0,no,b_cell,4990.000000,98635.000000,5.059056
sample00249,sbj083,0,no,b_cell,13882.000000,98477.000000,14.096693
sample00285,sbj095,0,no,b_cell,14107.000000,90622.000000,15.566860
sample00402,sbj1030,0,no,b_cell,5436.000000,91145.000000,5.964123
sample00411,sbj1033,0,no,b_cell,15442.000000,107991.000000,14.299340
sample00414,sbj1034,0,no,b_cell,6667.000000,92653.000000,7.195666
sample00435,sbj1040,0,no,b_cell,10578.000000,107516.000000,9.838536
sample00459,sbj1048,0,no,b_cell,7468.000000,96487.000000,7.739903
sample00465,sbj105,0,no,b_cell,6595.000000,93629.000000,7.043758
sample00471,sbj1051,0,no,b_cell,6409.000000,106307.000000,6.028766
sample00480,sbj1054,0,no,b_cell,10721.000000,102557.000000,10.453699
sample00492,sbj1058,0,no,b_cell,9674.000000,90452.000000,10.695175
sample00513,sbj1064,0,no,b_cell,15841.000000,87506.000000,18.102759
sample00516,sbj1065,0,no,b_cell,7126.000000,104517.000000,6.818030
sample00522,sbj1067,0,no,b_cell,9206.000000,91990.000000,10.007610
sample00534,sbj1070,0,no,b_cell,5436.000000,96652.000000,5.624302
sample00585,sbj1086,0,no,b_cell,7359.000000,95591.000000,7.698423
sample00588,sbj1087,0,no,b_cell,7331.000000,96138.000000,7.625497
sample00624,sbj1098,0,no,b_cell,11714.000000,102890.000000,11.384974
sample00639,sbj1102,0,no,b_cell,11413.000000,102419.000000,11.143440
sample00693,sbj1119,0,no,b_cell,7743.000000,93222.000000,8.305979
sample00696,sbj112,0,no,b_cell,6439.000000,92187.000000,6.984716
sample00717,sbj1126,0,no,b_cell,15429.000000,105860.000000,14.574910
sample00726,sbj1129,0,no,b_cell,11432.000000,104384.000000,10.951870
sample00756,sbj1138,0,no,b_cell,7202.000000,90530.000000,7.955374
sample00798,sbj1150,0,no,b_cell,5600.000000,106003.000000,5.282869
sample00807,sbj1153,0,no,b_cell,11053.000000,96519.000000,11.451631
sample00849,sbj1166,0,no,b_cell,11850.000000,90828.000000,13.046638
sample00867,sbj1171,0,no,b_cell,6689.000000,96336.000000,6.943406
sample00918,sbj1187,0,no,b_cell,7340.000000,104179.000000,7.045566
sample00966,sbj1201,0,no,b_cell,9286.000000,91242.000000,10.177331
sample00987,sbj1208,0,no,b_cell,9222.000000,90006.000000,10.245984
sample01011,sbj1215,0,no,b_cell,7830.000000,94131.000000,8.318195
sample01023,sbj1219,0,no,b_cell,8931.000000,91957.000000,9.712148
sample01041,sbj1224,0,no,b_cell,11647.000000,93808.000000,12.415785
sample01053,sbj1228,0,no,b_cell,7075.000000,103410.000000,6.841698
sample01062,sbj1230,0,no,b_cell,5028.000000,95146.000000,5.284510
sample01110,sbj1245,0,no,b_cell,6080.000000,103592.000000,5.869179
sample01134,sbj1252,0,no,b_cell,6162.000000,95780.000000,6.433493
sample01137,sbj1253,0,no,b_cell,7546.000000,88196.000000,8.555944
sample01143,sbj1255,0,no,b_cell,9478.000000,106564.000000,8.894186
sample01152,sbj1258,0,no,b_cell,11511.000000,103219.000000,11.152017
sample01161,sbj1260,0,no,b_cell,16914.000000,107354.000000,15.755351
sample01218,sbj1278,0,no,b_cell,10711.000000,106596.000000,10.048219
sample01227,sbj1280,0,no,b_cell,10305.000000,91231.000000,11.295503
sample01230,sbj1281,0,no,b_cell,10101.000000,94586.000000,10.679170
sample01242,sbj1285,0,no,b_cell,5779.000000,99421.000000,5.812655
sample01314,sbj1307,0,no,b_cell,5680.000000,104820.000000,5.418813
sample01344,sbj1316,0,no,b_cell,9612.000000,104192.000000,9.225276
sample01386,sbj1329,0,no,b_cell,7618.000000,104505.000000,7.289603
sample01395,sbj1331,0,no,b_cell,5967.000000,102167.000000,5.840438
sample01413,sbj1337,0,no,b_cell,11076.000000,89999.000000,12.306803
sample01431,sbj1342,0,no,b_cell,12747.000000,99852.000000,12.765894
sample01542,sbj1376,0,no,b_cell,5242.000000,104258.000000,5.027912
sample01554,sbj138,0,no,b_cell,10793.000000,97073.000000,11.118437
sample01587,sbj139,0,no,b_cell,7169.000000,92133.000000,7.781142
sample01611,sbj1397,0,no,b_cell,8822.000000,92787.000000,9.507797
sample01674,sbj1416,0,no,b_cell,6752.000000,89661.000000,7.530587
sample01680,sbj1418,0,no,b_cell,14007.000000,107626.000000,13.014513
sample01686,sbj142,0,no,b_cell,17894.000000,95142.000000,18.807677
sample01701,sbj1424,0,no,b_cell,8003.000000,106915.000000,7.485386
sample01722,sbj1430,0,no,b_cell,9531.000000,89351.000000,10.666920
sample01752,sbj144,0,no,b_cell,9620.000000,98420.000000,9.774436
sample01767,sbj1444,0,no,b_cell,7984.000000,91733.000000,8.703520
sample01803,sbj1455,0,no,b_cell,7539.000000,102654.000000,7.344088
sample01809,sbj1457,0,no,b_cell,14260.000000,110191.000000,12.941166
sample01812,sbj1458,0,no,b_cell,11274.000000,102248.000000,11.026133
sample01848,sbj1469,0,no,b_cell,4548.000000,88513.000000,5.138228
sample01866,sbj1474,0,no,b_cell,3895.000000,98182.000000,3.967122
sample01875,sbj1477,0,no,b_cell,13264.000000,107243.000000,12.368173
sample01884,sbj148,0,no,b_cell,12338.000000,96652.000000,12.765385
sample01893,sbj1482,0,no,b_cell,9653.000000,106269.000000,9.083552
sample01914,sbj1489,0,no,b_cell,12789.000000,91149.000000,14.030873
sample01926,sbj1492,0,no,b_cell,11553.000000,88934.000000,12.990532
sample01932,sbj1494,0,no,b_cell,12550.000000,104946.000000,11.958531
sample01968,sbj156,0,no,b_cell,9042.000000,99717.000000,9.067661
sample01986,sbj162,0,no,b_cell,10305.000000,106905.000000,9.639399
sample01992,sbj164,0,no,b_cell,5042.000000,90333.000000,5.581570
sample02010,sbj170,0,no,b_cell,9810.000000,106400.000000,9.219925
sample02016,sbj172,0,no,b_cell,11331.000000,88207.000000,12.845919
sample02040,sbj180,0,no,b_cell,8075.000000,99240.000000,8.136840
sample02046,sbj182,0,no,b_cell,9924.000000,92197.000000,10.763908
sample02061,sbj187,0,no,b_cell,12962.000000,90973.000000,14.248184
sample02109,sbj203,0,no,b_cell,9198.000000,104432.000000,8.807645
sample02148,sbj216,0,no,b_cell,11966.000000,91053.000000,13.141797
sample02169,sbj223,0,no,b_cell,5273.000000,88926.000000,5.929649
sample02205,sbj235,0,no,b_cell,8326.000000,95117.000000,8.753430
sample02214,sbj238,0,no,b_cell,12818.000000,106559.000000,12.029017
sample02232,sbj244,0,no,b_cell,9334.000000,92718.000000,10.067085
sample02253,sbj251,0,no,b_cell,7737.000000,91785.000000,8.429482
sample02286,sbj262,0,no,b_cell,8286.000000,98841.000000,8.383161
sample02289,sbj263,0,no,b_cell,12243.000000,104180.000000,11.751776
sample02319,sbj273,0,no,b_cell,11604.000000,98720.000000,11.754457
sample02334,sbj278,0,no,b_cell,16179.000000,106361.000000,15.211403
sample02355,sbj285,0,no,b_cell,7886.000000,105730.000000,7.458621
sample02364,sbj288,0,no,b_cell,8824.000000,94421.000000,9.345379
sample02412,sbj304,0,no,b_cell,6710.000000,104992.000000,6.390963
sample02430,sbj310,0,no,b_cell,14524.000000,93030.000000,15.612168
sample02436,sbj312,0,no,b_cell,11358.000000,104153.000000,10.905111
sample02478,sbj326,0,no,b_cell,12437.000000,108880.000000,11.422667
sample02541,sbj347,0,no,b_cell,7008.000000,101032.000000,6.936416
sample02583,sbj361,0,no,b_cell,10732.000000,98705.000000,10.872803
sample02592,sbj364,0,no,b_cell,10629.000000,104251.000000,10.195586
sample02619,sbj373,0,no,b_cell,8877.000000,100603.000000,8.823793
sample02646,sbj382,0,no,b_cell,11008.000000,95983.000000,11.468698
sample02661,sbj387,0,no,b_cell,11369.000000,100085.000000,11.359345
sample02664,sbj388,0,no,b_cell,7201.000000,102240.000000,7.043232
sample02667,sbj389,0,no,b_cell,12877.000000,90006.000000,14.306824
sample02682,sbj394,0,no,b_cell,6885.000000,98716.000000,6.974553
sample02700,sbj400,0,no,b_cell,10080.000000,103298.000000,9.758175
sample02706,sbj402,0,no,b_cell,7578.000000,90279.000000,8.393979
sample02718,sbj406,0,no,b_cell,11764.000000,106103.000000,11.087340
sample02742,sbj414,0,no,b_cell,8560.000000,99692.000000,8.586446
sample02775,sbj425,0,no,b_cell,12731.000000,91733.000000,13.878321
sample02799,sbj433,0,no,b_cell,14269.000000,93723.000000,15.224651
sample02811,sbj437,0,no,b_cell,9902.000000,94253.000000,10.505766
sample02829,sbj443,0,no,b_cell,11367.000000,104439.000000,10.883865
sample02886,sbj462,0,no,b_cell,11010.000000,106909.000000,10.298478
sample02889,sbj463,0,no,b_cell,11592.000000,89416.000000,12.964123
sample02901,sbj467,0,no,b_cell,14340.000000,103714.000000,13.826484
sample02961,sbj487,0,no,b_cell,13434.000000,96418.000000,13.933083
sample02970,sbj490,0,no,b_cell,10385.000000,87698.000000,11.841775
sample03006,sbj502,0,no,b_cell,8700.000000,93776.000000,9.277427
sample03030,sbj510,0,no,b_cell,5759.000000,99163.000000,5.807610
sample03051,sbj517,0,no,b_cell,12270.000000,106203.000000,11.553346
sample03096,sbj532,0,no,b_cell,10535.000000,91974.000000,11.454324
sample03108,sbj536,0,no,b_cell,9741.000000,107745.000000,9.040791
sample03132,sbj544,0,no,b_cell,7742.000000,106250.000000,7.286588
sample03186,sbj562,0,no,b_cell,8762.000000,97251.000000,9.009676
sample03198,sbj566,0,no,b_cell,12445.000000,99060.000000,12.563093
sample03213,sbj571,0,no,b_cell,9069.000000,90324.000000,10.040521
sample03252,sbj584,0,no,b_cell,4442.000000,91889.000000,4.834093
sample03258,sbj586,0,no,b_cell,10181.000000,90418.000000,11.259926
sample03318,sbj606,0,no,b_cell,13157.000000,95758.000000,13.739844
sample03321,sbj607,0,no,b_cell,4882.000000,94459.000000,5.168380
sample03333,sbj611,0,no,b_cell,10995.000000,94834.000000,11.593943
sample03363,sbj621,0,no,b_cell,8978.000000,96317.000000,9.321304
sample03384,sbj628,0,no,b_cell,12037.000000,92427.000000,13.023251
sample03390,sbj630,0,no,b_cell,7482.000000,101806.000000,7.349272
sample03402,sbj634,0,no,b_cell,6324.000000,100780.000000,6.275055
sample03414,sbj638,0,no,b_cell,9806.000000,97437.000000,10.063939
sample03420,sbj640,0,no,b_cell,9375.000000,106923.000000,8.767992
sample03432,sbj644,0,no,b_cell,7834.000000,102989.000000,7.606638
sample03474,sbj658,0,no,b_cell,4856.000000,85892.000000,5.653612
sample03489,sbj663,0,no,b_cell,11229.000000,99048.000000,11.336928
sample03552,sbj684,0,no,b_cell,8837.000000,100140.000000,8.824645
sample03579,sbj693,0,no,b_cell,5249.000000,94336.000000,5.564154
sample03615,sbj705,0,no,b_cell,10355.000000,105140.000000,9.848773
sample03633,sbj711,0,no,b_cell,14013.000000,104367.000000,13.426658
sample03666,sbj722,0,no,b_cell,15632.000000,109178.000000,14.317903
sample03681,sbj727,0,no,b_cell,6434.000000,104448.000000,6.160003
sample03684,sbj728,0,no,b_cell,9967.000000,99728.000000,9.994184
sample03699,sbj733,0,no,b_cell,7581.000000,109333.000000,6.933863
sample03717,sbj739,0,no,b_cell,7643.000000,100140.000000,7.632315
sample03720,sbj740,0,no,b_cell,11612.000000,96822.000000,11.993142
sample03738,sbj746,0,no,b_cell,9396.000000,99380.000000,9.454619
sample03768,sbj756,0,no,b_cell,12459.000000,105144.000000,11.849464
sample03774,sbj758,0,no,b_cell,6927.000000,92446.000000,7.493023
sample03816,sbj772,0,no,b_cell,14315.000000,95927.000000,14.922806
sample03891,sbj797,0,no,b_cell,10141.000000,97613.000000,10.388985
sample03939,sbj813,0,no,b_cell,7433.000000,102721.000000,7.236106
sample03972,sbj824,0,no,b_cell,11872.000000,98388.000000,12.066512
sample04062,sbj854,0,no,b_cell,6565.000000,106367.000000,6.172027
sample04074,sbj858,0,no,b_cell,11438.000000,107019.000000,10.687822
sample04095,sbj865,0,no,b_cell,10500.000000,95659.000000,10.976489
sample04134,sbj878,0,no,b_cell,9464.000000,105105.000000,9.004329
sample04143,sbj881,0,no,b_cell,11191.000000,93555.000000,11.961948
sample04182,sbj894,0,no,b_cell,6711.000000,92478.000000,7.256861
sample04191,sbj897,0,no,b_cell,11989.000000,107726.000000,11.129161
sample04200,sbj900,0,no,b_cell,9186.000000,93506.000000,9.823969
sample04206,sbj902,0,no,b_cell,11805.000000,100917.000000,11.697732
sample04209,sbj903,0,no,b_cell,10423.000000,99267.000000,10.499965
sample04278,sbj926,0,no,b_cell,10648.000000,108453.000000,9.818078
sample04308,sbj936,0,no,b_cell,7383.000000,90602.000000,8.148827
sample04338,sbj946,0,no,b_cell,13287.000000,101281.000000,13.118946
sample04419,sbj973,0,no,b_cell,8934.000000,95058.000000,9.398473
sample04428,sbj976,0,no,b_cell,9508.000000,95446.000000,9.961654
sample04449,sbj983,0,no,b_cell,4988.000000,91892.000000,5.428111
sample07503,sbj2501,0,no,b_cell,6370.000000,94421.000000,6.746381
sample07515,sbj2505,0,no,b_cell,8730.000000,106161.000000,8.223359
sample07542,sbj2514,0,no,b_cell,11845.000000,105427.000000,11.235262
sample07620,sbj2540,0,no,b_cell,8959.000000,100603.000000,8.905301
sample07632,sbj2544,0,no,b_cell,7338.000000,101693.000000,7.215836
sample07644,sbj2548,0,no,b_cell,9853.000000,107169.000000,9.193890
sample07653,sbj2551,0,no,b_cell,8798.000000,89517.000000,9.828301
sample07674,sbj2558,0,no,b_cell,8870.000000,99767.000000,8.890715
sample07698,sbj2566,0,no,b_cell,8555.000000,104236.000000,8.207337
sample07710,sbj2570,0,no,b_cell,20129.000000,96856.000000,20.782399
sample07722,sbj2574,0,no,b_cell,7025.000000,92462.000000,7.597716
sample07734,sbj2578,0,no,b_cell,6532.000000,94162.000000,6.936981
sample07746,sbj2582,0,no,b_cell,6881.000000,90017.000000,7.644112
sample07809,sbj2603,0,no,b_cell,7650.000000,89140.000000,8.582006
sample07815,sbj2605,0,no,b_cell,12720.000000,93378.000000,13.622052
sample07818,sbj2606,0,no,b_cell,7435.000000,93245.000000,7.973618
sample07833,sbj2611,0,no,b_cell,5221.000000,111992.000000,4.661940
sample07872,sbj2624,0,no,b_cell,10449.000000,98198.000000,10.640746
sample07899,sbj2633,0,no,b_cell,2153.000000,104475.000000,2.060780
sample07926,sbj2642,0,no,b_cell,16992.000000,100923.000000,16.836598
sample07929,sbj2643,0,no,b_cell,10688.000000,100774.000000,10.605910
sample07932,sbj2644,0,no,b_cell,13907.000000,103601.000000,13.423616
sample07941,sbj2647,0,no,b_cell,9691.000000,99005.000000,9.788395
sample07959,sbj2653,0,no,b_cell,4604.000000,95855.000000,4.803088
sample08004,sbj2668,0,no,b_cell,4598.000000,96921.000000,4.744070
sample08013,sbj2671,0,no,b_cell,10472.000000,92516.000000,11.319123
sample08028,sbj2676,0,no,b_cell,9014.000000,98602.000000,9.141802
sample08049,sbj2683,0,no,b_cell,9455.000000,96874.000000,9.760101
sample08064,sbj2688,0,no,b_cell,9017.000000,102491.000000,8.797846
sample08076,sbj2692,0,no,b_cell,12469.000000,91607.000000,13.611405
sample08118,sbj2706,0,no,b_cell,8591.000000,89842.000000,9.562343
sample08133,sbj2711,0,no,b_cell,4523.000000,88963.000000,5.084136
sample08142,sbj2714,0,no,b_cell,7283.000000,96510.000000,7.546368
sample08160,sbj2720,0,no,b_cell,5245.000000,93278.000000,5.622976
sample08184,sbj2728,0,no,b_cell,9598.000000,89768.000000,10.692006
sample08214,sbj2738,0,no,b_cell,6094.000000,91927.000000,6.629173
sample08277,sbj2759,0,no,b_cell,9835.000000,106002.000000,9.278127
sample08304,sbj2768,0,no,b_cell,12932.000000,98462.000000,13.134001
sample08313,sbj2771,0,no,b_cell,8742.000000,90231.000000,9.688466
sample08325,sbj2775,0,no,b_cell,8705.000000,95548.000000,9.110604
sample08331,sbj2777,0,no,b_cell,12029.000000,95458.000000,12.601353
sample08334,sbj2778,0,no,b_cell,6453.000000,103149.000000,6.255999
sample08367,sbj2789,0,no,b_cell,11958.000000,106599.000000,11.217741
sample08397,sbj2799,0,no,b_cell,5963.000000,93462.000000,6.380133
sample08412,sbj2804,0,no,b_cell,11734.000000,96997.000000,12.097281
sample08415,sbj2805,0,no,b_cell,8424.000000,90906.000000,9.266715
sample08421,sbj2807,0,no,b_cell,8855.000000,101643.000000,8.711864
sample08433,sbj2811,0,no,b_cell,11078.000000,100980.000000,10.970489
sample08436,sbj2812,0,no,b_cell,8690.000000,104969.000000,8.278635
sample08439,sbj2813,0,no,b_cell,9186.000000,98306.000000,9.344292
sample08460,sbj2820,0,no,b_cell,18879.000000,93076.000000,20.283424
sample08472,sbj2824,0,no,b_cell,11089.000000,102545.000000,10.813789
sample08493,sbj2831,0,no,b_cell,15664.000000,103696.000000,15.105694
sample08502,sbj2834,0,no,b_cell,7509.000000,98042.000000,7.658962
sample08520,sbj2840,0,no,b_cell,9234.000000,91052.000000,10.141458
sample08526,sbj2842,0,no,b_cell,8788.000000,96688.000000,9.089029
sample08541,sbj2847,0,no,b_cell,10583.000000,104499.000000,10.127370
sample08556,sbj2852,0,no,b_cell,9980.000000,96285.000000,10.365062
sample08559,sbj2853,0,no,b_cell,13272.000000,102135.000000,12.994566
sample08589,sbj2863,0,no,b_cell,12783.000000,92824.000000,13.771223
sample08637,sbj2879,0,no,b_cell,13090.000000,97381.000000,13.442047
sample08661,sbj2887,0,no,b_cell,13388.000000,105659.000000,12.670951
sample08664,sbj2888,0,no,b_cell,9472.000000,97207.000000,9.744154
sample08712,sbj2904,0,no,b_cell,11039.000000,97530.000000,11.318569
sample08730,sbj2910,0,no,b_cell,12955.000000,98078.000000,13.208875
sample08751,sbj2917,0,no,b_cell,3532.000000,89812.000000,3.932659
sample08763,sbj2921,0,no,b_cell,14512.000000,117863.000000,12.312600
sample08805,sbj2935,0,no,b_cell,7220.000000,99268.000000,7.273240
sample08874,sbj2958,0,no,b_cell,8608.000000,106099.000000,8.113177
sample08919,sbj2973,0,no,b_cell,9452.000000,103699.000000,9.114842
sample08952,sbj2984,0,no,b_cell,12797.000000,99207.000000,12.899291
sample08958,sbj2986,0,no,b_cell,17465.000000,89938.000000,19.418933
sample08967,sbj2989,0,no,b_cell,3689.000000,97796.000000,3.772138
sample08976,sbj2992,0,no,b_cell,11804.000000,93449.000000,12.631489
sample09003,sbj3001,0,no,b_cell,8121.000000,97878.000000,8.297064
sample09030,sbj3010,0,no,b_cell,15585.000000,96877.000000,16.087410
sample09036,sbj3012,0,no,b_cell,9679.000000,94780.000000,10.212070
sample09039,sbj3013,0,no,b_cell,10368.000000,95939.000000,10.806867
sample09048,sbj3016,0,no,b_cell,5270.000000,93285.000000,5.649354
sample09060,sbj3020,0,no,b_cell,11174.000000,102499.000000,10.901570
sample09066,sbj3022,0,no,b_cell,6931.000000,105905.000000,6.544545
sample09150,sbj3050,0,no,b_cell,10176.000000,91819.000000,11.082674
sample09159,sbj3053,0,no,b_cell,6133.000000,91144.000000,6.728912
sample09183,sbj3061,0,no,b_cell,10954.000000,107988.000000,10.143720
sample09213,sbj3071,0,no,b_cell,11205.000000,95709.000000,11.707363
sample09246,sbj3082,0,no,b_cell,8610.000000,109101.000000,7.891770
sample09249,sbj3083,0,no,b_cell,9455.000000,103352.000000,9.148347
sample09288,sbj3096,0,no,b_cell,5857.000000,95077.000000,6.160270
sample09294,sbj3098,0,no,b_cell,11750.000000,90486.000000,12.985434
sample09303,sbj3101,0,no,b_cell,5739.000000,95720.000000,5.995612
sample09354,sbj3118,0,no,b_cell,6945.000000,93620.000000,7.418287
sample09363,sbj3121,0,no,b_cell,8438.000000,87701.000000,9.621327
sample09378,sbj3126,0,no,b_cell,9927.000000,101477.000000,9.782512
sample09384,sbj3128,0,no,b_cell,7249.000000,103895.000000,6.977237
sample09387,sbj3129,0,no,b_cell,7367.000000,93376.000000,7.889608
sample09414,sbj3138,0,no,b_cell,11084.000000,95096.000000,11.655590
sample09420,sbj3140,0,no,b_cell,11808.000000,107688.000000,10.965010
sample09429,sbj3143,0,no,b_cell,4430.000000,90919.000000,4.872469
sample09432,sbj3144,0,no,b_cell,9591.000000,93829.000000,10.221786
sample09477,sbj3159,0,no,b_cell,8801.000000,99593.000000,8.836966
sample09483,sbj3161,0,no,b_cell,11113.000000,98796.000000,11.248431
sample09492,sbj3164,0,no,b_cell,8607.000000,95832.000000,8.981342
sample09555,sbj3185,0,no,b_cell,13015.000000,101579.000000,12.812688
sample09567,sbj3189,0,no,b_cell,6582.000000,108000.000000,6.094444
sample09585,sbj3195,0,no,b_cell,10203.000000,101605.000000,10.041829
sample09588,sbj3196,0,no,b_cell,12895.000000,94591.000000,13.632375
sample09627,sbj3209,0,no,b_cell,6893.000000,87984.000000,7.834379
sample09657,sbj3219,0,no,b_cell,8527.000000,98768.000000,8.633363
sample09672,sbj3224,0,no,b_cell,7963.000000,92606.000000,8.598795
sample09744,sbj3248,0,no,b_cell,9453.000000,93379.000000,10.123261
sample09756,sbj3252,0,no,b_cell,9778.000000,89579.000000,10.915505
sample09762,sbj3254,0,no,b_cell,8345.000000,107288.000000,7.778130
sample09813,sbj3271,0,no,b_cell,10118.000000,101625.000000,9.956212
sample09816,sbj3272,0,no,b_cell,11474.000000,101829.000000,11.267910
sample09870,sbj3290,0,no,b_cell,10752.000000,103387.000000,10.399760
sample09873,sbj3291,0,no,b_cell,15375.000000,104601.000000,14.698712
sample09894,sbj3298,0,no,b_cell,2877.000000,101737.000000,2.827880
sample09900,sbj3300,0,no,b_cell,14055.000000,102602.000000,13.698563
sample09903,sbj3301,0,no,b_cell,13790.000000,97759.000000,14.106118
sample09912,sbj3304,0,no,b_cell,12318.000000,94706.000000,13.006568
sample09918,sbj3306,0,no,b_cell,9069.000000,92400.000000,9.814935
sample09987,sbj3329,0,no,b_cell,9136.000000,94260.000000,9.692340
sample09999,sbj3333,0,no,b_cell,5986.000000,95291.000000,6.281810
sample10068,sbj3356,0,no,b_cell,11088.000000,92390.000000,12.001299
sample10089,sbj3363,0,no,b_cell,10677.000000,90081.000000,11.852666
sample10191,sbj3397,0,no,b_cell,10647.000000,88718.000000,12.000947
sample10230,sbj3410,0,no,b_cell,7627.000000,98944.000000,7.708401
sample10251,sbj3417,0,no,b_cell,6333.000000,99899.000000,6.339403
sample10266,sbj3422,0,no,b_cell,9575.000000,108427.000000,8.830826
sample10305,sbj3435,0,no,b_cell,9472.000000,93427.000000,10.138397
sample10320,sbj3440,0,no,b_cell,11615.000000,89731.000000,12.944244
sample10395,sbj3465,0,no,b_cell,7150.000000,91389.000000,7.823699
sample10416,sbj3472,0,no,b_cell,9356.000000,102589.000000,9.119886
sample10455,sbj3485,0,no,b_cell,6057.000000,88396.000000,6.852120
sample10470,sbj3490,0,no,b_cell,9425.000000,107444.000000,8.772011
sample10473,sbj3491,0,no,b_cell,4477.000000,92339.000000,4.848439
sample00024,sbj008,0,yes,b_cell,7552.000000,99969.000000,7.554342
sample00060,sbj020,0,yes,b_cell,11035.000000,103534.000000,10.658334
sample00066,sbj022,0,yes,b_cell,8052.000000,107284.000000,7.505313
sample00075,sbj025,0,yes,b_cell,14480.000000,104711.000000,13.828538
sample00141,sbj047,0,yes,b_cell,4896.000000,103696.000000,4.721494
sample00165,sbj055,0,yes,b_cell,11804.000000,111486.000000,10.587877
sample00168,sbj056,0,yes,b_cell,8186.000000,102412.000000,7.993204
sample00261,sbj087,0,yes,b_cell,9523.000000,110763.000000,8.597636
sample00324,sbj1007,0,yes,b_cell,5829.000000,107593.000000,5.417639
sample00327,sbj1008,0,yes,b_cell,12095.000000,98632.000000,12.262754
sample00333,sbj101,0,yes,b_cell,12249.000000,97084.000000,12.616909
sample00369,sbj1020,0,yes,b_cell,9633.000000,99288.000000,9.702079
sample00378,sbj1023,0,yes,b_cell,13078.000000,101500.000000,12.884729
sample00426,sbj1038,0,yes,b_cell,12193.000000,96997.000000,12.570492
sample00447,sbj1044,0,yes,b_cell,7585.000000,98729.000000,7.682646
sample00483,sbj1055,0,yes,b_cell,9905.000000,94926.000000,10.434444
sample00498,sbj106,0,yes,b_cell,10176.000000,109114.000000,9.326026
sample00510,sbj1063,0,yes,b_cell,5778.000000,101519.000000,5.691545
sample00537,sbj1071,0,yes,b_cell,8150.000000,97491.000000,8.359746
sample00543,sbj1073,0,yes,b_cell,10105.000000,97856.000000,10.326398
sample00555,sbj1077,0,yes,b_cell,10822.000000,102840.000000,10.523143
sample00564,sbj108,0,yes,b_cell,11853.000000,109932.000000,10.782120
sample00621,sbj1097,0,yes,b_cell,10202.000000,101259.000000,10.075154
sample00630,sbj110,0,yes,b_cell,4944.000000,98871.000000,5.000455
sample00660,sbj1109,0,yes,b_cell,11812.000000,111393.000000,10.603898
sample00675,sbj1113,0,yes,b_cell,13628.000000,109268.000000,12.472087
sample00714,sbj1125,0,yes,b_cell,7010.000000,106122.000000,6.605605
sample00753,sbj1137,0,yes,b_cell,8029.000000,104062.000000,7.715593
sample00825,sbj1159,0,yes,b_cell,9193.000000,94793.000000,9.697973
sample00840,sbj1163,0,yes,b_cell,6774.000000,114168.000000,5.933361
sample00861,sbj117,0,yes,b_cell,7378.000000,97470.000000,7.569509
sample00873,sbj1173,0,yes,b_cell,6632.000000,103428.000000,6.412190
sample00876,sbj1174,0,yes,b_cell,10231.000000,92437.000000,11.068079
sample00888,sbj1178,0,yes,b_cell,7021.000000,99206.000000,7.077193
sample00894,sbj118,0,yes,b_cell,12289.000000,97282.000000,12.632347
sample00912,sbj1185,0,yes,b_cell,9095.000000,103332.000000,8.801726
sample00915,sbj1186,0,yes,b_cell,8425.000000,107102.000000,7.866333
sample00939,sbj1193,0,yes,b_cell,8343.000000,100572.000000,8.295549
sample01008,sbj1214,0,yes,b_cell,4730.000000,94275.000000,5.017237
sample01017,sbj1217,0,yes,b_cell,8262.000000,98665.000000,8.373790
sample01068,sbj1232,0,yes,b_cell,11050.000000,96734.000000,11.423078
sample01074,sbj1234,0,yes,b_cell,8326.000000,96578.000000,8.621011
sample01080,sbj1236,0,yes,b_cell,17168.000000,110681.000000,15.511244
sample01092,sbj124,0,yes,b_cell,9863.000000,106832.000000,9.232253
sample01104,sbj1243,0,yes,b_cell,4582.000000,101076.000000,4.533223
sample01128,sbj1250,0,yes,b_cell,20055.000000,95345.000000,21.034139
sample01170,sbj1263,0,yes,b_cell,8459.000000,96333.000000,8.780999
sample01245,sbj1286,0,yes,b_cell,8483.000000,93678.000000,9.055488
sample01248,sbj1287,0,yes,b_cell,8349.000000,108830.000000,7.671598
sample01260,sbj1290,0,yes,b_cell,13369.000000,101082.000000,13.225896
sample01266,sbj1292,0,yes,b_cell,8736.000000,107789.000000,8.104723
sample01284,sbj1298,0,yes,b_cell,10470.000000,107710.000000,9.720546
sample01311,sbj1306,0,yes,b_cell,7786.000000,96091.000000,8.102736
sample01326,sbj1310,0,yes,b_cell,11563.000000,101755.000000,11.363569
sample01329,sbj1311,0,yes,b_cell,9163.000000,93643.000000,9.785035
sample01332,sbj1312,0,yes,b_cell,17840.000000,112389.000000,15.873440
sample01359,sbj1320,0,yes,b_cell,12966.000000,110209.000000,11.764919
sample01377,sbj1326,0,yes,b_cell,5884.000000,95166.000000,6.182880
sample01419,sbj1339,0,yes,b_cell,6422.000000,98213.000000,6.538849
sample01422,sbj134,0,yes,b_cell,9031.000000,94401.000000,9.566636
sample01440,sbj1345,0,yes,b_cell,11529.000000,98080.000000,11.754690
sample01458,sbj1350,0,yes,b_cell,14329.000000,100331.000000,14.281727
sample01491,sbj1360,0,yes,b_cell,12134.000000,106009.000000,11.446198
sample01497,sbj1362,0,yes,b_cell,13787.000000,97367.000000,14.159828
sample01533,sbj1373,0,yes,b_cell,16512.000000,93333.000000,17.691492
sample01536,sbj1374,0,yes,b_cell,6926.000000,106219.000000,6.520491
sample01545,sbj1377,0,yes,b_cell,3224.000000,102282.000000,3.152070
sample01602,sbj1394,0,yes,b_cell,9813.000000,98385.000000,9.974081
sample01620,sbj140,0,yes,b_cell,5770.000000,95869.000000,6.018630
sample01635,sbj1404,0,yes,b_cell,13183.000000,99800.000000,13.209419
sample01638,sbj1405,0,yes,b_cell,18555.000000,102848.000000,18.041187
sample01665,sbj1413,0,yes,b_cell,12592.000000,107148.000000,11.751969
sample01683,sbj1419,0,yes,b_cell,8952.000000,98395.000000,9.098023
sample01692,sbj1421,0,yes,b_cell,9734.000000,92546.000000,10.518013
sample01719,sbj143,0,yes,b_cell,9357.000000,96224.000000,9.724185
sample01728,sbj1432,0,yes,b_cell,5524.000000,111032.000000,4.975142
sample01755,sbj1440,0,yes,b_cell,9443.000000,100250.000000,9.419451
sample01785,sbj145,0,yes,b_cell,9716.000000,109249.000000,8.893445
sample01815,sbj1459,0,yes,b_cell,7686.000000,98810.000000,7.778565
sample01824,sbj1461,0,yes,b_cell,12001.000000,102253.000000,11.736575
sample01830,sbj1463,0,yes,b_cell,9805.000000,97955.000000,10.009698
sample01833,sbj1464,0,yes,b_cell,9914.000000,93091.000000,10.649794
sample01881,sbj1479,0,yes,b_cell,10118.000000,106943.000000,9.461115
sample01899,sbj1484,0,yes,b_cell,10969.000000,99785.000000,10.992634
sample01962,sbj154,0,yes,b_cell,6552.000000,99110.000000,6.610836
sample02037,sbj179,0,yes,b_cell,12590.000000,108493.000000,11.604435
sample02055,sbj185,0,yes,b_cell,13001.000000,108273.000000,12.007610
sample02064,sbj188,0,yes,b_cell,11937.000000,99458.000000,12.002051
sample02178,sbj226,0,yes,b_cell,12492.000000,111328.000000,11.220897
sample02196,sbj232,0,yes,b_cell,10274.000000,108000.000000,9.512963
sample02235,sbj245,0,yes,b_cell,17429.000000,110676.000000,15.747768
sample02244,sbj248,0,yes,b_cell,8062.000000,98219.000000,8.208188
sample02262,sbj254,0,yes,b_cell,11578.000000,96318.000000,12.020598
sample02340,sbj280,0,yes,b_cell,15785.000000,97746.000000,16.148998
sample02388,sbj296,0,yes,b_cell,14790.000000,102063.000000,14.491050
sample02439,sbj313,0,yes,b_cell,6172.000000,105872.000000,5.829681
sample02454,sbj318,0,yes,b_cell,6562.000000,101990.000000,6.433964
sample02466,sbj322,0,yes,b_cell,7529.000000,93892.000000,8.018788
sample02481,sbj327,0,yes,b_cell,10951.000000,98315.000000,11.138687
sample02490,sbj330,0,yes,b_cell,10046.000000,101823.000000,9.866140
sample02499,sbj333,0,yes,b_cell,12604.000000,94449.000000,13.344768
sample02517,sbj339,0,yes,b_cell,9484.000000,91960.000000,10.313180
sample02562,sbj354,0,yes,b_cell,7955.000000,102783.000000,7.739607
sample02574,sbj358,0,yes,b_cell,4812.000000,91843.000000,5.239376
sample02586,sbj362,0,yes,b_cell,11851.000000,110607.000000,10.714512
sample02589,sbj363,0,yes,b_cell,7009.000000,104080.000000,6.734243
sample02625,sbj375,0,yes,b_cell,8990.000000,102515.000000,8.769448
sample02640,sbj380,0,yes,b_cell,6286.000000,104000.000000,6.044231
sample02655,sbj385,0,yes,b_cell,6042.000000,105004.000000,5.754067
sample02673,sbj391,0,yes,b_cell,8093.000000,95603.000000,8.465216
sample02736,sbj412,0,yes,b_cell,8451.000000,109832.000000,7.694479
sample02754,sbj418,0,yes,b_cell,11656.000000,96294.000000,12.104596
sample02760,sbj420,0,yes,b_cell,9210.000000,94578.000000,9.737994
sample02766,sbj422,0,yes,b_cell,4892.000000,95992.000000,5.096258
sample02772,sbj424,0,yes,b_cell,12960.000000,107219.000000,12.087410
sample02781,sbj427,0,yes,b_cell,6949.000000,100405.000000,6.920970
sample02808,sbj436,0,yes,b_cell,18342.000000,103811.000000,17.668648
sample02823,sbj441,0,yes,b_cell,20157.000000,104524.000000,19.284566
sample02838,sbj446,0,yes,b_cell,15133.000000,106495.000000,14.210057
sample02847,sbj449,0,yes,b_cell,12708.000000,99912.000000,12.719193
sample02856,sbj452,0,yes,b_cell,5378.000000,96230.000000,5.588694
sample02874,sbj458,0,yes,b_cell,5370.000000,104429.000000,5.142250
sample02910,sbj470,0,yes,b_cell,8140.000000,100447.000000,8.103776
sample02916,sbj472,0,yes,b_cell,15096.000000,101311.000000,14.900652
sample02925,sbj475,0,yes,b_cell,5880.000000,108188.000000,5.434984
sample02928,sbj476,0,yes,b_cell,6977.000000,92703.000000,7.526186
sample02976,sbj492,0,yes,b_cell,8517.000000,110894.000000,7.680307
sample02991,sbj497,0,yes,b_cell,15395.000000,105976.000000,14.526874
sample02997,sbj499,0,yes,b_cell,12364.000000,110003.000000,11.239693
sample03000,sbj500,0,yes,b_cell,12870.000000,104910.000000,12.267658
sample03021,sbj507,0,yes,b_cell,4587.000000,98326.000000,4.665094
sample03024,sbj508,0,yes,b_cell,9448.000000,97642.000000,9.676164
sample03039,sbj513,0,yes,b_cell,5848.000000,102122.000000,5.726484
sample03066,sbj522,0,yes,b_cell,6813.000000,100939.000000,6.749621
sample03093,sbj531,0,yes,b_cell,12099.000000,109414.000000,11.058000
sample03120,sbj540,0,yes,b_cell,9542.000000,108504.000000,8.794146
sample03159,sbj553,0,yes,b_cell,6306.000000,100156.000000,6.296178
sample03183,sbj561,0,yes,b_cell,9002.000000,112003.000000,8.037285
sample03195,sbj565,0,yes,b_cell,6758.000000,100362.000000,6.733624
sample03246,sbj582,0,yes,b_cell,10118.000000,99252.000000,10.194253
sample03264,sbj588,0,yes,b_cell,11866.000000,110609.000000,10.727879
sample03267,sbj589,0,yes,b_cell,16439.000000,102753.000000,15.998560
sample03273,sbj591,0,yes,b_cell,7561.000000,112483.000000,6.721905
sample03285,sbj595,0,yes,b_cell,6256.000000,99379.000000,6.295093
sample03297,sbj599,0,yes,b_cell,15654.000000,111772.000000,14.005296
sample03303,sbj601,0,yes,b_cell,6934.000000,100668.000000,6.887988
sample03375,sbj625,0,yes,b_cell,13590.000000,98832.000000,13.750607
sample03381,sbj627,0,yes,b_cell,12592.000000,93872.000000,13.414011
sample03405,sbj635,0,yes,b_cell,13293.000000,110869.000000,11.989826
sample03453,sbj651,0,yes,b_cell,17890.000000,92222.000000,19.398842
sample03465,sbj655,0,yes,b_cell,8093.000000,101506.000000,7.972928
sample03486,sbj662,0,yes,b_cell,13392.000000,96558.000000,13.869384
sample03492,sbj664,0,yes,b_cell,7028.000000,109345.000000,6.427363
sample03531,sbj677,0,yes,b_cell,7797.000000,94026.000000,8.292387
sample03576,sbj692,0,yes,b_cell,11486.000000,100605.000000,11.416928
sample03588,sbj696,0,yes,b_cell,10133.000000,95193.000000,10.644690
sample03591,sbj697,0,yes,b_cell,19451.000000,99409.000000,19.566639
sample03621,sbj707,0,yes,b_cell,10810.000000,95262.000000,11.347652
sample03624,sbj708,0,yes,b_cell,13644.000000,105323.000000,12.954435
sample03747,sbj749,0,yes,b_cell,13483.000000,101150.000000,13.329708
sample03765,sbj755,0,yes,b_cell,12877.000000,99275.000000,12.971040
sample03789,sbj763,0,yes,b_cell,15934.000000,99716.000000,15.979381
sample03804,sbj768,0,yes,b_cell,9660.000000,102491.000000,9.425218
sample03819,sbj773,0,yes,b_cell,4123.000000,95384.000000,4.322528
sample03846,sbj782,0,yes,b_cell,11349.000000,100230.000000,11.322957
sample03852,sbj784,0,yes,b_cell,7888.000000,104555.000000,7.544355
sample03861,sbj787,0,yes,b_cell,9091.000000,107496.000000,8.457059
sample03885,sbj795,0,yes,b_cell,13347.000000,96267.000000,13.864564
sample03936,sbj812,0,yes,b_cell,16830.000000,94088.000000,17.887510
sample03942,sbj814,0,yes,b_cell,11006.000000,106061.000000,10.377047
sample03951,sbj817,0,yes,b_cell,14652.000000,113880.000000,12.866175
sample03963,sbj821,0,yes,b_cell,7377.000000,98638.000000,7.478862
sample03981,sbj827,0,yes,b_cell,8449.000000,92704.000000,9.113954
sample04014,sbj838,0,yes,b_cell,8141.000000,109698.000000,7.421284
sample04035,sbj845,0,yes,b_cell,6399.000000,109953.000000,5.819759
sample04047,sbj849,0,yes,b_cell,7712.000000,106037.000000,7.272933
sample04068,sbj856,0,yes,b_cell,9747.000000,93367.000000,10.439449
sample04128,sbj876,0,yes,b_cell,17169.000000,100689.000000,17.051515
sample04155,sbj885,0,yes,b_cell,14103.000000,99812.000000,14.129564
sample04170,sbj890,0,yes,b_cell,9270.000000,91576.000000,10.122740
sample04173,sbj891,0,yes,b_cell,9990.000000,109234.000000,9.145504
sample04188,sbj896,0,yes,b_cell,11927.000000,106532.000000,11.195697
sample04203,sbj901,0,yes,b_cell,11687.000000,100195.000000,11.664255
sample04224,sbj908,0,yes,b_cell,10432.000000,92946.000000,11.223721
sample04266,sbj922,0,yes,b_cell,23812.000000,94810.000000,25.115494
sample04284,sbj928,0,yes,b_cell,9860.000000,99569.000000,9.902681
sample04293,sbj931,0,yes,b_cell,8080.000000,99311.000000,8.136057
sample04296,sbj932,0,yes,b_cell,10715.000000,102827.000000,10.420415
sample04302,sbj934,0,yes,b_cell,10020.000000,106587.000000,9.400771
sample04347,sbj949,0,yes,b_cell,10129.000000,98892.000000,10.242487
sample04368,sbj956,0,yes,b_cell,9882.000000,105129.000000,9.399880
sample04377,sbj959,0,yes,b_cell,16739.000000,106749.000000,15.680709
sample04434,sbj978,0,yes,b_cell,6779.000000,93222.000000,7.271889
sample04461,sbj987,0,yes,b_cell,18282.000000,107057.000000,17.076884
sample04491,sbj997,0,yes,b_cell,9774.000000,100843.000000,9.692294
sample07506,sbj2502,0,yes,b_cell,8964.000000,110719.000000,8.096171
sample07527,sbj2509,0,yes,b_cell,15634.000000,108211.000000,14.447699
sample07551,sbj2517,0,yes,b_cell,7370.000000,94482.000000,7.800428
sample07560,sbj2520,0,yes,b_cell,11021.000000,112532.000000,9.793659
sample07575,sbj2525,0,yes,b_cell,6324.000000,107827.000000,5.864950
sample07587,sbj2529,0,yes,b_cell,7542.000000,107238.000000,7.032955
sample07593,sbj2531,0,yes,b_cell,10343.000000,109494.000000,9.446180
sample07614,sbj2538,0,yes,b_cell,8257.000000,105861.000000,7.799851
sample07647,sbj2549,0,yes,b_cell,11096.000000,94533.000000,11.737700
sample07665,sbj2555,0,yes,b_cell,6171.000000,92218.000000,6.691752
sample07725,sbj2575,0,yes,b_cell,9300.000000,118260.000000,7.864028
sample07761,sbj2587,0,yes,b_cell,7773.000000,95689.000000,8.123191
sample07800,sbj2600,0,yes,b_cell,15262.000000,105323.000000,14.490662
sample07821,sbj2607,0,yes,b_cell,8069.000000,93256.000000,8.652526
sample07824,sbj2608,0,yes,b_cell,11919.000000,105231.000000,11.326510
sample07827,sbj2609,0,yes,b_cell,7014.000000,106881.000000,6.562439
sample07836,sbj2612,0,yes,b_cell,10532.000000,111247.000000,9.467222
sample07905,sbj2635,0,yes,b_cell,9285.000000,93457.000000,9.935050
sample07968,sbj2656,0,yes,b_cell,6744.000000,105329.000000,6.402795
sample08040,sbj2680,0,yes,b_cell,9791.000000,110353.000000,8.872437
sample08055,sbj2685,0,yes,b_cell,8444.000000,99750.000000,8.465163
sample08085,sbj2695,0,yes,b_cell,19886.000000,111862.000000,17.777261
sample08121,sbj2707,0,yes,b_cell,5782.000000,92948.000000,6.220683
sample08127,sbj2709,0,yes,b_cell,14061.000000,103846.000000,13.540242
sample08151,sbj2717,0,yes,b_cell,6325.000000,93321.000000,6.777681
sample08166,sbj2722,0,yes,b_cell,10024.000000,105393.000000,9.511068
sample08178,sbj2726,0,yes,b_cell,12667.000000,96265.000000,13.158469
sample08199,sbj2733,0,yes,b_cell,8721.000000,96680.000000,9.020480
sample08247,sbj2749,0,yes,b_cell,17019.000000,109831.000000,15.495625
sample08274,sbj2758,0,yes,b_cell,10298.000000,108507.000000,9.490632
sample08289,sbj2763,0,yes,b_cell,13613.000000,105215.000000,12.938269
sample08298,sbj2766,0,yes,b_cell,7947.000000,100065.000000,7.941838
sample08328,sbj2776,0,yes,b_cell,4627.000000,95061.000000,4.867401
sample08337,sbj2779,0,yes,b_cell,7005.000000,104118.000000,6.727943
sample08349,sbj2783,0,yes,b_cell,11883.000000,110119.000000,10.791053
sample08352,sbj2784,0,yes,b_cell,13284.000000,102552.000000,12.953429
sample08361,sbj2787,0,yes,b_cell,12252.000000,108577.000000,11.284158
sample08388,sbj2796,0,yes,b_cell,7071.000000,104700.000000,6.753582
sample08403,sbj2801,0,yes,b_cell,13644.000000,104371.000000,13.072597
sample08442,sbj2814,0,yes,b_cell,10248.000000,99949.000000,10.253229
sample08466,sbj2822,0,yes,b_cell,10775.000000,105106.000000,10.251556
sample08481,sbj2827,0,yes,b_cell,9896.000000,93431.000000,10.591774
sample08568,sbj2856,0,yes,b_cell,12382.000000,114887.000000,10.777547
sample08583,sbj2861,0,yes,b_cell,10353.000000,98678.000000,10.491700
sample08595,sbj2865,0,yes,b_cell,12236.000000,107743.000000,11.356654
sample08610,sbj2870,0,yes,b_cell,10082.000000,92235.000000,10.930775
sample08655,sbj2885,0,yes,b_cell,11039.000000,100069.000000,11.031388
sample08685,sbj2895,0,yes,b_cell,8921.000000,109081.000000,8.178326
sample08706,sbj2902,0,yes,b_cell,10592.000000,100379.000000,10.552008
sample08718,sbj2906,0,yes,b_cell,13734.000000,95937.000000,14.315645
sample08724,sbj2908,0,yes,b_cell,7741.000000,97814.000000,7.914000
sample08769,sbj2923,0,yes,b_cell,9674.000000,99989.000000,9.675064
sample08781,sbj2927,0,yes,b_cell,6399.000000,94763.000000,6.752636
sample08829,sbj2943,0,yes,b_cell,22519.000000,111592.000000,20.179762
sample08832,sbj2944,0,yes,b_cell,10194.000000,95279.000000,10.699105
sample08853,sbj2951,0,yes,b_cell,6532.000000,94796.000000,6.890586
sample08856,sbj2952,0,yes,b_cell,10113.000000,97749.000000,10.345886
sample08895,sbj2965,0,yes,b_cell,10843.000000,107751.000000,10.063016
sample08913,sbj2971,0,yes,b_cell,7360.000000,92108.000000,7.990620
sample08925,sbj2975,0,yes,b_cell,14162.000000,109436.000000,12.940897
sample08943,sbj2981,0,yes,b_cell,8178.000000,110234.000000,7.418764
sample08946,sbj2982,0,yes,b_cell,9592.000000,99120.000000,9.677159
sample08970,sbj2990,0,yes,b_cell,8786.000000,107407.000000,8.180100
sample08979,sbj2993,0,yes,b_cell,6639.000000,99103.000000,6.699091
sample09009,sbj3003,0,yes,b_cell,6497.000000,95764.000000,6.784387
sample09018,sbj3006,0,yes,b_cell,9038.000000,92308.000000,9.791134
sample09024,sbj3008,0,yes,b_cell,11247.000000,108837.000000,10.333802
sample09072,sbj3024,0,yes,b_cell,12355.000000,102093.000000,12.101711
sample09081,sbj3027,0,yes,b_cell,14150.000000,105923.000000,13.358761
sample09087,sbj3029,0,yes,b_cell,7524.000000,109362.000000,6.879903
sample09102,sbj3034,0,yes,b_cell,9739.000000,99577.000000,9.780371
sample09114,sbj3038,0,yes,b_cell,9817.000000,97992.000000,10.018165
sample09129,sbj3043,0,yes,b_cell,12474.000000,93627.000000,13.323080
sample09144,sbj3048,0,yes,b_cell,7135.000000,105316.000000,6.774849
sample09162,sbj3054,0,yes,b_cell,16203.000000,103535.000000,15.649780
sample09171,sbj3057,0,yes,b_cell,12511.000000,102086.000000,12.255353
sample09180,sbj3060,0,yes,b_cell,10962.000000,100004.000000,10.961562
sample09198,sbj3066,0,yes,b_cell,6980.000000,93220.000000,7.487664
sample09243,sbj3081,0,yes,b_cell,8869.000000,98369.000000,9.016052
sample09300,sbj3100,0,yes,b_cell,5660.000000,93220.000000,6.071658
sample09390,sbj3130,0,yes,b_cell,15844.000000,97441.000000,16.260096
sample09393,sbj3131,0,yes,b_cell,11751.000000,92704.000000,12.675828
sample09441,sbj3147,0,yes,b_cell,4103.000000,105526.000000,3.888141
sample09450,sbj3150,0,yes,b_cell,5826.000000,94727.000000,6.150306
sample09459,sbj3153,0,yes,b_cell,11368.000000,103625.000000,10.970326
sample09468,sbj3156,0,yes,b_cell,7021.000000,99283.000000,7.071704
sample09486,sbj3162,0,yes,b_cell,3449.000000,98707.000000,3.494180
sample09489,sbj3163,0,yes,b_cell,11091.000000,99158.000000,11.185179
sample09495,sbj3165,0,yes,b_cell,12616.000000,99837.000000,12.636598
sample09513,sbj3171,0,yes,b_cell,11199.000000,93793.000000,11.940123
sample09519,sbj3173,0,yes,b_cell,10152.000000,108729.000000,9.336975
sample09546,sbj3182,0,yes,b_cell,13751.000000,108849.000000,12.633097
sample09573,sbj3191,0,yes,b_cell,12073.000000,98810.000000,12.218399
sample09579,sbj3193,0,yes,b_cell,5569.000000,96921.000000,5.745917
sample09582,sbj3194,0,yes,b_cell,7932.000000,103807.000000,7.641103
sample09591,sbj3197,0,yes,b_cell,12826.000000,100056.000000,12.818821
sample09597,sbj3199,0,yes,b_cell,7748.000000,92646.000000,8.363016
sample09606,sbj3202,0,yes,b_cell,20370.000000,93652.000000,21.750737
sample09612,sbj3204,0,yes,b_cell,7892.000000,111085.000000,7.104470
sample09615,sbj3205,0,yes,b_cell,7765.000000,101628.000000,7.640611
sample09666,sbj3222,0,yes,b_cell,4577.000000,97899.000000,4.675227
sample09690,sbj3230,0,yes,b_cell,8773.000000,94874.000000,9.247001
sample09699,sbj3233,0,yes,b_cell,9919.000000,98949.000000,10.024356
sample09705,sbj3235,0,yes,b_cell,10836.000000,93684.000000,11.566543
sample09720,sbj3240,0,yes,b_cell,17339.000000,111070.000000,15.610876
sample09783,sbj3261,0,yes,b_cell,10194.000000,98229.000000,10.377791
sample09798,sbj3266,0,yes,b_cell,10587.000000,98599.000000,10.737431
sample09909,sbj3303,0,yes,b_cell,17669.000000,91730.000000,19.261964
sample09924,sbj3308,0,yes,b_cell,13978.000000,100470.000000,13.912611
sample09963,sbj3321,0,yes,b_cell,11820.000000,106462.000000,11.102553
sample09978,sbj3326,0,yes,b_cell,17879.000000,112015.000000,15.961255
sample09990,sbj3330,0,yes,b_cell,12556.000000,108247.000000,11.599398
sample09996,sbj3332,0,yes,b_cell,11762.000000,104950.000000,11.207242
sample10038,sbj3346,0,yes,b_cell,5178.000000,110897.000000,4.669198
sample10041,sbj3347,0,yes,b_cell,7620.000000,100869.000000,7.554353
sample10095,sbj3365,0,yes,b_cell,8128.000000,96512.000000,8.421751
sample10116,sbj3372,0,yes,b_cell,10448.000000,110235.000000,9.477934
sample10125,sbj3375,0,yes,b_cell,13310.000000,106638.000000,12.481479
sample10128,sbj3376,0,yes,b_cell,7272.000000,98648.000000,7.371665
sample10131,sbj3377,0,yes,b_cell,11538.000000,98762.000000,11.682631
sample10140,sbj3380,0,yes,b_cell,9788.000000,96863.000000,10.104994
sample10179,sbj3393,0,yes,b_cell,12951.000000,111530.000000,11.612122
sample10197,sbj3399,0,yes,b_cell,6793.000000,102560.000000,6.623440
sample10233,sbj3411,0,yes,b_cell,7951.000000,98101.000000,8.104912
sample10248,sbj3416,0,yes,b_cell,7016.000000,96708.000000,7.254829
sample10323,sbj3441,0,yes,b_cell,7308.000000,98678.000000,7.405906
sample10335,sbj3445,0,yes,b_cell,8020.000000,102803.000000,7.801329
sample10341,sbj3447,0,yes,b_cell,10206.000000,115465.000000,8.839042
sample10347,sbj3449,0,yes,b_cell,7331.000000,106585.000000,6.878079
sample10356,sbj3452,0,yes,b_cell,10258.000000,104752.000000,9.792653
sample10383,sbj3461,0,yes,b_cell,11807.000000,110316.000000,10.702890
sample10386,sbj3462,0,yes,b_cell,5506.000000,94152.000000,5.847990
sample10392,sbj3464,0,yes,b_cell,10186.000000,95952.000000,10.615725
sample10410,sbj3470,0,yes,b_cell,11141.000000,101295.000000,10.998569
sample10443,sbj3481,0,yes,b_cell,7768.000000,100163.000000,7.755359
sample10491,sbj3497,0,yes,b_cell,13172.000000,100705.000000,13.079787
sample00000,sbj000,0,no,cd4_t_cell,20491.000000,93214.000000,21.982749
sample00006,sbj002,0,no,cd4_t_cell,28319.000000,99774.000000,28.383146
sample00009,sbj003,0,no,cd4_t_cell,21097.000000,95821.000000,22.017094
sample00072,sbj024,0,no,cd4_t_cell,22481.000000,93613.000000,24.014827
sample00081,sbj027,0,no,cd4_t_cell,31245.000000,93286.000000,33.493772
sample00123,sbj041,0,no,cd4_t_cell,29889.000000,101404.000000,29.475169
sample00153,sbj051,0,no,cd4_t_cell,30009.000000,105449.000000,28.458307
sample00174,sbj058,0,no,cd4_t_cell,32965.000000,97817.000000,33.700686
sample00186,sbj062,0,no,cd4_t_cell,21131.000000,99781.000000,21.177378
sample00189,sbj063,0,no,cd4_t_cell,32117.000000,92269.000000,34.808007
sample00213,sbj071,0,no,cd4_t_cell,33550.000000,98753.000000,33.973651
sample00243,sbj081,0,no,cd4_t_cell,32382.000000,98635.000000,32.830131
sample00249,sbj083,0,no,cd4_t_cell,23790.000000,98477.000000,24.157925
sample00285,sbj095,0,no,cd4_t_cell,32219.000000,90622.000000,35.553177
sample00402,sbj1030,0,no,cd4_t_cell,27551.000000,91145.000000,30.227659
sample00411,sbj1033,0,no,cd4_t_cell,40919.000000,107991.000000,37.891121
sample00414,sbj1034,0,no,cd4_t_cell,24241.000000,92653.000000,26.163211
sample00435,sbj1040,0,no,cd4_t_cell,31050.000000,107516.000000,28.879423
sample00459,sbj1048,0,no,cd4_t_cell,30699.000000,96487.000000,31.816721
sample00465,sbj105,0,no,cd4_t_cell,25627.000000,93629.000000,27.370793
sample00471,sbj1051,0,no,cd4_t_cell,38463.000000,106307.000000,36.181061
sample00480,sbj1054,0,no,cd4_t_cell,27870.000000,102557.000000,27.175132
sample00492,sbj1058,0,no,cd4_t_cell,26382.000000,90452.000000,29.166851
sample00513,sbj1064,0,no,cd4_t_cell,28149.000000,87506.000000,32.168080
sample00516,sbj1065,0,no,cd4_t_cell,30109.000000,104517.000000,28.807754
sample00522,sbj1067,0,no,cd4_t_cell,27176.000000,91990.000000,29.542342
sample00534,sbj1070,0,no,cd4_t_cell,29217.000000,96652.000000,30.229069
sample00585,sbj1086,0,no,cd4_t_cell,32609.000000,95591.000000,34.113044
sample00588,sbj1087,0,no,cd4_t_cell,25098.000000,96138.000000,26.106222
sample00624,sbj1098,0,no,cd4_t_cell,35858.000000,102890.000000,34.850812
sample00639,sbj1102,0,no,cd4_t_cell,30509.000000,102419.000000,29.788418
sample00693,sbj1119,0,no,cd4_t_cell,29633.000000,93222.000000,31.787561
sample00696,sbj112,0,no,cd4_t_cell,24577.000000,92187.000000,26.659941
sample00717,sbj1126,0,no,cd4_t_cell,26134.000000,105860.000000,24.687323
sample00726,sbj1129,0,no,cd4_t_cell,28978.000000,104384.000000,27.760960
sample00756,sbj1138,0,no,cd4_t_cell,28215.000000,90530.000000,31.166464
sample00798,sbj1150,0,no,cd4_t_cell,27147.000000,106003.000000,25.609653
sample00807,sbj1153,0,no,cd4_t_cell,28845.000000,96519.000000,29.885308
sample00849,sbj1166,0,no,cd4_t_cell,28646.000000,90828.000000,31.538733
sample00867,sbj1171,0,no,cd4_t_cell,29742.000000,96336.000000,30.873194
sample00918,sbj1187,0,no,cd4_t_cell,30723.000000,104179.000000,29.490588
sample00966,sbj1201,0,no,cd4_t_cell,25643.000000,91242.000000,28.104382
sample00987,sbj1208,0,no,cd4_t_cell,19570.000000,90006.000000,21.742995
sample01011,sbj1215,0,no,cd4_t_cell,22411.000000,94131.000000,23.808310
sample01023,sbj1219,0,no,cd4_t_cell,22706.000000,91957.000000,24.691976
sample01041,sbj1224,0,no,cd4_t_cell,24110.000000,93808.000000,25.701433
sample01053,sbj1228,0,no,cd4_t_cell,29470.000000,103410.000000,28.498211
sample01062,sbj1230,0,no,cd4_t_cell,30432.000000,95146.000000,31.984529
sample01110,sbj1245,0,no,cd4_t_cell,31985.000000,103592.000000,30.875936
sample01134,sbj1252,0,no,cd4_t_cell,31722.000000,95780.000000,33.119649
sample01137,sbj1253,0,no,cd4_t_cell,34850.000000,88196.000000,39.514264
sample01143,sbj1255,0,no,cd4_t_cell,26179.000000,106564.000000,24.566458
sample01152,sbj1258,0,no,cd4_t_cell,33379.000000,103219.000000,32.338039
sample01161,sbj1260,0,no,cd4_t_cell,25710.000000,107354.000000,23.948805
sample01218,sbj1278,0,no,cd4_t_cell,33781.000000,106596.000000,31.690683
sample01227,sbj1280,0,no,cd4_t_cell,20628.000000,91231.000000,22.610735
sample01230,sbj1281,0,no,cd4_t_cell,27521.000000,94586.000000,29.096272
sample01242,sbj1285,0,no,cd4_t_cell,30720.000000,99421.000000,30.898905
sample01314,sbj1307,0,no,cd4_t_cell,28906.000000,104820.000000,27.576798
sample01344,sbj1316,0,no,cd4_t_cell,34379.000000,104192.000000,32.995815
sample01386,sbj1329,0,no,cd4_t_cell,38674.000000,104505.000000,37.006842
sample01395,sbj1331,0,no,cd4_t_cell,35166.000000,102167.000000,34.420116
sample01413,sbj1337,0,no,cd4_t_cell,26043.000000,89999.000000,28.936988
sample01431,sbj1342,0,no,cd4_t_cell,20433.000000,99852.000000,20.463286
sample01542,sbj1376,0,no,cd4_t_cell,33525.000000,104258.000000,32.155806
sample01554,sbj138,0,no,cd4_t_cell,27029.000000,97073.000000,27.843994
sample01587,sbj139,0,no,cd4_t_cell,31377.000000,92133.000000,34.056201
sample01611,sbj1397,0,no,cd4_t_cell,27153.000000,92787.000000,29.263798
sample01674,sbj1416,0,no,cd4_t_cell,20884.000000,89661.000000,23.292178
sample01680,sbj1418,0,no,cd4_t_cell,28157.000000,107626.000000,26.161894
sample01686,sbj142,0,no,cd4_t_cell,33603.000000,95142.000000,35.318787
sample01701,sbj1424,0,no,cd4_t_cell,35239.000000,106915.000000,32.959828
sample01722,sbj1430,0,no,cd4_t_cell,30723.000000,89351.000000,34.384618
sample01752,sbj144,0,no,cd4_t_cell,29085.000000,98420.000000,29.551920
sample01767,sbj1444,0,no,cd4_t_cell,33664.000000,91733.000000,36.697808
sample01803,sbj1455,0,no,cd4_t_cell,27490.000000,102654.000000,26.779278
sample01809,sbj1457,0,no,cd4_t_cell,37302.000000,110191.000000,33.852129
sample01812,sbj1458,0,no,cd4_t_cell,25857.000000,102248.000000,25.288514
sample01848,sbj1469,0,no,cd4_t_cell,23001.000000,88513.000000,25.986013
sample01866,sbj1474,0,no,cd4_t_cell,31948.000000,98182.000000,32.539569
sample01875,sbj1477,0,no,cd4_t_cell,28294.000000,107243.000000,26.383074
sample01884,sbj148,0,no,cd4_t_cell,29819.000000,96652.000000,30.851922
sample01893,sbj1482,0,no,cd4_t_cell,28274.000000,106269.000000,26.606066
sample01914,sbj1489,0,no,cd4_t_cell,31386.000000,91149.000000,34.433729
sample01926,sbj1492,0,no,cd4_t_cell,32135.000000,88934.000000,36.133537
sample01932,sbj1494,0,no,cd4_t_cell,23615.000000,104946.000000,22.502049
sample01968,sbj156,0,no,cd4_t_cell,33697.000000,99717.000000,33.792633
sample01986,sbj162,0,no,cd4_t_cell,28835.000000,106905.000000,26.972546
sample01992,sbj164,0,no,cd4_t_cell,23606.000000,90333.000000,26.132200
sample02010,sbj170,0,no,cd4_t_cell,30835.000000,106400.000000,28.980263
sample02016,sbj172,0,no,cd4_t_cell,17583.000000,88207.000000,19.933792
sample02040,sbj180,0,no,cd4_t_cell,30841.000000,99240.000000,31.077187
sample02046,sbj182,0,no,cd4_t_cell,26901.000000,92197.000000,29.177739
sample02061,sbj187,0,no,cd4_t_cell,22703.000000,90973.000000,24.955756
sample02109,sbj203,0,no,cd4_t_cell,41167.000000,104432.000000,39.419910
sample02148,sbj216,0,no,cd4_t_cell,20652.000000,91053.000000,22.681296
sample02169,sbj223,0,no,cd4_t_cell,28741.000000,88926.000000,32.320131
sample02205,sbj235,0,no,cd4_t_cell,30240.000000,95117.000000,31.792424
sample02214,sbj238,0,no,cd4_t_cell,31790.000000,106559.000000,29.833238
sample02232,sbj244,0,no,cd4_t_cell,29112.000000,92718.000000,31.398434
sample02253,sbj251,0,no,cd4_t_cell,25862.000000,91785.000000,28.176717
sample02286,sbj262,0,no,cd4_t_cell,30173.000000,98841.000000,30.526806
sample02289,sbj263,0,no,cd4_t_cell,32293.000000,104180.000000,30.997312
sample02319,sbj273,0,no,cd4_t_cell,22390.000000,98720.000000,22.680308
sample02334,sbj278,0,no,cd4_t_cell,31818.000000,106361.000000,29.915100
sample02355,sbj285,0,no,cd4_t_cell,35707.000000,105730.000000,33.771872
sample02364,sbj288,0,no,cd4_t_cell,26794.000000,94421.000000,28.377162
sample02412,sbj304,0,no,cd4_t_cell,32504.000000,104992.000000,30.958549
sample02430,sbj310,0,no,cd4_t_cell,21701.000000,93030.000000,23.326884
sample02436,sbj312,0,no,cd4_t_cell,34899.000000,104153.000000,33.507436
sample02478,sbj326,0,no,cd4_t_cell,45057.000000,108880.000000,41.382256
sample02541,sbj347,0,no,cd4_t_cell,33247.000000,101032.000000,32.907396
sample02583,sbj361,0,no,cd4_t_cell,38822.000000,98705.000000,39.331341
sample02592,sbj364,0,no,cd4_t_cell,27473.000000,104251.000000,26.352745
sample02619,sbj373,0,no,cd4_t_cell,27333.000000,100603.000000,27.169170
sample02646,sbj382,0,no,cd4_t_cell,22089.000000,95983.000000,23.013450
sample02661,sbj387,0,no,cd4_t_cell,28805.000000,100085.000000,28.780537
sample02664,sbj388,0,no,cd4_t_cell,31050.000000,102240.000000,30.369718
sample02667,sbj389,0,no,cd4_t_cell,25090.000000,90006.000000,27.875919
sample02682,sbj394,0,no,cd4_t_cell,32336.000000,98716.000000,32.756595
sample02700,sbj400,0,no,cd4_t_cell,37751.000000,103298.000000,36.545722
sample02706,sbj402,0,no,cd4_t_cell,26574.000000,90279.000000,29.435417
sample02718,sbj406,0,no,cd4_t_cell,29492.000000,106103.000000,27.795633
sample02742,sbj414,0,no,cd4_t_cell,32051.000000,99692.000000,32.150022
sample02775,sbj425,0,no,cd4_t_cell,26570.000000,91733.000000,28.964495
sample02799,sbj433,0,no,cd4_t_cell,33626.000000,93723.000000,35.878066
sample02811,sbj437,0,no,cd4_t_cell,32263.000000,94253.000000,34.230210
sample02829,sbj443,0,no,cd4_t_cell,38782.000000,104439.000000,37.133638
sample02886,sbj462,0,no,cd4_t_cell,29358.000000,106909.000000,27.460738
sample02889,sbj463,0,no,cd4_t_cell,23019.000000,89416.000000,25.743715
sample02901,sbj467,0,no,cd4_t_cell,24847.000000,103714.000000,23.957229
sample02961,sbj487,0,no,cd4_t_cell,31398.000000,96418.000000,32.564459
sample02970,sbj490,0,no,cd4_t_cell,24439.000000,87698.000000,27.867226
sample03006,sbj502,0,no,cd4_t_cell,31176.000000,93776.000000,33.245180
sample03030,sbj510,0,no,cd4_t_cell,29559.000000,99163.000000,29.808497
sample03051,sbj517,0,no,cd4_t_cell,28334.000000,106203.000000,26.679096
sample03096,sbj532,0,no,cd4_t_cell,22997.000000,91974.000000,25.003805
sample03108,sbj536,0,no,cd4_t_cell,37636.000000,107745.000000,34.930623
sample03132,sbj544,0,no,cd4_t_cell,20019.000000,106250.000000,18.841412
sample03186,sbj562,0,no,cd4_t_cell,37324.000000,97251.000000,38.379040
sample03198,sbj566,0,no,cd4_t_cell,26941.000000,99060.000000,27.196648
sample03213,sbj571,0,no,cd4_t_cell,32153.000000,90324.000000,35.597405
sample03252,sbj584,0,no,cd4_t_cell,33044.000000,91889.000000,35.960779
sample03258,sbj586,0,no,cd4_t_cell,23207.000000,90418.000000,25.666350
sample03318,sbj606,0,no,cd4_t_cell,25983.000000,95758.000000,27.134025
sample03321,sbj607,0,no,cd4_t_cell,32268.000000,94459.000000,34.160853
sample03333,sbj611,0,no,cd4_t_cell,36418.000000,94834.000000,38.401839
sample03363,sbj621,0,no,cd4_t_cell,23909.000000,96317.000000,24.823240
sample03384,sbj628,0,no,cd4_t_cell,28126.000000,92427.000000,30.430502
sample03390,sbj630,0,no,cd4_t_cell,28500.000000,101806.000000,27.994421
sample03402,sbj634,0,no,cd4_t_cell,42311.000000,100780.000000,41.983528
sample03414,sbj638,0,no,cd4_t_cell,29964.000000,97437.000000,30.752178
sample03420,sbj640,0,no,cd4_t_cell,37529.000000,106923.000000,35.099090
sample03432,sbj644,0,no,cd4_t_cell,33865.000000,102989.000000,32.882152
sample03474,sbj658,0,no,cd4_t_cell,21555.000000,85892.000000,25.095469
sample03489,sbj663,0,no,cd4_t_cell,37416.000000,99048.000000,37.775624
sample03552,sbj684,0,no,cd4_t_cell,34471.000000,100140.000000,34.422808
sample03579,sbj693,0,no,cd4_t_cell,31895.000000,94336.000000,33.809998
sample03615,sbj705,0,no,cd4_t_cell,45271.000000,105140.000000,43.057828
sample03633,sbj711,0,no,cd4_t_cell,26976.000000,104367.000000,25.847251
sample03666,sbj722,0,no,cd4_t_cell,32061.000000,109178.000000,29.365806
sample03681,sbj727,0,no,cd4_t_cell,22926.000000,104448.000000,21.949678
sample03684,sbj728,0,no,cd4_t_cell,31690.000000,99728.000000,31.776432
sample03699,sbj733,0,no,cd4_t_cell,36186.000000,109333.000000,33.097052
sample03717,sbj739,0,no,cd4_t_cell,32817.000000,100140.000000,32.771120
sample03720,sbj740,0,no,cd4_t_cell,26500.000000,96822.000000,27.369813
sample03738,sbj746,0,no,cd4_t_cell,29047.000000,99380.000000,29.228215
sample03768,sbj756,0,no,cd4_t_cell,33959.000000,105144.000000,32.297611
sample03774,sbj758,0,no,cd4_t_cell,23716.000000,92446.000000,25.653895
sample03816,sbj772,0,no,cd4_t_cell,18892.000000,95927.000000,19.694142
sample03891,sbj797,0,no,cd4_t_cell,34196.000000,97613.000000,35.032219
sample03939,sbj813,0,no,cd4_t_cell,33427.000000,102721.000000,32.541545
sample03972,sbj824,0,no,cd4_t_cell,34357.000000,98388.000000,34.919909
sample04062,sbj854,0,no,cd4_t_cell,34226.000000,106367.000000,32.177273
sample04074,sbj858,0,no,cd4_t_cell,26662.000000,107019.000000,24.913333
sample04095,sbj865,0,no,cd4_t_cell,31688.000000,95659.000000,33.126000
sample04134,sbj878,0,no,cd4_t_cell,30780.000000,105105.000000,29.285001
sample04143,sbj881,0,no,cd4_t_cell,27762.000000,93555.000000,29.674523
sample04182,sbj894,0,no,cd4_t_cell,29859.000000,92478.000000,32.287679
sample04191,sbj897,0,no,cd4_t_cell,41172.000000,107726.000000,38.219186
sample04200,sbj900,0,no,cd4_t_cell,32906.000000,93506.000000,35.191325
sample04206,sbj902,0,no,cd4_t_cell,30690.000000,100917.000000,30.411130
sample04209,sbj903,0,no,cd4_t_cell,18715.000000,99267.000000,18.853194
sample04278,sbj926,0,no,cd4_t_cell,36619.000000,108453.000000,33.764857
sample04308,sbj936,0,no,cd4_t_cell,20556.000000,90602.000000,22.688241
sample04338,sbj946,0,no,cd4_t_cell,29275.000000,101281.000000,28.904730
sample04419,sbj973,0,no,cd4_t_cell,23150.000000,95058.000000,24.353553
sample04428,sbj976,0,no,cd4_t_cell,27285.000000,95446.000000,28.586845
sample04449,sbj983,0,no,cd4_t_cell,24358.000000,91892.000000,26.507204
sample07503,sbj2501,0,no,cd4_t_cell,27233.000000,94421.000000,28.842101
sample07515,sbj2505,0,no,cd4_t_cell,27210.000000,106161.000000,25.630881
sample07542,sbj2514,0,no,cd4_t_cell,33677.000000,105427.000000,31.943430
sample07620,sbj2540,0,no,cd4_t_cell,29439.000000,100603.000000,29.262547
sample07632,sbj2544,0,no,cd4_t_cell,28404.000000,101693.000000,27.931126
sample07644,sbj2548,0,no,cd4_t_cell,29065.000000,107169.000000,27.120716
sample07653,sbj2551,0,no,cd4_t_cell,24663.000000,89517.000000,27.551191
sample07674,sbj2558,0,no,cd4_t_cell,35211.000000,99767.000000,35.293233
sample07698,sbj2566,0,no,cd4_t_cell,30418.000000,104236.000000,29.181857
sample07710,sbj2570,0,no,cd4_t_cell,22357.000000,96856.000000,23.082721
sample07722,sbj2574,0,no,cd4_t_cell,29720.000000,92462.000000,32.142934
sample07734,sbj2578,0,no,cd4_t_cell,27195.000000,94162.000000,28.881077
sample07746,sbj2582,0,no,cd4_t_cell,30911.000000,90017.000000,34.339069
sample07809,sbj2603,0,no,cd4_t_cell,24340.000000,89140.000000,27.305362
sample07815,sbj2605,0,no,cd4_t_cell,28342.000000,93378.000000,30.351903
sample07818,sbj2606,0,no,cd4_t_cell,28592.000000,93245.000000,30.663306
sample07833,sbj2611,0,no,cd4_t_cell,27429.000000,111992.000000,24.491928
sample07872,sbj2624,0,no,cd4_t_cell,35033.000000,98198.000000,35.675879
sample07899,sbj2633,0,no,cd4_t_cell,27834.000000,104475.000000,26.641780
sample07926,sbj2642,0,no,cd4_t_cell,23921.000000,100923.000000,23.702228
sample07929,sbj2643,0,no,cd4_t_cell,28821.000000,100774.000000,28.599639
sample07932,sbj2644,0,no,cd4_t_cell,27774.000000,103601.000000,26.808622
sample07941,sbj2647,0,no,cd4_t_cell,37954.000000,99005.000000,38.335438
sample07959,sbj2653,0,no,cd4_t_cell,27696.000000,95855.000000,28.893641
sample08004,sbj2668,0,no,cd4_t_cell,27383.000000,96921.000000,28.252907
sample08013,sbj2671,0,no,cd4_t_cell,24995.000000,92516.000000,27.016948
sample08028,sbj2676,0,no,cd4_t_cell,29829.000000,98602.000000,30.251922
sample08049,sbj2683,0,no,cd4_t_cell,37284.000000,96874.000000,38.487107
sample08064,sbj2688,0,no,cd4_t_cell,29574.000000,102491.000000,28.855217
sample08076,sbj2692,0,no,cd4_t_cell,23037.000000,91607.000000,25.147642
sample08118,sbj2706,0,no,cd4_t_cell,24933.000000,89842.000000,27.752054
sample08133,sbj2711,0,no,cd4_t_cell,23202.000000,88963.000000,26.080505
sample08142,sbj2714,0,no,cd4_t_cell,24486.000000,96510.000000,25.371464
sample08160,sbj2720,0,no,cd4_t_cell,24920.000000,93278.000000,26.715839
sample08184,sbj2728,0,no,cd4_t_cell,27606.000000,89768.000000,30.752607
sample08214,sbj2738,0,no,cd4_t_cell,24678.000000,91927.000000,26.845214
sample08277,sbj2759,0,no,cd4_t_cell,32454.000000,106002.000000,30.616403
sample08304,sbj2768,0,no,cd4_t_cell,34954.000000,98462.000000,35.499990
sample08313,sbj2771,0,no,cd4_t_cell,26722.000000,90231.000000,29.615099
sample08325,sbj2775,0,no,cd4_t_cell,22453.000000,95548.000000,23.499184
sample08331,sbj2777,0,no,cd4_t_cell,27399.000000,95458.000000,28.702676
sample08334,sbj2778,0,no,cd4_t_cell,32344.000000,103149.000000,31.356581
sample08367,sbj2789,0,no,cd4_t_cell,28409.000000,106599.000000,26.650344
sample08397,sbj2799,0,no,cd4_t_cell,34004.000000,93462.000000,36.382701
sample08412,sbj2804,0,no,cd4_t_cell,26598.000000,96997.000000,27.421467
sample08415,sbj2805,0,no,cd4_t_cell,31168.000000,90906.000000,34.285966
sample08421,sbj2807,0,no,cd4_t_cell,33812.000000,101643.000000,33.265449
sample08433,sbj2811,0,no,cd4_t_cell,29904.000000,100980.000000,29.613785
sample08436,sbj2812,0,no,cd4_t_cell,27419.000000,104969.000000,26.121045
sample08439,sbj2813,0,no,cd4_t_cell,32452.000000,98306.000000,33.011210
sample08460,sbj2820,0,no,cd4_t_cell,29799.000000,93076.000000,32.015772
sample08472,sbj2824,0,no,cd4_t_cell,28340.000000,102545.000000,27.636647
sample08493,sbj2831,0,no,cd4_t_cell,28231.000000,103696.000000,27.224772
sample08502,sbj2834,0,no,cd4_t_cell,34914.000000,98042.000000,35.611269
sample08520,sbj2840,0,no,cd4_t_cell,35573.000000,91052.000000,39.068884
sample08526,sbj2842,0,no,cd4_t_cell,30555.000000,96688.000000,31.601647
sample08541,sbj2847,0,no,cd4_t_cell,26059.000000,104499.000000,24.937081
sample08556,sbj2852,0,no,cd4_t_cell,31751.000000,96285.000000,32.976061
sample08559,sbj2853,0,no,cd4_t_cell,29177.000000,102135.000000,28.567093
sample08589,sbj2863,0,no,cd4_t_cell,25069.000000,92824.000000,27.007024
sample08637,sbj2879,0,no,cd4_t_cell,30417.000000,97381.000000,31.235046
sample08661,sbj2887,0,no,cd4_t_cell,33223.000000,105659.000000,31.443606
sample08664,sbj2888,0,no,cd4_t_cell,30787.000000,97207.000000,31.671587
sample08712,sbj2904,0,no,cd4_t_cell,23458.000000,97530.000000,24.052087
sample08730,sbj2910,0,no,cd4_t_cell,29550.000000,98078.000000,30.129081
sample08751,sbj2917,0,no,cd4_t_cell,31327.000000,89812.000000,34.880640
sample08763,sbj2921,0,no,cd4_t_cell,41065.000000,117863.000000,34.841299
sample08805,sbj2935,0,no,cd4_t_cell,26503.000000,99268.000000,26.698433
sample08874,sbj2958,0,no,cd4_t_cell,29435.000000,106099.000000,27.742957
sample08919,sbj2973,0,no,cd4_t_cell,32298.000000,103699.000000,31.145913
sample08952,sbj2984,0,no,cd4_t_cell,34138.000000,99207.000000,34.410878
sample08958,sbj2986,0,no,cd4_t_cell,24314.000000,89938.000000,27.034179
sample08967,sbj2989,0,no,cd4_t_cell,29581.000000,97796.000000,30.247658
sample08976,sbj2992,0,no,cd4_t_cell,33537.000000,93449.000000,35.888024
sample09003,sbj3001,0,no,cd4_t_cell,21870.000000,97878.000000,22.344143
sample09030,sbj3010,0,no,cd4_t_cell,28290.000000,96877.000000,29.201978
sample09036,sbj3012,0,no,cd4_t_cell,24071.000000,94780.000000,25.396708
sample09039,sbj3013,0,no,cd4_t_cell,24252.000000,95939.000000,25.278562
sample09048,sbj3016,0,no,cd4_t_cell,29468.000000,93285.000000,31.589216
sample09060,sbj3020,0,no,cd4_t_cell,37498.000000,102499.000000,36.583772
sample09066,sbj3022,0,no,cd4_t_cell,35882.000000,105905.000000,33.881309
sample09150,sbj3050,0,no,cd4_t_cell,27188.000000,91819.000000,29.610429
sample09159,sbj3053,0,no,cd4_t_cell,21798.000000,91144.000000,23.916001
sample09183,sbj3061,0,no,cd4_t_cell,34616.000000,107988.000000,32.055414
sample09213,sbj3071,0,no,cd4_t_cell,19554.000000,95709.000000,20.430681
sample09246,sbj3082,0,no,cd4_t_cell,28918.000000,109101.000000,26.505715
sample09249,sbj3083,0,no,cd4_t_cell,28031.000000,103352.000000,27.121875
sample09288,sbj3096,0,no,cd4_t_cell,26110.000000,95077.000000,27.461952
sample09294,sbj3098,0,no,cd4_t_cell,26721.000000,90486.000000,29.530535
sample09303,sbj3101,0,no,cd4_t_cell,31457.000000,95720.000000,32.863560
sample09354,sbj3118,0,no,cd4_t_cell,27290.000000,93620.000000,29.149754
sample09363,sbj3121,0,no,cd4_t_cell,25080.000000,87701.000000,28.597165
sample09378,sbj3126,0,no,cd4_t_cell,31203.000000,101477.000000,30.748840
sample09384,sbj3128,0,no,cd4_t_cell,28286.000000,103895.000000,27.225564
sample09387,sbj3129,0,no,cd4_t_cell,37975.000000,93376.000000,40.668908
sample09414,sbj3138,0,no,cd4_t_cell,33253.000000,95096.000000,34.967822
sample09420,sbj3140,0,no,cd4_t_cell,27224.000000,107688.000000,25.280440
sample09429,sbj3143,0,no,cd4_t_cell,26415.000000,90919.000000,29.053333
sample09432,sbj3144,0,no,cd4_t_cell,28369.000000,93829.000000,30.234789
sample09477,sbj3159,0,no,cd4_t_cell,28296.000000,99593.000000,28.411635
sample09483,sbj3161,0,no,cd4_t_cell,30723.000000,98796.000000,31.097413
sample09492,sbj3164,0,no,cd4_t_cell,24756.000000,95832.000000,25.832707
sample09555,sbj3185,0,no,cd4_t_cell,28744.000000,101579.000000,28.297187
sample09567,sbj3189,0,no,cd4_t_cell,37701.000000,108000.000000,34.908333
sample09585,sbj3195,0,no,cd4_t_cell,38445.000000,101605.000000,37.837705
sample09588,sbj3196,0,no,cd4_t_cell,23554.000000,94591.000000,24.900889
sample09627,sbj3209,0,no,cd4_t_cell,23370.000000,87984.000000,26.561648
sample09657,sbj3219,0,no,cd4_t_cell,35917.000000,98768.000000,36.365017
sample09672,sbj3224,0,no,cd4_t_cell,32595.000000,92606.000000,35.197503
sample09744,sbj3248,0,no,cd4_t_cell,17829.000000,93379.000000,19.093158
sample09756,sbj3252,0,no,cd4_t_cell,31469.000000,89579.000000,35.129885
sample09762,sbj3254,0,no,cd4_t_cell,27326.000000,107288.000000,25.469764
sample09813,sbj3271,0,no,cd4_t_cell,20604.000000,101625.000000,20.274539
sample09816,sbj3272,0,no,cd4_t_cell,28157.000000,101829.000000,27.651258
sample09870,sbj3290,0,no,cd4_t_cell,35763.000000,103387.000000,34.591390
sample09873,sbj3291,0,no,cd4_t_cell,32207.000000,104601.000000,30.790337
sample09894,sbj3298,0,no,cd4_t_cell,33094.000000,101737.000000,32.528972
sample09900,sbj3300,0,no,cd4_t_cell,24902.000000,102602.000000,24.270482
sample09903,sbj3301,0,no,cd4_t_cell,28722.000000,97759.000000,29.380415
sample09912,sbj3304,0,no,cd4_t_cell,20121.000000,94706.000000,21.245750
sample09918,sbj3306,0,no,cd4_t_cell,35764.000000,92400.000000,38.705628
sample09987,sbj3329,0,no,cd4_t_cell,26732.000000,94260.000000,28.359856
sample09999,sbj3333,0,no,cd4_t_cell,26510.000000,95291.000000,27.820046
sample10068,sbj3356,0,no,cd4_t_cell,24795.000000,92390.000000,26.837320
sample10089,sbj3363,0,no,cd4_t_cell,26054.000000,90081.000000,28.922858
sample10191,sbj3397,0,no,cd4_t_cell,27601.000000,88718.000000,31.110936
sample10230,sbj3410,0,no,cd4_t_cell,23886.000000,98944.000000,24.140928
sample10251,sbj3417,0,no,cd4_t_cell,31057.000000,99899.000000,31.088399
sample10266,sbj3422,0,no,cd4_t_cell,28092.000000,108427.000000,25.908676
sample10305,sbj3435,0,no,cd4_t_cell,29052.000000,93427.000000,31.095936
sample10320,sbj3440,0,no,cd4_t_cell,25320.000000,89731.000000,28.217673
sample10395,sbj3465,0,no,cd4_t_cell,30304.000000,91389.000000,33.159352
sample10416,sbj3472,0,no,cd4_t_cell,30651.000000,102589.000000,29.877472
sample10455,sbj3485,0,no,cd4_t_cell,27568.000000,88396.000000,31.186932
sample10470,sbj3490,0,no,cd4_t_cell,31740.000000,107444.000000,29.540970
sample10473,sbj3491,0,no,cd4_t_cell,36446.000000,92339.000000,39.469780
sample00024,sbj008,0,yes,cd4_t_cell,35270.000000,99969.000000,35.280937
sample00060,sbj020,0,yes,cd4_t_cell,38817.000000,103534.000000,37.492032
sample00066,sbj022,0,yes,cd4_t_cell,37350.000000,107284.000000,34.814138
sample00075,sbj025,0,yes,cd4_t_cell,33149.000000,104711.000000,31.657610
sample00141,sbj047,0,yes,cd4_t_cell,35662.000000,103696.000000,34.390912
sample00165,sbj055,0,yes,cd4_t_cell,35119.000000,111486.000000,31.500816
sample00168,sbj056,0,yes,cd4_t_cell,30370.000000,102412.000000,29.654728
sample00261,sbj087,0,yes,cd4_t_cell,27324.000000,110763.000000,24.668888
sample00324,sbj1007,0,yes,cd4_t_cell,21022.000000,107593.000000,19.538446
sample00327,sbj1008,0,yes,cd4_t_cell,30162.000000,98632.000000,30.580339
sample00333,sbj101,0,yes,cd4_t_cell,33510.000000,97084.000000,34.516501
sample00369,sbj1020,0,yes,cd4_t_cell,26472.000000,99288.000000,26.661832
sample00378,sbj1023,0,yes,cd4_t_cell,29791.000000,101500.000000,29.350739
sample00426,sbj1038,0,yes,cd4_t_cell,27993.000000,96997.000000,28.859655
sample00447,sbj1044,0,yes,cd4_t_cell,26801.000000,98729.000000,27.146026
sample00483,sbj1055,0,yes,cd4_t_cell,30255.000000,94926.000000,31.872195
sample00498,sbj106,0,yes,cd4_t_cell,29642.000000,109114.000000,27.166083
sample00510,sbj1063,0,yes,cd4_t_cell,39401.000000,101519.000000,38.811454
sample00537,sbj1071,0,yes,cd4_t_cell,23747.000000,97491.000000,24.358146
sample00543,sbj1073,0,yes,cd4_t_cell,26528.000000,97856.000000,27.109222
sample00555,sbj1077,0,yes,cd4_t_cell,21371.000000,102840.000000,20.780825
sample00564,sbj108,0,yes,cd4_t_cell,31389.000000,109932.000000,28.553106
sample00621,sbj1097,0,yes,cd4_t_cell,32090.000000,101259.000000,31.691010
sample00630,sbj110,0,yes,cd4_t_cell,34584.000000,98871.000000,34.978912
sample00660,sbj1109,0,yes,cd4_t_cell,23984.000000,111393.000000,21.530976
sample00675,sbj1113,0,yes,cd4_t_cell,42725.000000,109268.000000,39.101109
sample00714,sbj1125,0,yes,cd4_t_cell,29879.000000,106122.000000,28.155331
sample00753,sbj1137,0,yes,cd4_t_cell,36125.000000,104062.000000,34.714882
sample00825,sbj1159,0,yes,cd4_t_cell,28430.000000,94793.000000,29.991666
sample00840,sbj1163,0,yes,cd4_t_cell,43149.000000,114168.000000,37.794303
sample00861,sbj117,0,yes,cd4_t_cell,23672.000000,97470.000000,24.286447
sample00873,sbj1173,0,yes,cd4_t_cell,23954.000000,103428.000000,23.160073
sample00876,sbj1174,0,yes,cd4_t_cell,22070.000000,92437.000000,23.875721
sample00888,sbj1178,0,yes,cd4_t_cell,37758.000000,99206.000000,38.060198
sample00894,sbj118,0,yes,cd4_t_cell,27334.000000,97282.000000,28.097695
sample00912,sbj1185,0,yes,cd4_t_cell,21479.000000,103332.000000,20.786397
sample00915,sbj1186,0,yes,cd4_t_cell,20815.000000,107102.000000,19.434744
sample00939,sbj1193,0,yes,cd4_t_cell,26245.000000,100572.000000,26.095732
sample01008,sbj1214,0,yes,cd4_t_cell,24865.000000,94275.000000,26.374967
sample01017,sbj1217,0,yes,cd4_t_cell,34956.000000,98665.000000,35.428977
sample01068,sbj1232,0,yes,cd4_t_cell,29019.000000,96734.000000,29.998759
sample01074,sbj1234,0,yes,cd4_t_cell,29138.000000,96578.000000,30.170432
sample01080,sbj1236,0,yes,cd4_t_cell,30756.000000,110681.000000,27.787967
sample01092,sbj124,0,yes,cd4_t_cell,33046.000000,106832.000000,30.932679
sample01104,sbj1243,0,yes,cd4_t_cell,47434.000000,101076.000000,46.929043
sample01128,sbj1250,0,yes,cd4_t_cell,18249.000000,95345.000000,19.139965
sample01170,sbj1263,0,yes,cd4_t_cell,30750.000000,96333.000000,31.920526
sample01245,sbj1286,0,yes,cd4_t_cell,27385.000000,93678.000000,29.233118
sample01248,sbj1287,0,yes,cd4_t_cell,32352.000000,108830.000000,29.727097
sample01260,sbj1290,0,yes,cd4_t_cell,32994.000000,101082.000000,32.640826
sample01266,sbj1292,0,yes,cd4_t_cell,31942.000000,107789.000000,29.633822
sample01284,sbj1298,0,yes,cd4_t_cell,38134.000000,107710.000000,35.404326
sample01311,sbj1306,0,yes,cd4_t_cell,29786.000000,96091.000000,30.997700
sample01326,sbj1310,0,yes,cd4_t_cell,28799.000000,101755.000000,28.302295
sample01329,sbj1311,0,yes,cd4_t_cell,26029.000000,93643.000000,27.795991
sample01332,sbj1312,0,yes,cd4_t_cell,38826.000000,112389.000000,34.546085
sample01359,sbj1320,0,yes,cd4_t_cell,28961.000000,110209.000000,26.278253
sample01377,sbj1326,0,yes,cd4_t_cell,24728.000000,95166.000000,25.984070
sample01419,sbj1339,0,yes,cd4_t_cell,30335.000000,98213.000000,30.886950
sample01422,sbj134,0,yes,cd4_t_cell,25114.000000,94401.000000,26.603532
sample01440,sbj1345,0,yes,cd4_t_cell,35723.000000,98080.000000,36.422308
sample01458,sbj1350,0,yes,cd4_t_cell,33172.000000,100331.000000,33.062563
sample01491,sbj1360,0,yes,cd4_t_cell,42068.000000,106009.000000,39.683423
sample01497,sbj1362,0,yes,cd4_t_cell,24995.000000,97367.000000,25.670915
sample01533,sbj1373,0,yes,cd4_t_cell,20981.000000,93333.000000,22.479723
sample01536,sbj1374,0,yes,cd4_t_cell,31346.000000,106219.000000,29.510728
sample01545,sbj1377,0,yes,cd4_t_cell,27587.000000,102282.000000,26.971510
sample01602,sbj1394,0,yes,cd4_t_cell,27412.000000,98385.000000,27.861971
sample01620,sbj140,0,yes,cd4_t_cell,27014.000000,95869.000000,28.178035
sample01635,sbj1404,0,yes,cd4_t_cell,22817.000000,99800.000000,22.862725
sample01638,sbj1405,0,yes,cd4_t_cell,33782.000000,102848.000000,32.846531
sample01665,sbj1413,0,yes,cd4_t_cell,41151.000000,107148.000000,38.405757
sample01683,sbj1419,0,yes,cd4_t_cell,19749.000000,98395.000000,20.071142
sample01692,sbj1421,0,yes,cd4_t_cell,29749.000000,92546.000000,32.145095
sample01719,sbj143,0,yes,cd4_t_cell,27132.000000,96224.000000,28.196708
sample01728,sbj1432,0,yes,cd4_t_cell,42926.000000,111032.000000,38.660927
sample01755,sbj1440,0,yes,cd4_t_cell,28707.000000,100250.000000,28.635411
sample01785,sbj145,0,yes,cd4_t_cell,30017.000000,109249.000000,27.475766
sample01815,sbj1459,0,yes,cd4_t_cell,29082.000000,98810.000000,29.432244
sample01824,sbj1461,0,yes,cd4_t_cell,35513.000000,102253.000000,34.730521
sample01830,sbj1463,0,yes,cd4_t_cell,31524.000000,97955.000000,32.182124
sample01833,sbj1464,0,yes,cd4_t_cell,33206.000000,93091.000000,35.670473
sample01881,sbj1479,0,yes,cd4_t_cell,30273.000000,106943.000000,28.307603
sample01899,sbj1484,0,yes,cd4_t_cell,35953.000000,99785.000000,36.030466
sample01962,sbj154,0,yes,cd4_t_cell,31801.000000,99110.000000,32.086570
sample02037,sbj179,0,yes,cd4_t_cell,32828.000000,108493.000000,30.258173
sample02055,sbj185,0,yes,cd4_t_cell,30387.000000,108273.000000,28.065169
sample02064,sbj188,0,yes,cd4_t_cell,32780.000000,99458.000000,32.958636
sample02178,sbj226,0,yes,cd4_t_cell,27473.000000,111328.000000,24.677529
sample02196,sbj232,0,yes,cd4_t_cell,29923.000000,108000.000000,27.706481
sample02235,sbj245,0,yes,cd4_t_cell,22749.000000,110676.000000,20.554592
sample02244,sbj248,0,yes,cd4_t_cell,28722.000000,98219.000000,29.242815
sample02262,sbj254,0,yes,cd4_t_cell,36418.000000,96318.000000,37.810170
sample02340,sbj280,0,yes,cd4_t_cell,24232.000000,97746.000000,24.790784
sample02388,sbj296,0,yes,cd4_t_cell,16800.000000,102063.000000,16.460422
sample02439,sbj313,0,yes,cd4_t_cell,31013.000000,105872.000000,29.292920
sample02454,sbj318,0,yes,cd4_t_cell,28847.000000,101990.000000,28.284146
sample02466,sbj322,0,yes,cd4_t_cell,25852.000000,93892.000000,27.533762
sample02481,sbj327,0,yes,cd4_t_cell,41188.000000,98315.000000,41.893912
sample02490,sbj330,0,yes,cd4_t_cell,27100.000000,101823.000000,26.614812
sample02499,sbj333,0,yes,cd4_t_cell,32318.000000,94449.000000,34.217408
sample02517,sbj339,0,yes,cd4_t_cell,39557.000000,91960.000000,43.015441
sample02562,sbj354,0,yes,cd4_t_cell,35608.000000,102783.000000,34.643861
sample02574,sbj358,0,yes,cd4_t_cell,34048.000000,91843.000000,37.071960
sample02586,sbj362,0,yes,cd4_t_cell,41587.000000,110607.000000,37.598886
sample02589,sbj363,0,yes,cd4_t_cell,25968.000000,104080.000000,24.950038
sample02625,sbj375,0,yes,cd4_t_cell,43415.000000,102515.000000,42.349900
sample02640,sbj380,0,yes,cd4_t_cell,40139.000000,104000.000000,38.595192
sample02655,sbj385,0,yes,cd4_t_cell,31614.000000,105004.000000,30.107424
sample02673,sbj391,0,yes,cd4_t_cell,29525.000000,95603.000000,30.882922
sample02736,sbj412,0,yes,cd4_t_cell,28400.000000,109832.000000,25.857674
sample02754,sbj418,0,yes,cd4_t_cell,33344.000000,96294.000000,34.627287
sample02760,sbj420,0,yes,cd4_t_cell,25413.000000,94578.000000,26.869885
sample02766,sbj422,0,yes,cd4_t_cell,35038.000000,95992.000000,36.500958
sample02772,sbj424,0,yes,cd4_t_cell,43201.000000,107219.000000,40.292299
sample02781,sbj427,0,yes,cd4_t_cell,32028.000000,100405.000000,31.898810
sample02808,sbj436,0,yes,cd4_t_cell,25614.000000,103811.000000,24.673686
sample02823,sbj441,0,yes,cd4_t_cell,34097.000000,104524.000000,32.621216
sample02838,sbj446,0,yes,cd4_t_cell,36994.000000,106495.000000,34.737781
sample02847,sbj449,0,yes,cd4_t_cell,26444.000000,99912.000000,26.467291
sample02856,sbj452,0,yes,cd4_t_cell,34104.000000,96230.000000,35.440091
sample02874,sbj458,0,yes,cd4_t_cell,28585.000000,104429.000000,27.372665
sample02910,sbj470,0,yes,cd4_t_cell,29673.000000,100447.000000,29.540952
sample02916,sbj472,0,yes,cd4_t_cell,32456.000000,101311.000000,32.036008
sample02925,sbj475,0,yes,cd4_t_cell,36417.000000,108188.000000,33.660850
sample02928,sbj476,0,yes,cd4_t_cell,28953.000000,92703.000000,31.231999
sample02976,sbj492,0,yes,cd4_t_cell,40454.000000,110894.000000,36.479882
sample02991,sbj497,0,yes,cd4_t_cell,29123.000000,105976.000000,27.480750
sample02997,sbj499,0,yes,cd4_t_cell,27530.000000,110003.000000,25.026590
sample03000,sbj500,0,yes,cd4_t_cell,29864.000000,104910.000000,28.466304
sample03021,sbj507,0,yes,cd4_t_cell,33014.000000,98326.000000,33.576063
sample03024,sbj508,0,yes,cd4_t_cell,23854.000000,97642.000000,24.430061
sample03039,sbj513,0,yes,cd4_t_cell,42034.000000,102122.000000,41.160573
sample03066,sbj522,0,yes,cd4_t_cell,33576.000000,100939.000000,33.263654
sample03093,sbj531,0,yes,cd4_t_cell,30780.000000,109414.000000,28.131683
sample03120,sbj540,0,yes,cd4_t_cell,27660.000000,108504.000000,25.492148
sample03159,sbj553,0,yes,cd4_t_cell,45909.000000,100156.000000,45.837494
sample03183,sbj561,0,yes,cd4_t_cell,37342.000000,112003.000000,33.340178
sample03195,sbj565,0,yes,cd4_t_cell,32009.000000,100362.000000,31.893545
sample03246,sbj582,0,yes,cd4_t_cell,35436.000000,99252.000000,35.703059
sample03264,sbj588,0,yes,cd4_t_cell,30366.000000,110609.000000,27.453462
sample03267,sbj589,0,yes,cd4_t_cell,26908.000000,102753.000000,26.187070
sample03273,sbj591,0,yes,cd4_t_cell,36992.000000,112483.000000,32.886747
sample03285,sbj595,0,yes,cd4_t_cell,31269.000000,99379.000000,31.464394
sample03297,sbj599,0,yes,cd4_t_cell,39044.000000,111772.000000,34.931826
sample03303,sbj601,0,yes,cd4_t_cell,28944.000000,100668.000000,28.751937
sample03375,sbj625,0,yes,cd4_t_cell,26803.000000,98832.000000,27.119759
sample03381,sbj627,0,yes,cd4_t_cell,28966.000000,93872.000000,30.856912
sample03405,sbj635,0,yes,cd4_t_cell,30914.000000,110869.000000,27.883358
sample03453,sbj651,0,yes,cd4_t_cell,16381.000000,92222.000000,17.762573
sample03465,sbj655,0,yes,cd4_t_cell,29079.000000,101506.000000,28.647568
sample03486,sbj662,0,yes,cd4_t_cell,29572.000000,96558.000000,30.626152
sample03492,sbj664,0,yes,cd4_t_cell,39589.000000,109345.000000,36.205588
sample03531,sbj677,0,yes,cd4_t_cell,29889.000000,94026.000000,31.788016
sample03576,sbj692,0,yes,cd4_t_cell,26011.000000,100605.000000,25.854580
sample03588,sbj696,0,yes,cd4_t_cell,27673.000000,95193.000000,29.070415
sample03591,sbj697,0,yes,cd4_t_cell,32400.000000,99409.000000,32.592622
sample03621,sbj707,0,yes,cd4_t_cell,28177.000000,95262.000000,29.578426
sample03624,sbj708,0,yes,cd4_t_cell,44508.000000,105323.000000,42.258576
sample03747,sbj749,0,yes,cd4_t_cell,24237.000000,101150.000000,23.961443
sample03765,sbj755,0,yes,cd4_t_cell,27174.000000,99275.000000,27.372450
sample03789,sbj763,0,yes,cd4_t_cell,23300.000000,99716.000000,23.366360
sample03804,sbj768,0,yes,cd4_t_cell,23793.000000,102491.000000,23.214721
sample03819,sbj773,0,yes,cd4_t_cell,32376.000000,95384.000000,33.942800
sample03846,sbj782,0,yes,cd4_t_cell,30821.000000,100230.000000,30.750274
sample03852,sbj784,0,yes,cd4_t_cell,28174.000000,104555.000000,26.946583
sample03861,sbj787,0,yes,cd4_t_cell,36373.000000,107496.000000,33.836608
sample03885,sbj795,0,yes,cd4_t_cell,25730.000000,96267.000000,26.727747
sample03936,sbj812,0,yes,cd4_t_cell,30768.000000,94088.000000,32.701301
sample03942,sbj814,0,yes,cd4_t_cell,23495.000000,106061.000000,22.152346
sample03951,sbj817,0,yes,cd4_t_cell,35986.000000,113880.000000,31.599930
sample03963,sbj821,0,yes,cd4_t_cell,33453.000000,98638.000000,33.914921
sample03981,sbj827,0,yes,cd4_t_cell,26136.000000,92704.000000,28.192958
sample04014,sbj838,0,yes,cd4_t_cell,29069.000000,109698.000000,26.499116
sample04035,sbj845,0,yes,cd4_t_cell,21019.000000,109953.000000,19.116350
sample04047,sbj849,0,yes,cd4_t_cell,25905.000000,106037.000000,24.430152
sample04068,sbj856,0,yes,cd4_t_cell,26597.000000,93367.000000,28.486510
sample04128,sbj876,0,yes,cd4_t_cell,24888.000000,100689.000000,24.717695
sample04155,sbj885,0,yes,cd4_t_cell,27199.000000,99812.000000,27.250230
sample04170,sbj890,0,yes,cd4_t_cell,24712.000000,91576.000000,26.985236
sample04173,sbj891,0,yes,cd4_t_cell,33097.000000,109234.000000,30.299174
sample04188,sbj896,0,yes,cd4_t_cell,29648.000000,106532.000000,27.830136
sample04203,sbj901,0,yes,cd4_t_cell,24869.000000,100195.000000,24.820600
sample04224,sbj908,0,yes,cd4_t_cell,29807.000000,92946.000000,32.069158
sample04266,sbj922,0,yes,cd4_t_cell,22496.000000,94810.000000,23.727455
sample04284,sbj928,0,yes,cd4_t_cell,19977.000000,99569.000000,20.063474
sample04293,sbj931,0,yes,cd4_t_cell,17080.000000,99311.000000,17.198498
sample04296,sbj932,0,yes,cd4_t_cell,22877.000000,102827.000000,22.248048
sample04302,sbj934,0,yes,cd4_t_cell,41105.000000,106587.000000,38.564741
sample04347,sbj949,0,yes,cd4_t_cell,31115.000000,98892.000000,31.463617
sample04368,sbj956,0,yes,cd4_t_cell,23986.000000,105129.000000,22.815779
sample04377,sbj959,0,yes,cd4_t_cell,25869.000000,106749.000000,24.233482
sample04434,sbj978,0,yes,cd4_t_cell,37214.000000,93222.000000,39.919761
sample04461,sbj987,0,yes,cd4_t_cell,23428.000000,107057.000000,21.883669
sample04491,sbj997,0,yes,cd4_t_cell,31258.000000,100843.000000,30.996698
sample07506,sbj2502,0,yes,cd4_t_cell,43831.000000,110719.000000,39.587605
sample07527,sbj2509,0,yes,cd4_t_cell,34996.000000,108211.000000,32.340520
sample07551,sbj2517,0,yes,cd4_t_cell,27102.000000,94482.000000,28.684829
sample07560,sbj2520,0,yes,cd4_t_cell,32511.000000,112532.000000,28.890449
sample07575,sbj2525,0,yes,cd4_t_cell,35458.000000,107827.000000,32.884157
sample07587,sbj2529,0,yes,cd4_t_cell,34911.000000,107238.000000,32.554691
sample07593,sbj2531,0,yes,cd4_t_cell,23676.000000,109494.000000,21.623103
sample07614,sbj2538,0,yes,cd4_t_cell,34225.000000,105861.000000,32.330131
sample07647,sbj2549,0,yes,cd4_t_cell,34651.000000,94533.000000,36.654925
sample07665,sbj2555,0,yes,cd4_t_cell,23990.000000,92218.000000,26.014444
sample07725,sbj2575,0,yes,cd4_t_cell,57081.000000,118260.000000,48.267377
sample07761,sbj2587,0,yes,cd4_t_cell,29922.000000,95689.000000,31.270052
sample07800,sbj2600,0,yes,cd4_t_cell,35986.000000,105323.000000,34.167276
sample07821,sbj2607,0,yes,cd4_t_cell,24305.000000,93256.000000,26.062666
sample07824,sbj2608,0,yes,cd4_t_cell,26817.000000,105231.000000,25.483935
sample07827,sbj2609,0,yes,cd4_t_cell,27360.000000,106881.000000,25.598563
sample07836,sbj2612,0,yes,cd4_t_cell,39999.000000,111247.000000,35.955127
sample07905,sbj2635,0,yes,cd4_t_cell,30870.000000,93457.000000,33.031234
sample07968,sbj2656,0,yes,cd4_t_cell,29708.000000,105329.000000,28.204958
sample08040,sbj2680,0,yes,cd4_t_cell,32793.000000,110353.000000,29.716455
sample08055,sbj2685,0,yes,cd4_t_cell,40070.000000,99750.000000,40.170426
sample08085,sbj2695,0,yes,cd4_t_cell,29707.000000,111862.000000,26.556829
sample08121,sbj2707,0,yes,cd4_t_cell,33461.000000,92948.000000,35.999699
sample08127,sbj2709,0,yes,cd4_t_cell,35999.000000,103846.000000,34.665755
sample08151,sbj2717,0,yes,cd4_t_cell,26748.000000,93321.000000,28.662359
sample08166,sbj2722,0,yes,cd4_t_cell,27980.000000,105393.000000,26.548253
sample08178,sbj2726,0,yes,cd4_t_cell,30448.000000,96265.000000,31.629356
sample08199,sbj2733,0,yes,cd4_t_cell,27434.000000,96680.000000,28.376086
sample08247,sbj2749,0,yes,cd4_t_cell,31861.000000,109831.000000,29.009114
sample08274,sbj2758,0,yes,cd4_t_cell,35184.000000,108507.000000,32.425558
sample08289,sbj2763,0,yes,cd4_t_cell,29006.000000,105215.000000,27.568313
sample08298,sbj2766,0,yes,cd4_t_cell,29392.000000,100065.000000,29.372908
sample08328,sbj2776,0,yes,cd4_t_cell,36750.000000,95061.000000,38.659387
sample08337,sbj2779,0,yes,cd4_t_cell,36767.000000,104118.000000,35.312818
sample08349,sbj2783,0,yes,cd4_t_cell,36552.000000,110119.000000,33.193182
sample08352,sbj2784,0,yes,cd4_t_cell,32583.000000,102552.000000,31.772174
sample08361,sbj2787,0,yes,cd4_t_cell,40869.000000,108577.000000,37.640568
sample08388,sbj2796,0,yes,cd4_t_cell,34663.000000,104700.000000,33.106972
sample08403,sbj2801,0,yes,cd4_t_cell,26718.000000,104371.000000,25.599065
sample08442,sbj2814,0,yes,cd4_t_cell,28802.000000,99949.000000,28.816697
sample08466,sbj2822,0,yes,cd4_t_cell,39834.000000,105106.000000,37.898883
sample08481,sbj2827,0,yes,cd4_t_cell,19521.000000,93431.000000,20.893494
sample08568,sbj2856,0,yes,cd4_t_cell,27605.000000,114887.000000,24.027958
sample08583,sbj2861,0,yes,cd4_t_cell,27736.000000,98678.000000,28.107582
sample08595,sbj2865,0,yes,cd4_t_cell,25868.000000,107743.000000,24.008984
sample08610,sbj2870,0,yes,cd4_t_cell,33759.000000,92235.000000,36.601073
sample08655,sbj2885,0,yes,cd4_t_cell,28761.000000,100069.000000,28.741169
sample08685,sbj2895,0,yes,cd4_t_cell,25279.000000,109081.000000,23.174522
sample08706,sbj2902,0,yes,cd4_t_cell,35103.000000,100379.000000,34.970462
sample08718,sbj2906,0,yes,cd4_t_cell,33759.000000,95937.000000,35.188718
sample08724,sbj2908,0,yes,cd4_t_cell,23411.000000,97814.000000,23.934202
sample08769,sbj2923,0,yes,cd4_t_cell,33563.000000,99989.000000,33.566692
sample08781,sbj2927,0,yes,cd4_t_cell,34476.000000,94763.000000,36.381288
sample08829,sbj2943,0,yes,cd4_t_cell,27620.000000,111592.000000,24.750878
sample08832,sbj2944,0,yes,cd4_t_cell,21658.000000,95279.000000,22.731137
sample08853,sbj2951,0,yes,cd4_t_cell,15080.000000,94796.000000,15.907844
sample08856,sbj2952,0,yes,cd4_t_cell,26864.000000,97749.000000,27.482634
sample08895,sbj2965,0,yes,cd4_t_cell,26729.000000,107751.000000,24.806266
sample08913,sbj2971,0,yes,cd4_t_cell,28822.000000,92108.000000,31.291527
sample08925,sbj2975,0,yes,cd4_t_cell,27891.000000,109436.000000,25.486129
sample08943,sbj2981,0,yes,cd4_t_cell,35797.000000,110234.000000,32.473647
sample08946,sbj2982,0,yes,cd4_t_cell,30853.000000,99120.000000,31.126917
sample08970,sbj2990,0,yes,cd4_t_cell,30983.000000,107407.000000,28.846351
sample08979,sbj2993,0,yes,cd4_t_cell,29203.000000,99103.000000,29.467322
sample09009,sbj3003,0,yes,cd4_t_cell,27656.000000,95764.000000,28.879328
sample09018,sbj3006,0,yes,cd4_t_cell,27858.000000,92308.000000,30.179399
sample09024,sbj3008,0,yes,cd4_t_cell,34929.000000,108837.000000,32.092946
sample09072,sbj3024,0,yes,cd4_t_cell,34672.000000,102093.000000,33.961192
sample09081,sbj3027,0,yes,cd4_t_cell,36803.000000,105923.000000,34.745051
sample09087,sbj3029,0,yes,cd4_t_cell,37157.000000,109362.000000,33.976153
sample09102,sbj3034,0,yes,cd4_t_cell,32118.000000,99577.000000,32.254436
sample09114,sbj3038,0,yes,cd4_t_cell,30599.000000,97992.000000,31.226018
sample09129,sbj3043,0,yes,cd4_t_cell,26587.000000,93627.000000,28.396723
sample09144,sbj3048,0,yes,cd4_t_cell,22375.000000,105316.000000,21.245585
sample09162,sbj3054,0,yes,cd4_t_cell,23488.000000,103535.000000,22.686048
sample09171,sbj3057,0,yes,cd4_t_cell,34622.000000,102086.000000,33.914543
sample09180,sbj3060,0,yes,cd4_t_cell,33340.000000,100004.000000,33.338666
sample09198,sbj3066,0,yes,cd4_t_cell,27719.000000,93220.000000,29.735035
sample09243,sbj3081,0,yes,cd4_t_cell,26022.000000,98369.000000,26.453456
sample09300,sbj3100,0,yes,cd4_t_cell,26634.000000,93220.000000,28.571122
sample09390,sbj3130,0,yes,cd4_t_cell,27650.000000,97441.000000,28.376146
sample09393,sbj3131,0,yes,cd4_t_cell,22880.000000,92704.000000,24.680704
sample09441,sbj3147,0,yes,cd4_t_cell,26574.000000,105526.000000,25.182419
sample09450,sbj3150,0,yes,cd4_t_cell,35787.000000,94727.000000,37.779091
sample09459,sbj3153,0,yes,cd4_t_cell,29716.000000,103625.000000,28.676478
sample09468,sbj3156,0,yes,cd4_t_cell,33234.000000,99283.000000,33.474009
sample09486,sbj3162,0,yes,cd4_t_cell,28933.000000,98707.000000,29.312004
sample09489,sbj3163,0,yes,cd4_t_cell,33915.000000,99158.000000,34.202989
sample09495,sbj3165,0,yes,cd4_t_cell,23468.000000,99837.000000,23.506315
sample09513,sbj3171,0,yes,cd4_t_cell,21599.000000,93793.000000,23.028371
sample09519,sbj3173,0,yes,cd4_t_cell,28664.000000,108729.000000,26.362792
sample09546,sbj3182,0,yes,cd4_t_cell,32751.000000,108849.000000,30.088471
sample09573,sbj3191,0,yes,cd4_t_cell,29658.000000,98810.000000,30.015181
sample09579,sbj3193,0,yes,cd4_t_cell,28330.000000,96921.000000,29.229991
sample09582,sbj3194,0,yes,cd4_t_cell,27824.000000,103807.000000,26.803587
sample09591,sbj3197,0,yes,cd4_t_cell,26672.000000,100056.000000,26.657072
sample09597,sbj3199,0,yes,cd4_t_cell,20798.000000,92646.000000,22.448891
sample09606,sbj3202,0,yes,cd4_t_cell,23745.000000,93652.000000,25.354504
sample09612,sbj3204,0,yes,cd4_t_cell,42027.000000,111085.000000,37.833191
sample09615,sbj3205,0,yes,cd4_t_cell,27721.000000,101628.000000,27.276932
sample09666,sbj3222,0,yes,cd4_t_cell,32174.000000,97899.000000,32.864483
sample09690,sbj3230,0,yes,cd4_t_cell,28115.000000,94874.000000,29.634041
sample09699,sbj3233,0,yes,cd4_t_cell,21555.000000,98949.000000,21.783949
sample09705,sbj3235,0,yes,cd4_t_cell,29973.000000,93684.000000,31.993724
sample09720,sbj3240,0,yes,cd4_t_cell,28878.000000,111070.000000,25.999820
sample09783,sbj3261,0,yes,cd4_t_cell,26847.000000,98229.000000,27.331033
sample09798,sbj3266,0,yes,cd4_t_cell,24334.000000,98599.000000,24.679763
sample09909,sbj3303,0,yes,cd4_t_cell,29430.000000,91730.000000,32.083288
sample09924,sbj3308,0,yes,cd4_t_cell,34122.000000,100470.000000,33.962377
sample09963,sbj3321,0,yes,cd4_t_cell,28091.000000,106462.000000,26.385941
sample09978,sbj3326,0,yes,cd4_t_cell,24978.000000,112015.000000,22.298799
sample09990,sbj3330,0,yes,cd4_t_cell,36756.000000,108247.000000,33.955675
sample09996,sbj3332,0,yes,cd4_t_cell,31808.000000,104950.000000,30.307766
sample10038,sbj3346,0,yes,cd4_t_cell,36577.000000,110897.000000,32.982858
sample10041,sbj3347,0,yes,cd4_t_cell,27645.000000,100869.000000,27.406835
sample10095,sbj3365,0,yes,cd4_t_cell,34706.000000,96512.000000,35.960295
sample10116,sbj3372,0,yes,cd4_t_cell,38894.000000,110235.000000,35.282805
sample10125,sbj3375,0,yes,cd4_t_cell,29691.000000,106638.000000,27.842795
sample10128,sbj3376,0,yes,cd4_t_cell,30613.000000,98648.000000,31.032560
sample10131,sbj3377,0,yes,cd4_t_cell,31704.000000,98762.000000,32.101416
sample10140,sbj3380,0,yes,cd4_t_cell,28247.000000,96863.000000,29.161806
sample10179,sbj3393,0,yes,cd4_t_cell,39884.000000,111530.000000,35.760782
sample10197,sbj3399,0,yes,cd4_t_cell,22880.000000,102560.000000,22.308892
sample10233,sbj3411,0,yes,cd4_t_cell,22759.000000,98101.000000,23.199560
sample10248,sbj3416,0,yes,cd4_t_cell,28911.000000,96708.000000,29.895148
sample10323,sbj3441,0,yes,cd4_t_cell,30915.000000,98678.000000,31.329172
sample10335,sbj3445,0,yes,cd4_t_cell,30943.000000,102803.000000,30.099316
sample10341,sbj3447,0,yes,cd4_t_cell,44501.000000,115465.000000,38.540683
sample10347,sbj3449,0,yes,cd4_t_cell,35519.000000,106585.000000,33.324577
sample10356,sbj3452,0,yes,cd4_t_cell,30252.000000,104752.000000,28.879640
sample10383,sbj3461,0,yes,cd4_t_cell,21616.000000,110316.000000,19.594619
sample10386,sbj3462,0,yes,cd4_t_cell,30886.000000,94152.000000,32.804401
sample10392,sbj3464,0,yes,cd4_t_cell,30875.000000,95952.000000,32.177547
sample10410,sbj3470,0,yes,cd4_t_cell,30088.000000,101295.000000,29.703342
sample10443,sbj3481,0,yes,cd4_t_cell,36932.000000,100163.000000,36.871899
sample10491,sbj3497,0,yes,cd4_t_cell,33481.000000,100705.000000,33.246611
sample00000,sbj000,0,no,cd8_t_cell,24440.000000,93214.000000,26.219237
sample00006,sbj002,0,no,cd8_t_cell,31296.000000,99774.000000,31.366889
sample00009,sbj003,0,no,cd8_t_cell,33334.000000,95821.000000,34.787781
sample00072,sbj024,0,no,cd8_t_cell,26500.000000,93613.000000,28.308034
sample00081,sbj027,0,no,cd8_t_cell,18940.000000,93286.000000,20.303154
sample00123,sbj041,0,no,cd8_t_cell,26624.000000,101404.000000,26.255375
sample00153,sbj051,0,no,cd8_t_cell,27496.000000,105449.000000,26.075164
sample00174,sbj058,0,no,cd8_t_cell,22137.000000,97817.000000,22.631036
sample00186,sbj062,0,no,cd8_t_cell,32194.000000,99781.000000,32.264660
sample00189,sbj063,0,no,cd8_t_cell,25593.000000,92269.000000,27.737377
sample00213,sbj071,0,no,cd8_t_cell,23412.000000,98753.000000,23.707634
sample00243,sbj081,0,no,cd8_t_cell,22986.000000,98635.000000,23.304101
sample00249,sbj083,0,no,cd8_t_cell,26030.000000,98477.000000,26.432568
sample00285,sbj095,0,no,cd8_t_cell,18323.000000,90622.000000,20.219152
sample00402,sbj1030,0,no,cd8_t_cell,24146.000000,91145.000000,26.491854
sample00411,sbj1033,0,no,cd8_t_cell,12059.000000,107991.000000,11.166671
sample00414,sbj1034,0,no,cd8_t_cell,20017.000000,92653.000000,21.604265
sample00435,sbj1040,0,no,cd8_t_cell,31278.000000,107516.000000,29.091484
sample00459,sbj1048,0,no,cd8_t_cell,23530.000000,96487.000000,24.386705
sample00465,sbj105,0,no,cd8_t_cell,26819.000000,93629.000000,28.643903
sample00471,sbj1051,0,no,cd8_t_cell,24626.000000,106307.000000,23.164984
sample00480,sbj1054,0,no,cd8_t_cell,18050.000000,102557.000000,17.599969
sample00492,sbj1058,0,no,cd8_t_cell,24210.000000,90452.000000,26.765577
sample00513,sbj1064,0,no,cd8_t_cell,18915.000000,87506.000000,21.615661
sample00516,sbj1065,0,no,cd8_t_cell,30382.000000,104517.000000,29.068955
sample00522,sbj1067,0,no,cd8_t_cell,20979.000000,91990.000000,22.805740
sample00534,sbj1070,0,no,cd8_t_cell,23946.000000,96652.000000,24.775483
sample00585,sbj1086,0,no,cd8_t_cell,29864.000000,95591.000000,31.241435
sample00588,sbj1087,0,no,cd8_t_cell,26366.000000,96138.000000,27.425160
sample00624,sbj1098,0,no,cd8_t_cell,28232.000000,102890.000000,27.439013
sample00639,sbj1102,0,no,cd8_t_cell,25922.000000,102419.000000,25.309757
sample00693,sbj1119,0,no,cd8_t_cell,25343.000000,93222.000000,27.185643
sample00696,sbj112,0,no,cd8_t_cell,27929.000000,92187.000000,30.296029
sample00717,sbj1126,0,no,cd8_t_cell,26170.000000,105860.000000,24.721330
sample00726,sbj1129,0,no,cd8_t_cell,23898.000000,104384.000000,22.894313
sample00756,sbj1138,0,no,cd8_t_cell,19576.000000,90530.000000,21.623771
sample00798,sbj1150,0,no,cd8_t_cell,40341.000000,106003.000000,38.056470
sample00807,sbj1153,0,no,cd8_t_cell,22133.000000,96519.000000,22.931236
sample00849,sbj1166,0,no,cd8_t_cell,16827.000000,90828.000000,18.526225
sample00867,sbj1171,0,no,cd8_t_cell,19089.000000,96336.000000,19.815022
sample00918,sbj1187,0,no,cd8_t_cell,32285.000000,104179.000000,30.989931
sample00966,sbj1201,0,no,cd8_t_cell,16928.000000,91242.000000,18.552859
sample00987,sbj1208,0,no,cd8_t_cell,32097.000000,90006.000000,35.660956
sample01011,sbj1215,0,no,cd8_t_cell,31360.000000,94131.000000,33.315273
sample01023,sbj1219,0,no,cd8_t_cell,25363.000000,91957.000000,27.581370
sample01041,sbj1224,0,no,cd8_t_cell,25584.000000,93808.000000,27.272727
sample01053,sbj1228,0,no,cd8_t_cell,23805.000000,103410.000000,23.020017
sample01062,sbj1230,0,no,cd8_t_cell,20750.000000,95146.000000,21.808589
sample01110,sbj1245,0,no,cd8_t_cell,22297.000000,103592.000000,21.523863
sample01134,sbj1252,0,no,cd8_t_cell,26748.000000,95780.000000,27.926498
sample01137,sbj1253,0,no,cd8_t_cell,17076.000000,88196.000000,19.361422
sample01143,sbj1255,0,no,cd8_t_cell,31994.000000,106564.000000,30.023272
sample01152,sbj1258,0,no,cd8_t_cell,19743.000000,103219.000000,19.127292
sample01161,sbj1260,0,no,cd8_t_cell,29086.000000,107354.000000,27.093541
sample01218,sbj1278,0,no,cd8_t_cell,28848.000000,106596.000000,27.062929
sample01227,sbj1280,0,no,cd8_t_cell,20465.000000,91231.000000,22.432068
sample01230,sbj1281,0,no,cd8_t_cell,19569.000000,94586.000000,20.689108
sample01242,sbj1285,0,no,cd8_t_cell,23743.000000,99421.000000,23.881273
sample01314,sbj1307,0,no,cd8_t_cell,24866.000000,104820.000000,23.722572
sample01344,sbj1316,0,no,cd8_t_cell,20243.000000,104192.000000,19.428555
sample01386,sbj1329,0,no,cd8_t_cell,23373.000000,104505.000000,22.365437
sample01395,sbj1331,0,no,cd8_t_cell,22873.000000,102167.000000,22.387855
sample01413,sbj1337,0,no,cd8_t_cell,21811.000000,89999.000000,24.234714
sample01431,sbj1342,0,no,cd8_t_cell,34083.000000,99852.000000,34.133518
sample01542,sbj1376,0,no,cd8_t_cell,25743.000000,104258.000000,24.691630
sample01554,sbj138,0,no,cd8_t_cell,23713.000000,97073.000000,24.428008
sample01587,sbj139,0,no,cd8_t_cell,24785.000000,92133.000000,26.901327
sample01611,sbj1397,0,no,cd8_t_cell,24086.000000,92787.000000,25.958378
sample01674,sbj1416,0,no,cd8_t_cell,23271.000000,89661.000000,25.954428
sample01680,sbj1418,0,no,cd8_t_cell,24818.000000,107626.000000,23.059484
sample01686,sbj142,0,no,cd8_t_cell,14840.000000,95142.000000,15.597738
sample01701,sbj1424,0,no,cd8_t_cell,28136.000000,106915.000000,26.316233
sample01722,sbj1430,0,no,cd8_t_cell,20712.000000,89351.000000,23.180490
sample01752,sbj144,0,no,cd8_t_cell,31280.000000,98420.000000,31.782158
sample01767,sbj1444,0,no,cd8_t_cell,26694.000000,91733.000000,29.099670
sample01803,sbj1455,0,no,cd8_t_cell,35243.000000,102654.000000,34.331833
sample01809,sbj1457,0,no,cd8_t_cell,27341.000000,110191.000000,24.812371
sample01812,sbj1458,0,no,cd8_t_cell,27174.000000,102248.000000,26.576559
sample01848,sbj1469,0,no,cd8_t_cell,24258.000000,88513.000000,27.406144
sample01866,sbj1474,0,no,cd8_t_cell,29540.000000,98182.000000,30.086981
sample01875,sbj1477,0,no,cd8_t_cell,19698.000000,107243.000000,18.367632
sample01884,sbj148,0,no,cd8_t_cell,18129.000000,96652.000000,18.756984
sample01893,sbj1482,0,no,cd8_t_cell,24628.000000,106269.000000,23.175150
sample01914,sbj1489,0,no,cd8_t_cell,18267.000000,91149.000000,20.040812
sample01926,sbj1492,0,no,cd8_t_cell,17882.000000,88934.000000,20.107046
sample01932,sbj1494,0,no,cd8_t_cell,27435.000000,104946.000000,26.142016
sample01968,sbj156,0,no,cd8_t_cell,21199.000000,99717.000000,21.259163
sample01986,sbj162,0,no,cd8_t_cell,24936.000000,106905.000000,23.325382
sample01992,sbj164,0,no,cd8_t_cell,26504.000000,90333.000000,29.340330
sample02010,sbj170,0,no,cd8_t_cell,24345.000000,106400.000000,22.880639
sample02016,sbj172,0,no,cd8_t_cell,26393.000000,88207.000000,29.921662
sample02040,sbj180,0,no,cd8_t_cell,22407.000000,99240.000000,22.578597
sample02046,sbj182,0,no,cd8_t_cell,26349.000000,92197.000000,28.579021
sample02061,sbj187,0,no,cd8_t_cell,21021.000000,90973.000000,23.106856
sample02109,sbj203,0,no,cd8_t_cell,24213.000000,104432.000000,23.185422
sample02148,sbj216,0,no,cd8_t_cell,23176.000000,91053.000000,25.453307
sample02169,sbj223,0,no,cd8_t_cell,27536.000000,88926.000000,30.965072
sample02205,sbj235,0,no,cd8_t_cell,20341.000000,95117.000000,21.385241
sample02214,sbj238,0,no,cd8_t_cell,28085.000000,106559.000000,26.356291
sample02232,sbj244,0,no,cd8_t_cell,21691.000000,92718.000000,23.394594
sample02253,sbj251,0,no,cd8_t_cell,33865.000000,91785.000000,36.896007
sample02286,sbj262,0,no,cd8_t_cell,22720.000000,98841.000000,22.986413
sample02289,sbj263,0,no,cd8_t_cell,21617.000000,104180.000000,20.749664
sample02319,sbj273,0,no,cd8_t_cell,29284.000000,98720.000000,29.663695
sample02334,sbj278,0,no,cd8_t_cell,29740.000000,106361.000000,27.961377
sample02355,sbj285,0,no,cd8_t_cell,29549.000000,105730.000000,27.947602
sample02364,sbj288,0,no,cd8_t_cell,23003.000000,94421.000000,24.362165
sample02412,sbj304,0,no,cd8_t_cell,18967.000000,104992.000000,18.065186
sample02430,sbj310,0,no,cd8_t_cell,23534.000000,93030.000000,25.297216
sample02436,sbj312,0,no,cd8_t_cell,24906.000000,104153.000000,23.912897
sample02478,sbj326,0,no,cd8_t_cell,17014.000000,108880.000000,15.626378
sample02541,sbj347,0,no,cd8_t_cell,22443.000000,101032.000000,22.213754
sample02583,sbj361,0,no,cd8_t_cell,23093.000000,98705.000000,23.395978
sample02592,sbj364,0,no,cd8_t_cell,24794.000000,104251.000000,23.782985
sample02619,sbj373,0,no,cd8_t_cell,27933.000000,100603.000000,27.765574
sample02646,sbj382,0,no,cd8_t_cell,24194.000000,95983.000000,25.206547
sample02661,sbj387,0,no,cd8_t_cell,24023.000000,100085.000000,24.002598
sample02664,sbj388,0,no,cd8_t_cell,31384.000000,102240.000000,30.696401
sample02667,sbj389,0,no,cd8_t_cell,22358.000000,90006.000000,24.840566
sample02682,sbj394,0,no,cd8_t_cell,13829.000000,98716.000000,14.008874
sample02700,sbj400,0,no,cd8_t_cell,23553.000000,103298.000000,22.801022
sample02706,sbj402,0,no,cd8_t_cell,21105.000000,90279.000000,23.377530
sample02718,sbj406,0,no,cd8_t_cell,28579.000000,106103.000000,26.935148
sample02742,sbj414,0,no,cd8_t_cell,19297.000000,99692.000000,19.356618
sample02775,sbj425,0,no,cd8_t_cell,26696.000000,91733.000000,29.101850
sample02799,sbj433,0,no,cd8_t_cell,16606.000000,93723.000000,17.718169
sample02811,sbj437,0,no,cd8_t_cell,21949.000000,94253.000000,23.287322
sample02829,sbj443,0,no,cd8_t_cell,21890.000000,104439.000000,20.959603
sample02886,sbj462,0,no,cd8_t_cell,27270.000000,106909.000000,25.507675
sample02889,sbj463,0,no,cd8_t_cell,27357.000000,89416.000000,30.595195
sample02901,sbj467,0,no,cd8_t_cell,24339.000000,103714.000000,23.467420
sample02961,sbj487,0,no,cd8_t_cell,24264.000000,96418.000000,25.165426
sample02970,sbj490,0,no,cd8_t_cell,21241.000000,87698.000000,24.220621
sample03006,sbj502,0,no,cd8_t_cell,23325.000000,93776.000000,24.873102
sample03030,sbj510,0,no,cd8_t_cell,33642.000000,99163.000000,33.925960
sample03051,sbj517,0,no,cd8_t_cell,29446.000000,106203.000000,27.726147
sample03096,sbj532,0,no,cd8_t_cell,27262.000000,91974.000000,29.640985
sample03108,sbj536,0,no,cd8_t_cell,22185.000000,107745.000000,20.590283
sample03132,sbj544,0,no,cd8_t_cell,32260.000000,106250.000000,30.362353
sample03186,sbj562,0,no,cd8_t_cell,24313.000000,97251.000000,25.000257
sample03198,sbj566,0,no,cd8_t_cell,19554.000000,99060.000000,19.739552
sample03213,sbj571,0,no,cd8_t_cell,18846.000000,90324.000000,20.864886
sample03252,sbj584,0,no,cd8_t_cell,17394.000000,91889.000000,18.929360
sample03258,sbj586,0,no,cd8_t_cell,28333.000000,90418.000000,31.335575
sample03318,sbj606,0,no,cd8_t_cell,25238.000000,95758.000000,26.356022
sample03321,sbj607,0,no,cd8_t_cell,20179.000000,94459.000000,21.362708
sample03333,sbj611,0,no,cd8_t_cell,20000.000000,94834.000000,21.089483
sample03363,sbj621,0,no,cd8_t_cell,22765.000000,96317.000000,23.635495
sample03384,sbj628,0,no,cd8_t_cell,26167.000000,92427.000000,28.310991
sample03390,sbj630,0,no,cd8_t_cell,24396.000000,101806.000000,23.963224
sample03402,sbj634,0,no,cd8_t_cell,22918.000000,100780.000000,22.740623
sample03414,sbj638,0,no,cd8_t_cell,25744.000000,97437.000000,26.421175
sample03420,sbj640,0,no,cd8_t_cell,27706.000000,106923.000000,25.912105
sample03432,sbj644,0,no,cd8_t_cell,25664.000000,102989.000000,24.919166
sample03474,sbj658,0,no,cd8_t_cell,25722.000000,85892.000000,29.946910
sample03489,sbj663,0,no,cd8_t_cell,18495.000000,99048.000000,18.672765
sample03552,sbj684,0,no,cd8_t_cell,23981.000000,100140.000000,23.947474
sample03579,sbj693,0,no,cd8_t_cell,31050.000000,94336.000000,32.914264
sample03615,sbj705,0,no,cd8_t_cell,22544.000000,105140.000000,21.441887
sample03633,sbj711,0,no,cd8_t_cell,24653.000000,104367.000000,23.621451
sample03666,sbj722,0,no,cd8_t_cell,28299.000000,109178.000000,25.920057
sample03681,sbj727,0,no,cd8_t_cell,35457.000000,104448.000000,33.947036
sample03684,sbj728,0,no,cd8_t_cell,25629.000000,99728.000000,25.698901
sample03699,sbj733,0,no,cd8_t_cell,34832.000000,109333.000000,31.858634
sample03717,sbj739,0,no,cd8_t_cell,25216.000000,100140.000000,25.180747
sample03720,sbj740,0,no,cd8_t_cell,25373.000000,96822.000000,26.205821
sample03738,sbj746,0,no,cd8_t_cell,30106.000000,99380.000000,30.293822
sample03768,sbj756,0,no,cd8_t_cell,28041.000000,105144.000000,26.669139
sample03774,sbj758,0,no,cd8_t_cell,22030.000000,92446.000000,23.830128
sample03816,sbj772,0,no,cd8_t_cell,21893.000000,95927.000000,22.822563
sample03891,sbj797,0,no,cd8_t_cell,26166.000000,97613.000000,26.805856
sample03939,sbj813,0,no,cd8_t_cell,22413.000000,102721.000000,21.819297
sample03972,sbj824,0,no,cd8_t_cell,15516.000000,98388.000000,15.770216
sample04062,sbj854,0,no,cd8_t_cell,21720.000000,106367.000000,20.419867
sample04074,sbj858,0,no,cd8_t_cell,31928.000000,107019.000000,29.833955
sample04095,sbj865,0,no,cd8_t_cell,21018.000000,95659.000000,21.971796
sample04134,sbj878,0,no,cd8_t_cell,26325.000000,105105.000000,25.046382
sample04143,sbj881,0,no,cd8_t_cell,21402.000000,93555.000000,22.876383
sample04182,sbj894,0,no,cd8_t_cell,21232.000000,92478.000000,22.958974
sample04191,sbj897,0,no,cd8_t_cell,24172.000000,107726.000000,22.438409
sample04200,sbj900,0,no,cd8_t_cell,22603.000000,93506.000000,24.172780
sample04206,sbj902,0,no,cd8_t_cell,18955.000000,100917.000000,18.782762
sample04209,sbj903,0,no,cd8_t_cell,29305.000000,99267.000000,29.521392
sample04278,sbj926,0,no,cd8_t_cell,24903.000000,108453.000000,22.962020
sample04308,sbj936,0,no,cd8_t_cell,21980.000000,90602.000000,24.259950
sample04338,sbj946,0,no,cd8_t_cell,27346.000000,101281.000000,27.000128
sample04419,sbj973,0,no,cd8_t_cell,23146.000000,95058.000000,24.349345
sample04428,sbj976,0,no,cd8_t_cell,30276.000000,95446.000000,31.720554
sample04449,sbj983,0,no,cd8_t_cell,29057.000000,91892.000000,31.620816
sample07503,sbj2501,0,no,cd8_t_cell,24275.000000,94421.000000,25.709323
sample07515,sbj2505,0,no,cd8_t_cell,34039.000000,106161.000000,32.063564
sample07542,sbj2514,0,no,cd8_t_cell,25128.000000,105427.000000,23.834502
sample07620,sbj2540,0,no,cd8_t_cell,20913.000000,100603.000000,20.787650
sample07632,sbj2544,0,no,cd8_t_cell,30675.000000,101693.000000,30.164318
sample07644,sbj2548,0,no,cd8_t_cell,28862.000000,107169.000000,26.931295
sample07653,sbj2551,0,no,cd8_t_cell,21646.000000,89517.000000,24.180882
sample07674,sbj2558,0,no,cd8_t_cell,20032.000000,99767.000000,20.078784
sample07698,sbj2566,0,no,cd8_t_cell,29413.000000,104236.000000,28.217698
sample07710,sbj2570,0,no,cd8_t_cell,25467.000000,96856.000000,26.293673
sample07722,sbj2574,0,no,cd8_t_cell,23473.000000,92462.000000,25.386645
sample07734,sbj2578,0,no,cd8_t_cell,22253.000000,94162.000000,23.632676
sample07746,sbj2582,0,no,cd8_t_cell,19514.000000,90017.000000,21.678127
sample07809,sbj2603,0,no,cd8_t_cell,25092.000000,89140.000000,28.148979
sample07815,sbj2605,0,no,cd8_t_cell,17789.000000,93378.000000,19.050526
sample07818,sbj2606,0,no,cd8_t_cell,24017.000000,93245.000000,25.756877
sample07833,sbj2611,0,no,cd8_t_cell,41282.000000,111992.000000,36.861562
sample07872,sbj2624,0,no,cd8_t_cell,25826.000000,98198.000000,26.299925
sample07899,sbj2633,0,no,cd8_t_cell,36182.000000,104475.000000,34.632209
sample07926,sbj2642,0,no,cd8_t_cell,26898.000000,100923.000000,26.652002
sample07929,sbj2643,0,no,cd8_t_cell,26850.000000,100774.000000,26.643777
sample07932,sbj2644,0,no,cd8_t_cell,25801.000000,103601.000000,24.904200
sample07941,sbj2647,0,no,cd8_t_cell,19955.000000,99005.000000,20.155548
sample07959,sbj2653,0,no,cd8_t_cell,21259.000000,95855.000000,22.178290
sample08004,sbj2668,0,no,cd8_t_cell,29014.000000,96921.000000,29.935721
sample08013,sbj2671,0,no,cd8_t_cell,28303.000000,92516.000000,30.592546
sample08028,sbj2676,0,no,cd8_t_cell,23885.000000,98602.000000,24.223647
sample08049,sbj2683,0,no,cd8_t_cell,23832.000000,96874.000000,24.601028
sample08064,sbj2688,0,no,cd8_t_cell,34616.000000,102491.000000,33.774673
sample08076,sbj2692,0,no,cd8_t_cell,22205.000000,91607.000000,24.239414
sample08118,sbj2706,0,no,cd8_t_cell,26673.000000,89842.000000,29.688787
sample08133,sbj2711,0,no,cd8_t_cell,21910.000000,88963.000000,24.628216
sample08142,sbj2714,0,no,cd8_t_cell,24831.000000,96510.000000,25.728940
sample08160,sbj2720,0,no,cd8_t_cell,25765.000000,93278.000000,27.621733
sample08184,sbj2728,0,no,cd8_t_cell,19459.000000,89768.000000,21.676990
sample08214,sbj2738,0,no,cd8_t_cell,24636.000000,91927.000000,26.799526
sample08277,sbj2759,0,no,cd8_t_cell,22966.000000,106002.000000,21.665629
sample08304,sbj2768,0,no,cd8_t_cell,19448.000000,98462.000000,19.751782
sample08313,sbj2771,0,no,cd8_t_cell,16394.000000,90231.000000,18.168922
sample08325,sbj2775,0,no,cd8_t_cell,26221.000000,95548.000000,27.442751
sample08331,sbj2777,0,no,cd8_t_cell,18910.000000,95458.000000,19.809759
sample08334,sbj2778,0,no,cd8_t_cell,24653.000000,103149.000000,23.900377
sample08367,sbj2789,0,no,cd8_t_cell,32624.000000,106599.000000,30.604415
sample08397,sbj2799,0,no,cd8_t_cell,20695.000000,93462.000000,22.142689
sample08412,sbj2804,0,no,cd8_t_cell,19490.000000,96997.000000,20.093405
sample08415,sbj2805,0,no,cd8_t_cell,21893.000000,90906.000000,24.083119
sample08421,sbj2807,0,no,cd8_t_cell,23343.000000,101643.000000,22.965674
sample08433,sbj2811,0,no,cd8_t_cell,25561.000000,100980.000000,25.312933
sample08436,sbj2812,0,no,cd8_t_cell,22052.000000,104969.000000,21.008107
sample08439,sbj2813,0,no,cd8_t_cell,29401.000000,98306.000000,29.907635
sample08460,sbj2820,0,no,cd8_t_cell,11208.000000,93076.000000,12.041772
sample08472,sbj2824,0,no,cd8_t_cell,29001.000000,102545.000000,28.281242
sample08493,sbj2831,0,no,cd8_t_cell,22376.000000,103696.000000,21.578460
sample08502,sbj2834,0,no,cd8_t_cell,23812.000000,98042.000000,24.287550
sample08520,sbj2840,0,no,cd8_t_cell,19971.000000,91052.000000,21.933620
sample08526,sbj2842,0,no,cd8_t_cell,23928.000000,96688.000000,24.747642
sample08541,sbj2847,0,no,cd8_t_cell,26774.000000,104499.000000,25.621298
sample08556,sbj2852,0,no,cd8_t_cell,21202.000000,96285.000000,22.020045
sample08559,sbj2853,0,no,cd8_t_cell,23333.000000,102135.000000,22.845254
sample08589,sbj2863,0,no,cd8_t_cell,19666.000000,92824.000000,21.186331
sample08637,sbj2879,0,no,cd8_t_cell,15890.000000,97381.000000,16.317351
sample08661,sbj2887,0,no,cd8_t_cell,24254.000000,105659.000000,22.954978
sample08664,sbj2888,0,no,cd8_t_cell,24179.000000,97207.000000,24.873723
sample08712,sbj2904,0,no,cd8_t_cell,30214.000000,97530.000000,30.979186
sample08730,sbj2910,0,no,cd8_t_cell,22179.000000,98078.000000,22.613634
sample08751,sbj2917,0,no,cd8_t_cell,23726.000000,89812.000000,26.417405
sample08763,sbj2921,0,no,cd8_t_cell,25446.000000,117863.000000,21.589473
sample08805,sbj2935,0,no,cd8_t_cell,28628.000000,99268.000000,28.839102
sample08874,sbj2958,0,no,cd8_t_cell,28508.000000,106099.000000,26.869245
sample08919,sbj2973,0,no,cd8_t_cell,22913.000000,103699.000000,22.095681
sample08952,sbj2984,0,no,cd8_t_cell,21783.000000,99207.000000,21.957120
sample08958,sbj2986,0,no,cd8_t_cell,21800.000000,89938.000000,24.238920
sample08967,sbj2989,0,no,cd8_t_cell,24239.000000,97796.000000,24.785267
sample08976,sbj2992,0,no,cd8_t_cell,18486.000000,93449.000000,19.781913
sample09003,sbj3001,0,no,cd8_t_cell,29600.000000,97878.000000,30.241729
sample09030,sbj3010,0,no,cd8_t_cell,24262.000000,96877.000000,25.044128
sample09036,sbj3012,0,no,cd8_t_cell,28364.000000,94780.000000,29.926145
sample09039,sbj3013,0,no,cd8_t_cell,23572.000000,95939.000000,24.569779
sample09048,sbj3016,0,no,cd8_t_cell,24728.000000,93285.000000,26.508013
sample09060,sbj3020,0,no,cd8_t_cell,21858.000000,102499.000000,21.325086
sample09066,sbj3022,0,no,cd8_t_cell,24903.000000,105905.000000,23.514471
sample09150,sbj3050,0,no,cd8_t_cell,24392.000000,91819.000000,26.565308
sample09159,sbj3053,0,no,cd8_t_cell,29526.000000,91144.000000,32.394892
sample09183,sbj3061,0,no,cd8_t_cell,31147.000000,107988.000000,28.843020
sample09213,sbj3071,0,no,cd8_t_cell,26110.000000,95709.000000,27.280611
sample09246,sbj3082,0,no,cd8_t_cell,21493.000000,109101.000000,19.700094
sample09249,sbj3083,0,no,cd8_t_cell,24765.000000,103352.000000,23.961800
sample09288,sbj3096,0,no,cd8_t_cell,26151.000000,95077.000000,27.505075
sample09294,sbj3098,0,no,cd8_t_cell,22262.000000,90486.000000,24.602701
sample09303,sbj3101,0,no,cd8_t_cell,23125.000000,95720.000000,24.159005
sample09354,sbj3118,0,no,cd8_t_cell,21004.000000,93620.000000,22.435377
sample09363,sbj3121,0,no,cd8_t_cell,27963.000000,87701.000000,31.884471
sample09378,sbj3126,0,no,cd8_t_cell,23640.000000,101477.000000,23.295919
sample09384,sbj3128,0,no,cd8_t_cell,32132.000000,103895.000000,30.927379
sample09387,sbj3129,0,no,cd8_t_cell,18652.000000,93376.000000,19.975154
sample09414,sbj3138,0,no,cd8_t_cell,23483.000000,95096.000000,24.693993
sample09420,sbj3140,0,no,cd8_t_cell,27926.000000,107688.000000,25.932323
sample09429,sbj3143,0,no,cd8_t_cell,19885.000000,90919.000000,21.871116
sample09432,sbj3144,0,no,cd8_t_cell,21711.000000,93829.000000,23.138902
sample09477,sbj3159,0,no,cd8_t_cell,25778.000000,99593.000000,25.883345
sample09483,sbj3161,0,no,cd8_t_cell,23676.000000,98796.000000,23.964533
sample09492,sbj3164,0,no,cd8_t_cell,29491.000000,95832.000000,30.773646
sample09555,sbj3185,0,no,cd8_t_cell,27408.000000,101579.000000,26.981955
sample09567,sbj3189,0,no,cd8_t_cell,23008.000000,108000.000000,21.303704
sample09585,sbj3195,0,no,cd8_t_cell,23815.000000,101605.000000,23.438807
sample09588,sbj3196,0,no,cd8_t_cell,23541.000000,94591.000000,24.887146
sample09627,sbj3209,0,no,cd8_t_cell,18606.000000,87984.000000,21.147027
sample09657,sbj3219,0,no,cd8_t_cell,16525.000000,98768.000000,16.731127
sample09672,sbj3224,0,no,cd8_t_cell,17036.000000,92606.000000,18.396216
sample09744,sbj3248,0,no,cd8_t_cell,29073.000000,93379.000000,31.134409
sample09756,sbj3252,0,no,cd8_t_cell,18526.000000,89579.000000,20.681186
sample09762,sbj3254,0,no,cd8_t_cell,34306.000000,107288.000000,31.975617
sample09813,sbj3271,0,no,cd8_t_cell,32318.000000,101625.000000,31.801230
sample09816,sbj3272,0,no,cd8_t_cell,25865.000000,101829.000000,25.400426
sample09870,sbj3290,0,no,cd8_t_cell,23892.000000,103387.000000,23.109288
sample09873,sbj3291,0,no,cd8_t_cell,25120.000000,104601.000000,24.015067
sample09894,sbj3298,0,no,cd8_t_cell,24222.000000,101737.000000,23.808447
sample09900,sbj3300,0,no,cd8_t_cell,30304.000000,102602.000000,29.535487
sample09903,sbj3301,0,no,cd8_t_cell,24441.000000,97759.000000,25.001279
sample09912,sbj3304,0,no,cd8_t_cell,29207.000000,94706.000000,30.839651
sample09918,sbj3306,0,no,cd8_t_cell,18943.000000,92400.000000,20.501082
sample09987,sbj3329,0,no,cd8_t_cell,33301.000000,94260.000000,35.328878
sample09999,sbj3333,0,no,cd8_t_cell,22437.000000,95291.000000,23.545770
sample10068,sbj3356,0,no,cd8_t_cell,27590.000000,92390.000000,29.862539
sample10089,sbj3363,0,no,cd8_t_cell,25237.000000,90081.000000,28.015897
sample10191,sbj3397,0,no,cd8_t_cell,23585.000000,88718.000000,26.584233
sample10230,sbj3410,0,no,cd8_t_cell,22152.000000,98944.000000,22.388422
sample10251,sbj3417,0,no,cd8_t_cell,21091.000000,99899.000000,21.112323
sample10266,sbj3422,0,no,cd8_t_cell,27297.000000,108427.000000,25.175464
sample10305,sbj3435,0,no,cd8_t_cell,19149.000000,93427.000000,20.496216
sample10320,sbj3440,0,no,cd8_t_cell,19287.000000,89731.000000,21.494244
sample10395,sbj3465,0,no,cd8_t_cell,25712.000000,91389.000000,28.134677
sample10416,sbj3472,0,no,cd8_t_cell,22572.000000,102589.000000,22.002359
sample10455,sbj3485,0,no,cd8_t_cell,20129.000000,88396.000000,22.771392
sample10470,sbj3490,0,no,cd8_t_cell,24440.000000,107444.000000,22.746733
sample10473,sbj3491,0,no,cd8_t_cell,19664.000000,92339.000000,21.295444
sample00024,sbj008,0,yes,cd8_t_cell,27821.000000,99969.000000,27.829627
sample00060,sbj020,0,yes,cd8_t_cell,21406.000000,103534.000000,20.675334
sample00066,sbj022,0,yes,cd8_t_cell,35323.000000,107284.000000,32.924760
sample00075,sbj025,0,yes,cd8_t_cell,26460.000000,104711.000000,25.269551
sample00141,sbj047,0,yes,cd8_t_cell,28642.000000,103696.000000,27.621123
sample00165,sbj055,0,yes,cd8_t_cell,19245.000000,111486.000000,17.262257
sample00168,sbj056,0,yes,cd8_t_cell,32947.000000,102412.000000,32.171035
sample00261,sbj087,0,yes,cd8_t_cell,37067.000000,110763.000000,33.465146
sample00324,sbj1007,0,yes,cd8_t_cell,25471.000000,107593.000000,23.673473
sample00327,sbj1008,0,yes,cd8_t_cell,22173.000000,98632.000000,22.480534
sample00333,sbj101,0,yes,cd8_t_cell,21075.000000,97084.000000,21.708005
sample00369,sbj1020,0,yes,cd8_t_cell,34374.000000,99288.000000,34.620498
sample00378,sbj1023,0,yes,cd8_t_cell,24014.000000,101500.000000,23.659113
sample00426,sbj1038,0,yes,cd8_t_cell,26398.000000,96997.000000,27.215275
sample00447,sbj1044,0,yes,cd8_t_cell,21945.000000,98729.000000,22.227512
sample00483,sbj1055,0,yes,cd8_t_cell,17870.000000,94926.000000,18.825190
sample00498,sbj106,0,yes,cd8_t_cell,18699.000000,109114.000000,17.137123
sample00510,sbj1063,0,yes,cd8_t_cell,21878.000000,101519.000000,21.550646
sample00537,sbj1071,0,yes,cd8_t_cell,23608.000000,97491.000000,24.215569
sample00543,sbj1073,0,yes,cd8_t_cell,26845.000000,97856.000000,27.433167
sample00555,sbj1077,0,yes,cd8_t_cell,28122.000000,102840.000000,27.345391
sample00564,sbj108,0,yes,cd8_t_cell,21319.000000,109932.000000,19.392897
sample00621,sbj1097,0,yes,cd8_t_cell,22492.000000,101259.000000,22.212347
sample00630,sbj110,0,yes,cd8_t_cell,23647.000000,98871.000000,23.917023
sample00660,sbj1109,0,yes,cd8_t_cell,31115.000000,111393.000000,27.932635
sample00675,sbj1113,0,yes,cd8_t_cell,15969.000000,109268.000000,14.614526
sample00714,sbj1125,0,yes,cd8_t_cell,28331.000000,106122.000000,26.696632
sample00753,sbj1137,0,yes,cd8_t_cell,33798.000000,104062.000000,32.478715
sample00825,sbj1159,0,yes,cd8_t_cell,26668.000000,94793.000000,28.132879
sample00840,sbj1163,0,yes,cd8_t_cell,23100.000000,114168.000000,20.233340
sample00861,sbj117,0,yes,cd8_t_cell,34971.000000,97470.000000,35.878732
sample00873,sbj1173,0,yes,cd8_t_cell,31342.000000,103428.000000,30.303206
sample00876,sbj1174,0,yes,cd8_t_cell,30240.000000,92437.000000,32.714173
sample00888,sbj1178,0,yes,cd8_t_cell,16828.000000,99206.000000,16.962684
sample00894,sbj118,0,yes,cd8_t_cell,19880.000000,97282.000000,20.435435
sample00912,sbj1185,0,yes,cd8_t_cell,22887.000000,103332.000000,22.148995
sample00915,sbj1186,0,yes,cd8_t_cell,32056.000000,107102.000000,29.930347
sample00939,sbj1193,0,yes,cd8_t_cell,29622.000000,100572.000000,29.453526
sample01008,sbj1214,0,yes,cd8_t_cell,22797.000000,94275.000000,24.181384
sample01017,sbj1217,0,yes,cd8_t_cell,20672.000000,98665.000000,20.951705
sample01068,sbj1232,0,yes,cd8_t_cell,30504.000000,96734.000000,31.533897
sample01074,sbj1234,0,yes,cd8_t_cell,26096.000000,96578.000000,27.020647
sample01080,sbj1236,0,yes,cd8_t_cell,26698.000000,110681.000000,24.121575
sample01092,sbj124,0,yes,cd8_t_cell,25255.000000,106832.000000,23.639921
sample01104,sbj1243,0,yes,cd8_t_cell,22431.000000,101076.000000,22.192212
sample01128,sbj1250,0,yes,cd8_t_cell,27923.000000,95345.000000,29.286276
sample01170,sbj1263,0,yes,cd8_t_cell,19618.000000,96333.000000,20.364776
sample01245,sbj1286,0,yes,cd8_t_cell,20398.000000,93678.000000,21.774590
sample01248,sbj1287,0,yes,cd8_t_cell,29419.000000,108830.000000,27.032068
sample01260,sbj1290,0,yes,cd8_t_cell,26568.000000,101082.000000,26.283611
sample01266,sbj1292,0,yes,cd8_t_cell,25468.000000,107789.000000,23.627643
sample01284,sbj1298,0,yes,cd8_t_cell,22975.000000,107710.000000,21.330424
sample01311,sbj1306,0,yes,cd8_t_cell,19689.000000,96091.000000,20.489952
sample01326,sbj1310,0,yes,cd8_t_cell,29683.000000,101755.000000,29.171048
sample01329,sbj1311,0,yes,cd8_t_cell,24367.000000,93643.000000,26.021165
sample01332,sbj1312,0,yes,cd8_t_cell,28821.000000,112389.000000,25.643969
sample01359,sbj1320,0,yes,cd8_t_cell,24728.000000,110209.000000,22.437369
sample01377,sbj1326,0,yes,cd8_t_cell,25394.000000,95166.000000,26.683900
sample01419,sbj1339,0,yes,cd8_t_cell,29627.000000,98213.000000,30.166068
sample01422,sbj134,0,yes,cd8_t_cell,18782.000000,94401.000000,19.895976
sample01440,sbj1345,0,yes,cd8_t_cell,15453.000000,98080.000000,15.755506
sample01458,sbj1350,0,yes,cd8_t_cell,19633.000000,100331.000000,19.568229
sample01491,sbj1360,0,yes,cd8_t_cell,19006.000000,106009.000000,17.928666
sample01497,sbj1362,0,yes,cd8_t_cell,26989.000000,97367.000000,27.718837
sample01533,sbj1373,0,yes,cd8_t_cell,23946.000000,93333.000000,25.656520
sample01536,sbj1374,0,yes,cd8_t_cell,32034.000000,106219.000000,30.158446
sample01545,sbj1377,0,yes,cd8_t_cell,20535.000000,102282.000000,20.076846
sample01602,sbj1394,0,yes,cd8_t_cell,25533.000000,98385.000000,25.952127
sample01620,sbj140,0,yes,cd8_t_cell,25207.000000,95869.000000,26.293171
sample01635,sbj1404,0,yes,cd8_t_cell,19397.000000,99800.000000,19.435872
sample01638,sbj1405,0,yes,cd8_t_cell,16199.000000,102848.000000,15.750428
sample01665,sbj1413,0,yes,cd8_t_cell,15548.000000,107148.000000,14.510770
sample01683,sbj1419,0,yes,cd8_t_cell,35096.000000,98395.000000,35.668479
sample01692,sbj1421,0,yes,cd8_t_cell,24416.000000,92546.000000,26.382556
sample01719,sbj143,0,yes,cd8_t_cell,17303.000000,96224.000000,17.982000
sample01728,sbj1432,0,yes,cd8_t_cell,20090.000000,111032.000000,18.093883
sample01755,sbj1440,0,yes,cd8_t_cell,33387.000000,100250.000000,33.303741
sample01785,sbj145,0,yes,cd8_t_cell,21944.000000,109249.000000,20.086225
sample01815,sbj1459,0,yes,cd8_t_cell,27972.000000,98810.000000,28.308876
sample01824,sbj1461,0,yes,cd8_t_cell,22940.000000,102253.000000,22.434550
sample01830,sbj1463,0,yes,cd8_t_cell,25460.000000,97955.000000,25.991527
sample01833,sbj1464,0,yes,cd8_t_cell,20644.000000,93091.000000,22.176150
sample01881,sbj1479,0,yes,cd8_t_cell,22288.000000,106943.000000,20.841009
sample01899,sbj1484,0,yes,cd8_t_cell,14700.000000,99785.000000,14.731673
sample01962,sbj154,0,yes,cd8_t_cell,27745.000000,99110.000000,27.994148
sample02037,sbj179,0,yes,cd8_t_cell,31257.000000,108493.000000,28.810154
sample02055,sbj185,0,yes,cd8_t_cell,32854.000000,108273.000000,30.343668
sample02064,sbj188,0,yes,cd8_t_cell,14622.000000,99458.000000,14.701683
sample02178,sbj226,0,yes,cd8_t_cell,25501.000000,111328.000000,22.906187
sample02196,sbj232,0,yes,cd8_t_cell,35916.000000,108000.000000,33.255556
sample02235,sbj245,0,yes,cd8_t_cell,25545.000000,110676.000000,23.080885
sample02244,sbj248,0,yes,cd8_t_cell,18766.000000,98219.000000,19.106283
sample02262,sbj254,0,yes,cd8_t_cell,20019.000000,96318.000000,20.784277
sample02340,sbj280,0,yes,cd8_t_cell,28223.000000,97746.000000,28.873816
sample02388,sbj296,0,yes,cd8_t_cell,32109.000000,102063.000000,31.459981
sample02439,sbj313,0,yes,cd8_t_cell,26066.000000,105872.000000,24.620296
sample02454,sbj318,0,yes,cd8_t_cell,24356.000000,101990.000000,23.880773
sample02466,sbj322,0,yes,cd8_t_cell,25741.000000,93892.000000,27.415541
sample02481,sbj327,0,yes,cd8_t_cell,17460.000000,98315.000000,17.759243
sample02490,sbj330,0,yes,cd8_t_cell,26681.000000,101823.000000,26.203314
sample02499,sbj333,0,yes,cd8_t_cell,19839.000000,94449.000000,21.004987
sample02517,sbj339,0,yes,cd8_t_cell,19652.000000,91960.000000,21.370161
sample02562,sbj354,0,yes,cd8_t_cell,21426.000000,102783.000000,20.845860
sample02574,sbj358,0,yes,cd8_t_cell,21622.000000,91843.000000,23.542349
sample02586,sbj362,0,yes,cd8_t_cell,21616.000000,110607.000000,19.543067
sample02589,sbj363,0,yes,cd8_t_cell,27265.000000,104080.000000,26.196195
sample02625,sbj375,0,yes,cd8_t_cell,20463.000000,102515.000000,19.960981
sample02640,sbj380,0,yes,cd8_t_cell,15277.000000,104000.000000,14.689423
sample02655,sbj385,0,yes,cd8_t_cell,30235.000000,105004.000000,28.794141
sample02673,sbj391,0,yes,cd8_t_cell,20931.000000,95603.000000,21.893664
sample02736,sbj412,0,yes,cd8_t_cell,37572.000000,109832.000000,34.208610
sample02754,sbj418,0,yes,cd8_t_cell,16469.000000,96294.000000,17.102831
sample02760,sbj420,0,yes,cd8_t_cell,19445.000000,94578.000000,20.559750
sample02766,sbj422,0,yes,cd8_t_cell,27483.000000,95992.000000,28.630511
sample02772,sbj424,0,yes,cd8_t_cell,19579.000000,107219.000000,18.260756
sample02781,sbj427,0,yes,cd8_t_cell,32093.000000,100405.000000,31.963548
sample02808,sbj436,0,yes,cd8_t_cell,19508.000000,103811.000000,18.791843
sample02823,sbj441,0,yes,cd8_t_cell,11796.000000,104524.000000,11.285446
sample02838,sbj446,0,yes,cd8_t_cell,27149.000000,106495.000000,25.493216
sample02847,sbj449,0,yes,cd8_t_cell,24085.000000,99912.000000,24.106213
sample02856,sbj452,0,yes,cd8_t_cell,23112.000000,96230.000000,24.017458
sample02874,sbj458,0,yes,cd8_t_cell,38955.000000,104429.000000,37.302856
sample02910,sbj470,0,yes,cd8_t_cell,32478.000000,100447.000000,32.333469
sample02916,sbj472,0,yes,cd8_t_cell,25019.000000,101311.000000,24.695245
sample02925,sbj475,0,yes,cd8_t_cell,29612.000000,108188.000000,27.370873
sample02928,sbj476,0,yes,cd8_t_cell,23580.000000,92703.000000,25.436070
sample02976,sbj492,0,yes,cd8_t_cell,31969.000000,110894.000000,28.828431
sample02991,sbj497,0,yes,cd8_t_cell,23006.000000,105976.000000,21.708689
sample02997,sbj499,0,yes,cd8_t_cell,28683.000000,110003.000000,26.074743
sample03000,sbj500,0,yes,cd8_t_cell,23062.000000,104910.000000,21.982652
sample03021,sbj507,0,yes,cd8_t_cell,27727.000000,98326.000000,28.199052
sample03024,sbj508,0,yes,cd8_t_cell,22514.000000,97642.000000,23.057701
sample03039,sbj513,0,yes,cd8_t_cell,28741.000000,102122.000000,28.143789
sample03066,sbj522,0,yes,cd8_t_cell,26847.000000,100939.000000,26.597252
sample03093,sbj531,0,yes,cd8_t_cell,30144.000000,109414.000000,27.550405
sample03120,sbj540,0,yes,cd8_t_cell,35603.000000,108504.000000,32.812615
sample03159,sbj553,0,yes,cd8_t_cell,21794.000000,100156.000000,21.760054
sample03183,sbj561,0,yes,cd8_t_cell,27253.000000,112003.000000,24.332384
sample03195,sbj565,0,yes,cd8_t_cell,24484.000000,100362.000000,24.395688
sample03246,sbj582,0,yes,cd8_t_cell,28147.000000,99252.000000,28.359126
sample03264,sbj588,0,yes,cd8_t_cell,15707.000000,110609.000000,14.200472
sample03267,sbj589,0,yes,cd8_t_cell,25983.000000,102753.000000,25.286853
sample03273,sbj591,0,yes,cd8_t_cell,26053.000000,112483.000000,23.161722
sample03285,sbj595,0,yes,cd8_t_cell,19665.000000,99379.000000,19.787883
sample03297,sbj599,0,yes,cd8_t_cell,28642.000000,111772.000000,25.625380
sample03303,sbj601,0,yes,cd8_t_cell,23330.000000,100668.000000,23.175190
sample03375,sbj625,0,yes,cd8_t_cell,21026.000000,98832.000000,21.274486
sample03381,sbj627,0,yes,cd8_t_cell,21818.000000,93872.000000,23.242287
sample03405,sbj635,0,yes,cd8_t_cell,32714.000000,110869.000000,29.506896
sample03453,sbj651,0,yes,cd8_t_cell,21889.000000,92222.000000,23.735117
sample03465,sbj655,0,yes,cd8_t_cell,31961.000000,101506.000000,31.486809
sample03486,sbj662,0,yes,cd8_t_cell,22428.000000,96558.000000,23.227490
sample03492,sbj664,0,yes,cd8_t_cell,28199.000000,109345.000000,25.789016
sample03531,sbj677,0,yes,cd8_t_cell,20412.000000,94026.000000,21.708889
sample03576,sbj692,0,yes,cd8_t_cell,22450.000000,100605.000000,22.314994
sample03588,sbj696,0,yes,cd8_t_cell,23731.000000,95193.000000,24.929354
sample03591,sbj697,0,yes,cd8_t_cell,17432.000000,99409.000000,17.535636
sample03621,sbj707,0,yes,cd8_t_cell,19447.000000,95262.000000,20.414226
sample03624,sbj708,0,yes,cd8_t_cell,17485.000000,105323.000000,16.601312
sample03747,sbj749,0,yes,cd8_t_cell,30884.000000,101150.000000,30.532872
sample03765,sbj755,0,yes,cd8_t_cell,28234.000000,99275.000000,28.440191
sample03789,sbj763,0,yes,cd8_t_cell,27835.000000,99716.000000,27.914277
sample03804,sbj768,0,yes,cd8_t_cell,23277.000000,102491.000000,22.711262
sample03819,sbj773,0,yes,cd8_t_cell,24824.000000,95384.000000,26.025329
sample03846,sbj782,0,yes,cd8_t_cell,28476.000000,100230.000000,28.410655
sample03852,sbj784,0,yes,cd8_t_cell,27723.000000,104555.000000,26.515231
sample03861,sbj787,0,yes,cd8_t_cell,35701.000000,107496.000000,33.211468
sample03885,sbj795,0,yes,cd8_t_cell,19666.000000,96267.000000,20.428600
sample03936,sbj812,0,yes,cd8_t_cell,18144.000000,94088.000000,19.284074
sample03942,sbj814,0,yes,cd8_t_cell,36383.000000,106061.000000,34.303844
sample03951,sbj817,0,yes,cd8_t_cell,22596.000000,113880.000000,19.841939
sample03963,sbj821,0,yes,cd8_t_cell,22800.000000,98638.000000,23.114824
sample03981,sbj827,0,yes,cd8_t_cell,24574.000000,92704.000000,26.508026
sample04014,sbj838,0,yes,cd8_t_cell,41967.000000,109698.000000,38.256851
sample04035,sbj845,0,yes,cd8_t_cell,43319.000000,109953.000000,39.397743
sample04047,sbj849,0,yes,cd8_t_cell,25873.000000,106037.000000,24.399974
sample04068,sbj856,0,yes,cd8_t_cell,21491.000000,93367.000000,23.017769
sample04128,sbj876,0,yes,cd8_t_cell,26579.000000,100689.000000,26.397124
sample04155,sbj885,0,yes,cd8_t_cell,27166.000000,99812.000000,27.217168
sample04170,sbj890,0,yes,cd8_t_cell,31921.000000,91576.000000,34.857386
sample04173,sbj891,0,yes,cd8_t_cell,24640.000000,109234.000000,22.557079
sample04188,sbj896,0,yes,cd8_t_cell,29349.000000,106532.000000,27.549469
sample04203,sbj901,0,yes,cd8_t_cell,18857.000000,100195.000000,18.820300
sample04224,sbj908,0,yes,cd8_t_cell,20485.000000,92946.000000,22.039679
sample04266,sbj922,0,yes,cd8_t_cell,20716.000000,94810.000000,21.850016
sample04284,sbj928,0,yes,cd8_t_cell,33919.000000,99569.000000,34.065824
sample04293,sbj931,0,yes,cd8_t_cell,22958.000000,99311.000000,23.117278
sample04296,sbj932,0,yes,cd8_t_cell,30459.000000,102827.000000,29.621597
sample04302,sbj934,0,yes,cd8_t_cell,22542.000000,106587.000000,21.148921
sample04347,sbj949,0,yes,cd8_t_cell,23925.000000,98892.000000,24.193059
sample04368,sbj956,0,yes,cd8_t_cell,21796.000000,105129.000000,20.732624
sample04377,sbj959,0,yes,cd8_t_cell,29284.000000,106749.000000,27.432575
sample04434,sbj978,0,yes,cd8_t_cell,27482.000000,93222.000000,29.480166
sample04461,sbj987,0,yes,cd8_t_cell,22440.000000,107057.000000,20.960797
sample04491,sbj997,0,yes,cd8_t_cell,24891.000000,100843.000000,24.682923
sample07506,sbj2502,0,yes,cd8_t_cell,26253.000000,110719.000000,23.711377
sample07527,sbj2509,0,yes,cd8_t_cell,25497.000000,108211.000000,23.562300
sample07551,sbj2517,0,yes,cd8_t_cell,20972.000000,94482.000000,22.196821
sample07560,sbj2520,0,yes,cd8_t_cell,34539.000000,112532.000000,30.692603
sample07575,sbj2525,0,yes,cd8_t_cell,20207.000000,107827.000000,18.740204
sample07587,sbj2529,0,yes,cd8_t_cell,28481.000000,107238.000000,26.558683
sample07593,sbj2531,0,yes,cd8_t_cell,26644.000000,109494.000000,24.333753
sample07614,sbj2538,0,yes,cd8_t_cell,28901.000000,105861.000000,27.300895
sample07647,sbj2549,0,yes,cd8_t_cell,20193.000000,94533.000000,21.360795
sample07665,sbj2555,0,yes,cd8_t_cell,29551.000000,92218.000000,32.044720
sample07725,sbj2575,0,yes,cd8_t_cell,13774.000000,118260.000000,11.647218
sample07761,sbj2587,0,yes,cd8_t_cell,20518.000000,95689.000000,21.442381
sample07800,sbj2600,0,yes,cd8_t_cell,19767.000000,105323.000000,18.767980
sample07821,sbj2607,0,yes,cd8_t_cell,25732.000000,93256.000000,27.592863
sample07824,sbj2608,0,yes,cd8_t_cell,22840.000000,105231.000000,21.704631
sample07827,sbj2609,0,yes,cd8_t_cell,33969.000000,106881.000000,31.782075
sample07836,sbj2612,0,yes,cd8_t_cell,26863.000000,111247.000000,24.147168
sample07905,sbj2635,0,yes,cd8_t_cell,18348.000000,93457.000000,19.632558
sample07968,sbj2656,0,yes,cd8_t_cell,36185.000000,105329.000000,34.354261
sample08040,sbj2680,0,yes,cd8_t_cell,31418.000000,110353.000000,28.470454
sample08055,sbj2685,0,yes,cd8_t_cell,21389.000000,99750.000000,21.442607
sample08085,sbj2695,0,yes,cd8_t_cell,26736.000000,111862.000000,23.900878
sample08121,sbj2707,0,yes,cd8_t_cell,33152.000000,92948.000000,35.667255
sample08127,sbj2709,0,yes,cd8_t_cell,26592.000000,103846.000000,25.607149
sample08151,sbj2717,0,yes,cd8_t_cell,28447.000000,93321.000000,30.482957
sample08166,sbj2722,0,yes,cd8_t_cell,23826.000000,105393.000000,22.606814
sample08178,sbj2726,0,yes,cd8_t_cell,29486.000000,96265.000000,30.630032
sample08199,sbj2733,0,yes,cd8_t_cell,23729.000000,96680.000000,24.543856
sample08247,sbj2749,0,yes,cd8_t_cell,22848.000000,109831.000000,20.802870
sample08274,sbj2758,0,yes,cd8_t_cell,27993.000000,108507.000000,25.798336
sample08289,sbj2763,0,yes,cd8_t_cell,33505.000000,105215.000000,31.844319
sample08298,sbj2766,0,yes,cd8_t_cell,34569.000000,100065.000000,34.546545
sample08328,sbj2776,0,yes,cd8_t_cell,19791.000000,95061.000000,20.819263
sample08337,sbj2779,0,yes,cd8_t_cell,30638.000000,104118.000000,29.426228
sample08349,sbj2783,0,yes,cd8_t_cell,36070.000000,110119.000000,32.755474
sample08352,sbj2784,0,yes,cd8_t_cell,18030.000000,102552.000000,17.581325
sample08361,sbj2787,0,yes,cd8_t_cell,18312.000000,108577.000000,16.865450
sample08388,sbj2796,0,yes,cd8_t_cell,21494.000000,104700.000000,20.529131
sample08403,sbj2801,0,yes,cd8_t_cell,25161.000000,104371.000000,24.107271
sample08442,sbj2814,0,yes,cd8_t_cell,28073.000000,99949.000000,28.087325
sample08466,sbj2822,0,yes,cd8_t_cell,25476.000000,105106.000000,24.238388
sample08481,sbj2827,0,yes,cd8_t_cell,28552.000000,93431.000000,30.559450
sample08568,sbj2856,0,yes,cd8_t_cell,22884.000000,114887.000000,19.918703
sample08583,sbj2861,0,yes,cd8_t_cell,27427.000000,98678.000000,27.794443
sample08595,sbj2865,0,yes,cd8_t_cell,26635.000000,107743.000000,24.720864
sample08610,sbj2870,0,yes,cd8_t_cell,19865.000000,92235.000000,21.537377
sample08655,sbj2885,0,yes,cd8_t_cell,19503.000000,100069.000000,19.489552
sample08685,sbj2895,0,yes,cd8_t_cell,29924.000000,109081.000000,27.432825
sample08706,sbj2902,0,yes,cd8_t_cell,25385.000000,100379.000000,25.289154
sample08718,sbj2906,0,yes,cd8_t_cell,22191.000000,95937.000000,23.130805
sample08724,sbj2908,0,yes,cd8_t_cell,21664.000000,97814.000000,22.148159
sample08769,sbj2923,0,yes,cd8_t_cell,20285.000000,99989.000000,20.287232
sample08781,sbj2927,0,yes,cd8_t_cell,28531.000000,94763.000000,30.107742
sample08829,sbj2943,0,yes,cd8_t_cell,23414.000000,111592.000000,20.981791
sample08832,sbj2944,0,yes,cd8_t_cell,27072.000000,95279.000000,28.413396
sample08853,sbj2951,0,yes,cd8_t_cell,30579.000000,94796.000000,32.257690
sample08856,sbj2952,0,yes,cd8_t_cell,22509.000000,97749.000000,23.027346
sample08895,sbj2965,0,yes,cd8_t_cell,29568.000000,107751.000000,27.441045
sample08913,sbj2971,0,yes,cd8_t_cell,27213.000000,92108.000000,29.544665
sample08925,sbj2975,0,yes,cd8_t_cell,18995.000000,109436.000000,17.357177
sample08943,sbj2981,0,yes,cd8_t_cell,29306.000000,110234.000000,26.585264
sample08946,sbj2982,0,yes,cd8_t_cell,24111.000000,99120.000000,24.325061
sample08970,sbj2990,0,yes,cd8_t_cell,26352.000000,107407.000000,24.534714
sample08979,sbj2993,0,yes,cd8_t_cell,27453.000000,99103.000000,27.701482
sample09009,sbj3003,0,yes,cd8_t_cell,26517.000000,95764.000000,27.689946
sample09018,sbj3006,0,yes,cd8_t_cell,18854.000000,92308.000000,20.425099
sample09024,sbj3008,0,yes,cd8_t_cell,21873.000000,108837.000000,20.097026
sample09072,sbj3024,0,yes,cd8_t_cell,20263.000000,102093.000000,19.847590
sample09081,sbj3027,0,yes,cd8_t_cell,29005.000000,105923.000000,27.383099
sample09087,sbj3029,0,yes,cd8_t_cell,28712.000000,109362.000000,26.254092
sample09102,sbj3034,0,yes,cd8_t_cell,27986.000000,99577.000000,28.104884
sample09114,sbj3038,0,yes,cd8_t_cell,23413.000000,97992.000000,23.892767
sample09129,sbj3043,0,yes,cd8_t_cell,12655.000000,93627.000000,13.516400
sample09144,sbj3048,0,yes,cd8_t_cell,31311.000000,105316.000000,29.730525
sample09162,sbj3054,0,yes,cd8_t_cell,27763.000000,103535.000000,26.815087
sample09171,sbj3057,0,yes,cd8_t_cell,28282.000000,102086.000000,27.704093
sample09180,sbj3060,0,yes,cd8_t_cell,24880.000000,100004.000000,24.879005
sample09198,sbj3066,0,yes,cd8_t_cell,26673.000000,93220.000000,28.612959
sample09243,sbj3081,0,yes,cd8_t_cell,26594.000000,98369.000000,27.034940
sample09300,sbj3100,0,yes,cd8_t_cell,31325.000000,93220.000000,33.603304
sample09390,sbj3130,0,yes,cd8_t_cell,20253.000000,97441.000000,20.784885
sample09393,sbj3131,0,yes,cd8_t_cell,23712.000000,92704.000000,25.578184
sample09441,sbj3147,0,yes,cd8_t_cell,32189.000000,105526.000000,30.503383
sample09450,sbj3150,0,yes,cd8_t_cell,26642.000000,94727.000000,28.125033
sample09459,sbj3153,0,yes,cd8_t_cell,26358.000000,103625.000000,25.435947
sample09468,sbj3156,0,yes,cd8_t_cell,19484.000000,99283.000000,19.624709
sample09486,sbj3162,0,yes,cd8_t_cell,19210.000000,98707.000000,19.461639
sample09489,sbj3163,0,yes,cd8_t_cell,27100.000000,99158.000000,27.330120
sample09495,sbj3165,0,yes,cd8_t_cell,26070.000000,99837.000000,26.112563
sample09513,sbj3171,0,yes,cd8_t_cell,25661.000000,93793.000000,27.359185
sample09519,sbj3173,0,yes,cd8_t_cell,30967.000000,108729.000000,28.480902
sample09546,sbj3182,0,yes,cd8_t_cell,24963.000000,108849.000000,22.933605
sample09573,sbj3191,0,yes,cd8_t_cell,25615.000000,98810.000000,25.923490
sample09579,sbj3193,0,yes,cd8_t_cell,21626.000000,96921.000000,22.313018
sample09582,sbj3194,0,yes,cd8_t_cell,29150.000000,103807.000000,28.080958
sample09591,sbj3197,0,yes,cd8_t_cell,28117.000000,100056.000000,28.101263
sample09597,sbj3199,0,yes,cd8_t_cell,17565.000000,92646.000000,18.959264
sample09606,sbj3202,0,yes,cd8_t_cell,14808.000000,93652.000000,15.811729
sample09612,sbj3204,0,yes,cd8_t_cell,26285.000000,111085.000000,23.662061
sample09615,sbj3205,0,yes,cd8_t_cell,32342.000000,101628.000000,31.823907
sample09666,sbj3222,0,yes,cd8_t_cell,24288.000000,97899.000000,24.809242
sample09690,sbj3230,0,yes,cd8_t_cell,33000.000000,94874.000000,34.782975
sample09699,sbj3233,0,yes,cd8_t_cell,32082.000000,98949.000000,32.422763
sample09705,sbj3235,0,yes,cd8_t_cell,23361.000000,93684.000000,24.935955
sample09720,sbj3240,0,yes,cd8_t_cell,24725.000000,111070.000000,22.260736
sample09783,sbj3261,0,yes,cd8_t_cell,20951.000000,98229.000000,21.328732
sample09798,sbj3266,0,yes,cd8_t_cell,31452.000000,98599.000000,31.898904
sample09909,sbj3303,0,yes,cd8_t_cell,14485.000000,91730.000000,15.790908
sample09924,sbj3308,0,yes,cd8_t_cell,21540.000000,100470.000000,21.439236
sample09963,sbj3321,0,yes,cd8_t_cell,23535.000000,106462.000000,22.106479
sample09978,sbj3326,0,yes,cd8_t_cell,30957.000000,112015.000000,27.636477
sample09990,sbj3330,0,yes,cd8_t_cell,18433.000000,108247.000000,17.028647
sample09996,sbj3332,0,yes,cd8_t_cell,27102.000000,104950.000000,25.823726
sample10038,sbj3346,0,yes,cd8_t_cell,23542.000000,110897.000000,21.228708
sample10041,sbj3347,0,yes,cd8_t_cell,24624.000000,100869.000000,24.411861
sample10095,sbj3365,0,yes,cd8_t_cell,18383.000000,96512.000000,19.047372
sample10116,sbj3372,0,yes,cd8_t_cell,28698.000000,110235.000000,26.033474
sample10125,sbj3375,0,yes,cd8_t_cell,18778.000000,106638.000000,17.609107
sample10128,sbj3376,0,yes,cd8_t_cell,30471.000000,98648.000000,30.888614
sample10131,sbj3377,0,yes,cd8_t_cell,23626.000000,98762.000000,23.922156
sample10140,sbj3380,0,yes,cd8_t_cell,19006.000000,96863.000000,19.621527
sample10179,sbj3393,0,yes,cd8_t_cell,24049.000000,111530.000000,21.562808
sample10197,sbj3399,0,yes,cd8_t_cell,40833.000000,102560.000000,39.813768
sample10233,sbj3411,0,yes,cd8_t_cell,33153.000000,98101.000000,33.794763
sample10248,sbj3416,0,yes,cd8_t_cell,23029.000000,96708.000000,23.812921
sample10323,sbj3441,0,yes,cd8_t_cell,21794.000000,98678.000000,22.085977
sample10335,sbj3445,0,yes,cd8_t_cell,32604.000000,102803.000000,31.715028
sample10341,sbj3447,0,yes,cd8_t_cell,30392.000000,115465.000000,26.321396
sample10347,sbj3449,0,yes,cd8_t_cell,20636.000000,106585.000000,19.361073
sample10356,sbj3452,0,yes,cd8_t_cell,25574.000000,104752.000000,24.413854
sample10383,sbj3461,0,yes,cd8_t_cell,38247.000000,110316.000000,34.670401
sample10386,sbj3462,0,yes,cd8_t_cell,20969.000000,94152.000000,22.271433
sample10392,sbj3464,0,yes,cd8_t_cell,16095.000000,95952.000000,16.774012
sample10410,sbj3470,0,yes,cd8_t_cell,21859.000000,101295.000000,21.579545
sample10443,sbj3481,0,yes,cd8_t_cell,23318.000000,100163.000000,23.280054
sample10491,sbj3497,0,yes,cd8_t_cell,21584.000000,100705.000000,21.432898
sample00000,sbj000,0,no,monocyte,23511.000000,93214.000000,25.222606
sample00006,sbj002,0,no,monocyte,21606.000000,99774.000000,21.654940
sample00009,sbj003,0,no,monocyte,15676.000000,95821.000000,16.359671
sample00072,sbj024,0,no,monocyte,19301.000000,93613.000000,20.617863
sample00081,sbj027,0,no,monocyte,18924.000000,93286.000000,20.286002
sample00123,sbj041,0,no,monocyte,19142.000000,101404.000000,18.876967
sample00153,sbj051,0,no,monocyte,16853.000000,105449.000000,15.982134
sample00174,sbj058,0,no,monocyte,14505.000000,97817.000000,14.828711
sample00186,sbj062,0,no,monocyte,19122.000000,99781.000000,19.163969
sample00189,sbj063,0,no,monocyte,17971.000000,92269.000000,19.476747
sample00213,sbj071,0,no,monocyte,15033.000000,98753.000000,15.222829
sample00243,sbj081,0,no,monocyte,20959.000000,98635.000000,21.249050
sample00249,sbj083,0,no,monocyte,19345.000000,98477.000000,19.644181
sample00285,sbj095,0,no,monocyte,15444.000000,90622.000000,17.042219
sample00402,sbj1030,0,no,monocyte,24839.000000,91145.000000,27.252181
sample00411,sbj1033,0,no,monocyte,23948.000000,107991.000000,22.175922
sample00414,sbj1034,0,no,monocyte,23724.000000,92653.000000,25.605215
sample00435,sbj1040,0,no,monocyte,20614.000000,107516.000000,19.172960
sample00459,sbj1048,0,no,monocyte,17334.000000,96487.000000,17.965114
sample00465,sbj105,0,no,monocyte,16653.000000,93629.000000,17.786156
sample00471,sbj1051,0,no,monocyte,22019.000000,106307.000000,20.712653
sample00480,sbj1054,0,no,monocyte,21297.000000,102557.000000,20.766013
sample00492,sbj1058,0,no,monocyte,15831.000000,90452.000000,17.502101
sample00513,sbj1064,0,no,monocyte,13238.000000,87506.000000,15.128106
sample00516,sbj1065,0,no,monocyte,20547.000000,104517.000000,19.659003
sample00522,sbj1067,0,no,monocyte,17945.000000,91990.000000,19.507555
sample00534,sbj1070,0,no,monocyte,20739.000000,96652.000000,21.457394
sample00585,sbj1086,0,no,monocyte,13590.000000,95591.000000,14.216820
sample00588,sbj1087,0,no,monocyte,19917.000000,96138.000000,20.717094
sample00624,sbj1098,0,no,monocyte,14076.000000,102890.000000,13.680630
sample00639,sbj1102,0,no,monocyte,23026.000000,102419.000000,22.482157
sample00693,sbj1119,0,no,monocyte,13159.000000,93222.000000,14.115767
sample00696,sbj112,0,no,monocyte,19291.000000,92187.000000,20.925944
sample00717,sbj1126,0,no,monocyte,25052.000000,105860.000000,23.665218
sample00726,sbj1129,0,no,monocyte,20193.000000,104384.000000,19.344919
sample00756,sbj1138,0,no,monocyte,24055.000000,90530.000000,26.571302
sample00798,sbj1150,0,no,monocyte,17893.000000,106003.000000,16.879711
sample00807,sbj1153,0,no,monocyte,15462.000000,96519.000000,16.019644
sample00849,sbj1166,0,no,monocyte,21432.000000,90828.000000,23.596248
sample00867,sbj1171,0,no,monocyte,20298.000000,96336.000000,21.070005
sample00918,sbj1187,0,no,monocyte,19689.000000,104179.000000,18.899202
sample00966,sbj1201,0,no,monocyte,25282.000000,91242.000000,27.708731
sample00987,sbj1208,0,no,monocyte,20027.000000,90006.000000,22.250739
sample01011,sbj1215,0,no,monocyte,16081.000000,94131.000000,17.083639
sample01023,sbj1219,0,no,monocyte,19542.000000,91957.000000,21.251237
sample01041,sbj1224,0,no,monocyte,14367.000000,93808.000000,15.315325
sample01053,sbj1228,0,no,monocyte,19819.000000,103410.000000,19.165458
sample01062,sbj1230,0,no,monocyte,23899.000000,95146.000000,25.118239
sample01110,sbj1245,0,no,monocyte,28491.000000,103592.000000,27.503089
sample01134,sbj1252,0,no,monocyte,19911.000000,95780.000000,20.788265
sample01137,sbj1253,0,no,monocyte,15917.000000,88196.000000,18.047304
sample01143,sbj1255,0,no,monocyte,24104.000000,106564.000000,22.619271
sample01152,sbj1258,0,no,monocyte,24370.000000,103219.000000,23.609994
sample01161,sbj1260,0,no,monocyte,21627.000000,107354.000000,20.145500
sample01218,sbj1278,0,no,monocyte,15102.000000,106596.000000,14.167511
sample01227,sbj1280,0,no,monocyte,13993.000000,91231.000000,15.337988
sample01230,sbj1281,0,no,monocyte,22600.000000,94586.000000,23.893599
sample01242,sbj1285,0,no,monocyte,23473.000000,99421.000000,23.609700
sample01314,sbj1307,0,no,monocyte,24915.000000,104820.000000,23.769319
sample01344,sbj1316,0,no,monocyte,24015.000000,104192.000000,23.048795
sample01386,sbj1329,0,no,monocyte,16508.000000,104505.000000,15.796373
sample01395,sbj1331,0,no,monocyte,15778.000000,102167.000000,15.443343
sample01413,sbj1337,0,no,monocyte,16605.000000,89999.000000,18.450205
sample01431,sbj1342,0,no,monocyte,16433.000000,99852.000000,16.457357
sample01542,sbj1376,0,no,monocyte,21326.000000,104258.000000,20.455025
sample01554,sbj138,0,no,monocyte,19601.000000,97073.000000,20.192020
sample01587,sbj139,0,no,monocyte,19385.000000,92133.000000,21.040235
sample01611,sbj1397,0,no,monocyte,22857.000000,92787.000000,24.633839
sample01674,sbj1416,0,no,monocyte,17829.000000,89661.000000,19.884900
sample01680,sbj1418,0,no,monocyte,24618.000000,107626.000000,22.873655
sample01686,sbj142,0,no,monocyte,14863.000000,95142.000000,15.621913
sample01701,sbj1424,0,no,monocyte,23189.000000,106915.000000,21.689192
sample01722,sbj1430,0,no,monocyte,15273.000000,89351.000000,17.093261
sample01752,sbj144,0,no,monocyte,18043.000000,98420.000000,18.332656
sample01767,sbj1444,0,no,monocyte,14351.000000,91733.000000,15.644316
sample01803,sbj1455,0,no,monocyte,18519.000000,102654.000000,18.040213
sample01809,sbj1457,0,no,monocyte,17252.000000,110191.000000,15.656451
sample01812,sbj1458,0,no,monocyte,24358.000000,102248.000000,23.822471
sample01848,sbj1469,0,no,monocyte,21723.000000,88513.000000,24.542158
sample01866,sbj1474,0,no,monocyte,18881.000000,98182.000000,19.230613
sample01875,sbj1477,0,no,monocyte,26847.000000,107243.000000,25.033802
sample01884,sbj148,0,no,monocyte,15942.000000,96652.000000,16.494227
sample01893,sbj1482,0,no,monocyte,22619.000000,106269.000000,21.284664
sample01914,sbj1489,0,no,monocyte,17383.000000,91149.000000,19.070972
sample01926,sbj1492,0,no,monocyte,16986.000000,88934.000000,19.099557
sample01932,sbj1494,0,no,monocyte,20295.000000,104946.000000,19.338517
sample01968,sbj156,0,no,monocyte,22638.000000,99717.000000,22.702247
sample01986,sbj162,0,no,monocyte,27995.000000,106905.000000,26.186801
sample01992,sbj164,0,no,monocyte,18013.000000,90333.000000,19.940664
sample02010,sbj170,0,no,monocyte,21380.000000,106400.000000,20.093985
sample02016,sbj172,0,no,monocyte,19586.000000,88207.000000,22.204587
sample02040,sbj180,0,no,monocyte,25881.000000,99240.000000,26.079202
sample02046,sbj182,0,no,monocyte,19434.000000,92197.000000,21.078777
sample02061,sbj187,0,no,monocyte,23102.000000,90973.000000,25.394348
sample02109,sbj203,0,no,monocyte,18638.000000,104432.000000,17.847020
sample02148,sbj216,0,no,monocyte,19047.000000,91053.000000,20.918586
sample02169,sbj223,0,no,monocyte,20202.000000,88926.000000,22.717765
sample02205,sbj235,0,no,monocyte,18634.000000,95117.000000,19.590609
sample02214,sbj238,0,no,monocyte,17594.000000,106559.000000,16.511041
sample02232,sbj244,0,no,monocyte,20136.000000,92718.000000,21.717466
sample02253,sbj251,0,no,monocyte,15102.000000,91785.000000,16.453669
sample02286,sbj262,0,no,monocyte,19370.000000,98841.000000,19.597131
sample02289,sbj263,0,no,monocyte,25078.000000,104180.000000,24.071799
sample02319,sbj273,0,no,monocyte,15523.000000,98720.000000,15.724271
sample02334,sbj278,0,no,monocyte,14666.000000,106361.000000,13.788889
sample02355,sbj285,0,no,monocyte,19753.000000,105730.000000,18.682493
sample02364,sbj288,0,no,monocyte,19620.000000,94421.000000,20.779276
sample02412,sbj304,0,no,monocyte,23082.000000,104992.000000,21.984532
sample02430,sbj310,0,no,monocyte,15214.000000,93030.000000,16.353864
sample02436,sbj312,0,no,monocyte,17463.000000,104153.000000,16.766680
sample02478,sbj326,0,no,monocyte,23443.000000,108880.000000,21.531043
sample02541,sbj347,0,no,monocyte,22756.000000,101032.000000,22.523557
sample02583,sbj361,0,no,monocyte,14143.000000,98705.000000,14.328555
sample02592,sbj364,0,no,monocyte,23331.000000,104251.000000,22.379641
sample02619,sbj373,0,no,monocyte,23424.000000,100603.000000,23.283600
sample02646,sbj382,0,no,monocyte,19758.000000,95983.000000,20.584895
sample02661,sbj387,0,no,monocyte,18170.000000,100085.000000,18.154569
sample02664,sbj388,0,no,monocyte,18820.000000,102240.000000,18.407668
sample02667,sbj389,0,no,monocyte,19361.000000,90006.000000,21.510788
sample02682,sbj394,0,no,monocyte,21789.000000,98716.000000,22.072410
sample02700,sbj400,0,no,monocyte,14891.000000,103298.000000,14.415574
sample02706,sbj402,0,no,monocyte,21188.000000,90279.000000,23.469467
sample02718,sbj406,0,no,monocyte,22359.000000,106103.000000,21.072920
sample02742,sbj414,0,no,monocyte,20889.000000,99692.000000,20.953537
sample02775,sbj425,0,no,monocyte,13306.000000,91733.000000,14.505140
sample02799,sbj433,0,no,monocyte,19796.000000,93723.000000,21.121816
sample02811,sbj437,0,no,monocyte,20217.000000,94253.000000,21.449715
sample02829,sbj443,0,no,monocyte,19377.000000,104439.000000,18.553414
sample02886,sbj462,0,no,monocyte,24503.000000,106909.000000,22.919492
sample02889,sbj463,0,no,monocyte,15581.000000,89416.000000,17.425293
sample02901,sbj467,0,no,monocyte,22128.000000,103714.000000,21.335596
sample02961,sbj487,0,no,monocyte,16734.000000,96418.000000,17.355680
sample02970,sbj490,0,no,monocyte,23726.000000,87698.000000,27.054209
sample03006,sbj502,0,no,monocyte,20449.000000,93776.000000,21.806219
sample03030,sbj510,0,no,monocyte,16541.000000,99163.000000,16.680617
sample03051,sbj517,0,no,monocyte,17675.000000,106203.000000,16.642656
sample03096,sbj532,0,no,monocyte,22398.000000,91974.000000,24.352534
sample03108,sbj536,0,no,monocyte,22660.000000,107745.000000,21.031138
sample03132,sbj544,0,no,monocyte,25951.000000,106250.000000,24.424471
sample03186,sbj562,0,no,monocyte,17786.000000,97251.000000,18.288758
sample03198,sbj566,0,no,monocyte,27334.000000,99060.000000,27.593378
sample03213,sbj571,0,no,monocyte,13340.000000,90324.000000,14.769054
sample03252,sbj584,0,no,monocyte,15988.000000,91889.000000,17.399253
sample03258,sbj586,0,no,monocyte,17721.000000,90418.000000,19.598974
sample03318,sbj606,0,no,monocyte,13882.000000,95758.000000,14.496961
sample03321,sbj607,0,no,monocyte,13623.000000,94459.000000,14.422130
sample03333,sbj611,0,no,monocyte,16450.000000,94834.000000,17.346100
sample03363,sbj621,0,no,monocyte,16148.000000,96317.000000,16.765472
sample03384,sbj628,0,no,monocyte,13804.000000,92427.000000,14.935030
sample03390,sbj630,0,no,monocyte,21569.000000,101806.000000,21.186374
sample03402,sbj634,0,no,monocyte,13029.000000,100780.000000,12.928160
sample03414,sbj638,0,no,monocyte,17742.000000,97437.000000,18.208689
sample03420,sbj640,0,no,monocyte,23605.000000,106923.000000,22.076635
sample03432,sbj644,0,no,monocyte,17756.000000,102989.000000,17.240676
sample03474,sbj658,0,no,monocyte,22133.000000,85892.000000,25.768407
sample03489,sbj663,0,no,monocyte,17532.000000,99048.000000,17.700509
sample03552,sbj684,0,no,monocyte,16886.000000,100140.000000,16.862393
sample03579,sbj693,0,no,monocyte,13921.000000,94336.000000,14.756827
sample03615,sbj705,0,no,monocyte,13514.000000,105140.000000,12.853338
sample03633,sbj711,0,no,monocyte,21403.000000,104367.000000,20.507440
sample03666,sbj722,0,no,monocyte,22405.000000,109178.000000,20.521534
sample03681,sbj727,0,no,monocyte,25672.000000,104448.000000,24.578738
sample03684,sbj728,0,no,monocyte,17715.000000,99728.000000,17.763316
sample03699,sbj733,0,no,monocyte,17352.000000,109333.000000,15.870780
sample03717,sbj739,0,no,monocyte,20869.000000,100140.000000,20.839824
sample03720,sbj740,0,no,monocyte,17305.000000,96822.000000,17.873004
sample03738,sbj746,0,no,monocyte,16895.000000,99380.000000,17.000402
sample03768,sbj756,0,no,monocyte,11704.000000,105144.000000,11.131401
sample03774,sbj758,0,no,monocyte,16749.000000,92446.000000,18.117604
sample03816,sbj772,0,no,monocyte,20021.000000,95927.000000,20.871079
sample03891,sbj797,0,no,monocyte,12139.000000,97613.000000,12.435844
sample03939,sbj813,0,no,monocyte,27653.000000,102721.000000,26.920493
sample03972,sbj824,0,no,monocyte,25427.000000,98388.000000,25.843599
sample04062,sbj854,0,no,monocyte,26687.000000,106367.000000,25.089548
sample04074,sbj858,0,no,monocyte,15756.000000,107019.000000,14.722619
sample04095,sbj865,0,no,monocyte,19018.000000,95659.000000,19.881036
sample04134,sbj878,0,no,monocyte,25898.000000,105105.000000,24.640122
sample04143,sbj881,0,no,monocyte,20380.000000,93555.000000,21.783977
sample04182,sbj894,0,no,monocyte,20559.000000,92478.000000,22.231233
sample04191,sbj897,0,no,monocyte,14242.000000,107726.000000,13.220578
sample04200,sbj900,0,no,monocyte,21118.000000,93506.000000,22.584647
sample04206,sbj902,0,no,monocyte,22701.000000,100917.000000,22.494723
sample04209,sbj903,0,no,monocyte,24192.000000,99267.000000,24.370637
sample04278,sbj926,0,no,monocyte,22976.000000,108453.000000,21.185214
sample04308,sbj936,0,no,monocyte,21351.000000,90602.000000,23.565705
sample04338,sbj946,0,no,monocyte,20880.000000,101281.000000,20.615910
sample04419,sbj973,0,no,monocyte,24975.000000,95058.000000,26.273433
sample04428,sbj976,0,no,monocyte,16342.000000,95446.000000,17.121723
sample04449,sbj983,0,no,monocyte,16056.000000,91892.000000,17.472685
sample07503,sbj2501,0,no,monocyte,19683.000000,94421.000000,20.845998
sample07515,sbj2505,0,no,monocyte,20374.000000,106161.000000,19.191605
sample07542,sbj2514,0,no,monocyte,23438.000000,105427.000000,22.231497
sample07620,sbj2540,0,no,monocyte,21717.000000,100603.000000,21.586831
sample07632,sbj2544,0,no,monocyte,18646.000000,101693.000000,18.335579
sample07644,sbj2548,0,no,monocyte,21349.000000,107169.000000,19.920873
sample07653,sbj2551,0,no,monocyte,20482.000000,89517.000000,22.880570
sample07674,sbj2558,0,no,monocyte,20701.000000,99767.000000,20.749346
sample07698,sbj2566,0,no,monocyte,12794.000000,104236.000000,12.274070
sample07710,sbj2570,0,no,monocyte,13037.000000,96856.000000,13.460188
sample07722,sbj2574,0,no,monocyte,21464.000000,92462.000000,23.213861
sample07734,sbj2578,0,no,monocyte,27881.000000,94162.000000,29.609609
sample07746,sbj2582,0,no,monocyte,17460.000000,90017.000000,19.396336
sample07809,sbj2603,0,no,monocyte,18757.000000,89140.000000,21.042181
sample07815,sbj2605,0,no,monocyte,19868.000000,93378.000000,21.276960
sample07818,sbj2606,0,no,monocyte,15959.000000,93245.000000,17.115127
sample07833,sbj2611,0,no,monocyte,25261.000000,111992.000000,22.556075
sample07872,sbj2624,0,no,monocyte,15219.000000,98198.000000,15.498279
sample07899,sbj2633,0,no,monocyte,23602.000000,104475.000000,22.591050
sample07926,sbj2642,0,no,monocyte,18621.000000,100923.000000,18.450700
sample07929,sbj2643,0,no,monocyte,21024.000000,100774.000000,20.862524
sample07932,sbj2644,0,no,monocyte,22379.000000,103601.000000,21.601143
sample07941,sbj2647,0,no,monocyte,17778.000000,99005.000000,17.956669
sample07959,sbj2653,0,no,monocyte,23365.000000,95855.000000,24.375359
sample08004,sbj2668,0,no,monocyte,16936.000000,96921.000000,17.474025
sample08013,sbj2671,0,no,monocyte,16597.000000,92516.000000,17.939600
sample08028,sbj2676,0,no,monocyte,21641.000000,98602.000000,21.947831
sample08049,sbj2683,0,no,monocyte,15926.000000,96874.000000,16.439912
sample08064,sbj2688,0,no,monocyte,16164.000000,102491.000000,15.771141
sample08076,sbj2692,0,no,monocyte,18375.000000,91607.000000,20.058511
sample08118,sbj2706,0,no,monocyte,20486.000000,89842.000000,22.802253
sample08133,sbj2711,0,no,monocyte,26343.000000,88963.000000,29.611187
sample08142,sbj2714,0,no,monocyte,26606.000000,96510.000000,27.568128
sample08160,sbj2720,0,no,monocyte,15535.000000,93278.000000,16.654517
sample08184,sbj2728,0,no,monocyte,21185.000000,89768.000000,23.599724
sample08214,sbj2738,0,no,monocyte,19599.000000,91927.000000,21.320178
sample08277,sbj2759,0,no,monocyte,28332.000000,106002.000000,26.727798
sample08304,sbj2768,0,no,monocyte,16544.000000,98462.000000,16.802421
sample08313,sbj2771,0,no,monocyte,23165.000000,90231.000000,25.672995
sample08325,sbj2775,0,no,monocyte,23228.000000,95548.000000,24.310294
sample08331,sbj2777,0,no,monocyte,25786.000000,95458.000000,27.012927
sample08334,sbj2778,0,no,monocyte,24070.000000,103149.000000,23.335175
sample08367,sbj2789,0,no,monocyte,15742.000000,106599.000000,14.767493
sample08397,sbj2799,0,no,monocyte,19193.000000,93462.000000,20.535619
sample08412,sbj2804,0,no,monocyte,18819.000000,96997.000000,19.401631
sample08415,sbj2805,0,no,monocyte,17475.000000,90906.000000,19.223154
sample08421,sbj2807,0,no,monocyte,21651.000000,101643.000000,21.301024
sample08433,sbj2811,0,no,monocyte,17996.000000,100980.000000,17.821351
sample08436,sbj2812,0,no,monocyte,25787.000000,104969.000000,24.566301
sample08439,sbj2813,0,no,monocyte,16771.000000,98306.000000,17.059996
sample08460,sbj2820,0,no,monocyte,19366.000000,93076.000000,20.806653
sample08472,sbj2824,0,no,monocyte,22131.000000,102545.000000,21.581745
sample08493,sbj2831,0,no,monocyte,19151.000000,103696.000000,18.468408
sample08502,sbj2834,0,no,monocyte,15624.000000,98042.000000,15.936027
sample08520,sbj2840,0,no,monocyte,15741.000000,91052.000000,17.287923
sample08526,sbj2842,0,no,monocyte,27976.000000,96688.000000,28.934304
sample08541,sbj2847,0,no,monocyte,26602.000000,104499.000000,25.456703
sample08556,sbj2852,0,no,monocyte,18729.000000,96285.000000,19.451628
sample08559,sbj2853,0,no,monocyte,18270.000000,102135.000000,17.888089
sample08589,sbj2863,0,no,monocyte,20572.000000,92824.000000,22.162372
sample08637,sbj2879,0,no,monocyte,17888.000000,97381.000000,18.369086
sample08661,sbj2887,0,no,monocyte,26038.000000,105659.000000,24.643428
sample08664,sbj2888,0,no,monocyte,16323.000000,97207.000000,16.792001
sample08712,sbj2904,0,no,monocyte,15985.000000,97530.000000,16.389829
sample08730,sbj2910,0,no,monocyte,18926.000000,98078.000000,19.296886
sample08751,sbj2917,0,no,monocyte,19932.000000,89812.000000,22.193025
sample08763,sbj2921,0,no,monocyte,25987.000000,117863.000000,22.048480
sample08805,sbj2935,0,no,monocyte,22391.000000,99268.000000,22.556111
sample08874,sbj2958,0,no,monocyte,23002.000000,106099.000000,21.679752
sample08919,sbj2973,0,no,monocyte,21804.000000,103699.000000,21.026239
sample08952,sbj2984,0,no,monocyte,15802.000000,99207.000000,15.928312
sample08958,sbj2986,0,no,monocyte,17248.000000,89938.000000,19.177656
sample08967,sbj2989,0,no,monocyte,16938.000000,97796.000000,17.319727
sample08976,sbj2992,0,no,monocyte,13849.000000,93449.000000,14.819848
sample09003,sbj3001,0,no,monocyte,20675.000000,97878.000000,21.123235
sample09030,sbj3010,0,no,monocyte,13259.000000,96877.000000,13.686427
sample09036,sbj3012,0,no,monocyte,19368.000000,94780.000000,20.434691
sample09039,sbj3013,0,no,monocyte,18997.000000,95939.000000,19.801124
sample09048,sbj3016,0,no,monocyte,17266.000000,93285.000000,18.508871
sample09060,sbj3020,0,no,monocyte,20202.000000,102499.000000,19.709461
sample09066,sbj3022,0,no,monocyte,21540.000000,105905.000000,20.338983
sample09150,sbj3050,0,no,monocyte,21769.000000,91819.000000,23.708601
sample09159,sbj3053,0,no,monocyte,19864.000000,91144.000000,21.794084
sample09183,sbj3061,0,no,monocyte,16214.000000,107988.000000,15.014631
sample09213,sbj3071,0,no,monocyte,27589.000000,95709.000000,28.825920
sample09246,sbj3082,0,no,monocyte,34901.000000,109101.000000,31.989624
sample09249,sbj3083,0,no,monocyte,25985.000000,103352.000000,25.142232
sample09288,sbj3096,0,no,monocyte,25134.000000,95077.000000,26.435416
sample09294,sbj3098,0,no,monocyte,19923.000000,90486.000000,22.017771
sample09303,sbj3101,0,no,monocyte,23033.000000,95720.000000,24.062892
sample09354,sbj3118,0,no,monocyte,19992.000000,93620.000000,21.354411
sample09363,sbj3121,0,no,monocyte,15278.000000,87701.000000,17.420554
sample09378,sbj3126,0,no,monocyte,24162.000000,101477.000000,23.810322
sample09384,sbj3128,0,no,monocyte,23717.000000,103895.000000,22.827855
sample09387,sbj3129,0,no,monocyte,17177.000000,93376.000000,18.395519
sample09414,sbj3138,0,no,monocyte,18570.000000,95096.000000,19.527635
sample09420,sbj3140,0,no,monocyte,18832.000000,107688.000000,17.487557
sample09429,sbj3143,0,no,monocyte,27089.000000,90919.000000,29.794652
sample09432,sbj3144,0,no,monocyte,19243.000000,93829.000000,20.508585
sample09477,sbj3159,0,no,monocyte,24603.000000,99593.000000,24.703543
sample09483,sbj3161,0,no,monocyte,17836.000000,98796.000000,18.053362
sample09492,sbj3164,0,no,monocyte,17457.000000,95832.000000,18.216253
sample09555,sbj3185,0,no,monocyte,23281.000000,101579.000000,22.919107
sample09567,sbj3189,0,no,monocyte,20009.000000,108000.000000,18.526852
sample09585,sbj3195,0,no,monocyte,15011.000000,101605.000000,14.773879
sample09588,sbj3196,0,no,monocyte,23384.000000,94591.000000,24.721168
sample09627,sbj3209,0,no,monocyte,27781.000000,87984.000000,31.575059
sample09657,sbj3219,0,no,monocyte,26497.000000,98768.000000,26.827515
sample09672,sbj3224,0,no,monocyte,18043.000000,92606.000000,19.483619
sample09744,sbj3248,0,no,monocyte,22592.000000,93379.000000,24.193877
sample09756,sbj3252,0,no,monocyte,14994.000000,89579.000000,16.738298
sample09762,sbj3254,0,no,monocyte,19490.000000,107288.000000,18.166058
sample09813,sbj3271,0,no,monocyte,17839.000000,101625.000000,17.553752
sample09816,sbj3272,0,no,monocyte,20314.000000,101829.000000,19.949130
sample09870,sbj3290,0,no,monocyte,17167.000000,103387.000000,16.604602
sample09873,sbj3291,0,no,monocyte,14475.000000,104601.000000,13.838300
sample09894,sbj3298,0,no,monocyte,24714.000000,101737.000000,24.292047
sample09900,sbj3300,0,no,monocyte,18946.000000,102602.000000,18.465527
sample09903,sbj3301,0,no,monocyte,17908.000000,97759.000000,18.318518
sample09912,sbj3304,0,no,monocyte,13859.000000,94706.000000,14.633709
sample09918,sbj3306,0,no,monocyte,17232.000000,92400.000000,18.649351
sample09987,sbj3329,0,no,monocyte,10913.000000,94260.000000,11.577551
sample09999,sbj3333,0,no,monocyte,22823.000000,95291.000000,23.950845
sample10068,sbj3356,0,no,monocyte,17006.000000,92390.000000,18.406754
sample10089,sbj3363,0,no,monocyte,13090.000000,90081.000000,14.531366
sample10191,sbj3397,0,no,monocyte,13532.000000,88718.000000,15.252824
sample10230,sbj3410,0,no,monocyte,27088.000000,98944.000000,27.377102
sample10251,sbj3417,0,no,monocyte,25356.000000,99899.000000,25.381635
sample10266,sbj3422,0,no,monocyte,27388.000000,108427.000000,25.259391
sample10305,sbj3435,0,no,monocyte,21939.000000,93427.000000,23.482505
sample10320,sbj3440,0,no,monocyte,18625.000000,89731.000000,20.756483
sample10395,sbj3465,0,no,monocyte,16513.000000,91389.000000,18.068914
sample10416,sbj3472,0,no,monocyte,25107.000000,102589.000000,24.473384
sample10455,sbj3485,0,no,monocyte,17925.000000,88396.000000,20.278067
sample10470,sbj3490,0,no,monocyte,29319.000000,107444.000000,27.287703
sample10473,sbj3491,0,no,monocyte,19565.000000,92339.000000,21.188230
sample00024,sbj008,0,yes,monocyte,9645.000000,99969.000000,9.647991
sample00060,sbj020,0,yes,monocyte,17717.000000,103534.000000,17.112253
sample00066,sbj022,0,yes,monocyte,12632.000000,107284.000000,11.774356
sample00075,sbj025,0,yes,monocyte,15639.000000,104711.000000,14.935394
sample00141,sbj047,0,yes,monocyte,21325.000000,103696.000000,20.564921
sample00165,sbj055,0,yes,monocyte,21456.000000,111486.000000,19.245466
sample00168,sbj056,0,yes,monocyte,12267.000000,102412.000000,11.978089
sample00261,sbj087,0,yes,monocyte,22459.000000,110763.000000,20.276627
sample00324,sbj1007,0,yes,monocyte,30169.000000,107593.000000,28.039928
sample00327,sbj1008,0,yes,monocyte,18479.000000,98632.000000,18.735299
sample00333,sbj101,0,yes,monocyte,24650.000000,97084.000000,25.390384
sample00369,sbj1020,0,yes,monocyte,18678.000000,99288.000000,18.811941
sample00378,sbj1023,0,yes,monocyte,16374.000000,101500.000000,16.132020
sample00426,sbj1038,0,yes,monocyte,19232.000000,96997.000000,19.827417
sample00447,sbj1044,0,yes,monocyte,26652.000000,98729.000000,26.995108
sample00483,sbj1055,0,yes,monocyte,21079.000000,94926.000000,22.205718
sample00498,sbj106,0,yes,monocyte,30678.000000,109114.000000,28.115549
sample00510,sbj1063,0,yes,monocyte,23867.000000,101519.000000,23.509885
sample00537,sbj1071,0,yes,monocyte,32326.000000,97491.000000,33.157933
sample00543,sbj1073,0,yes,monocyte,23544.000000,97856.000000,24.059843
sample00555,sbj1077,0,yes,monocyte,25327.000000,102840.000000,24.627577
sample00564,sbj108,0,yes,monocyte,25247.000000,109932.000000,22.966015
sample00621,sbj1097,0,yes,monocyte,13064.000000,101259.000000,12.901569
sample00630,sbj110,0,yes,monocyte,13665.000000,98871.000000,13.821040
sample00660,sbj1109,0,yes,monocyte,22496.000000,111393.000000,20.195165
sample00675,sbj1113,0,yes,monocyte,13398.000000,109268.000000,12.261595
sample00714,sbj1125,0,yes,monocyte,27610.000000,106122.000000,26.017225
sample00753,sbj1137,0,yes,monocyte,15448.000000,104062.000000,14.844996
sample00825,sbj1159,0,yes,monocyte,15856.000000,94793.000000,16.726974
sample00840,sbj1163,0,yes,monocyte,18948.000000,114168.000000,16.596594
sample00861,sbj117,0,yes,monocyte,16679.000000,97470.000000,17.111932
sample00873,sbj1173,0,yes,monocyte,24446.000000,103428.000000,23.635766
sample00876,sbj1174,0,yes,monocyte,18999.000000,92437.000000,20.553458
sample00888,sbj1178,0,yes,monocyte,22236.000000,99206.000000,22.413967
sample00894,sbj118,0,yes,monocyte,22292.000000,97282.000000,22.914825
sample00912,sbj1185,0,yes,monocyte,33485.000000,103332.000000,32.405257
sample00915,sbj1186,0,yes,monocyte,24693.000000,107102.000000,23.055592
sample00939,sbj1193,0,yes,monocyte,19335.000000,100572.000000,19.225033
sample01008,sbj1214,0,yes,monocyte,11671.000000,94275.000000,12.379740
sample01017,sbj1217,0,yes,monocyte,20740.000000,98665.000000,21.020625
sample01068,sbj1232,0,yes,monocyte,10020.000000,96734.000000,10.358302
sample01074,sbj1234,0,yes,monocyte,15270.000000,96578.000000,15.811054
sample01080,sbj1236,0,yes,monocyte,25827.000000,110681.000000,23.334628
sample01092,sbj124,0,yes,monocyte,21237.000000,106832.000000,19.878875
sample01104,sbj1243,0,yes,monocyte,17793.000000,101076.000000,17.603585
sample01128,sbj1250,0,yes,monocyte,15523.000000,95345.000000,16.280875
sample01170,sbj1263,0,yes,monocyte,26205.000000,96333.000000,27.202516
sample01245,sbj1286,0,yes,monocyte,22258.000000,93678.000000,23.760114
sample01248,sbj1287,0,yes,monocyte,26116.000000,108830.000000,23.997060
sample01260,sbj1290,0,yes,monocyte,17724.000000,101082.000000,17.534279
sample01266,sbj1292,0,yes,monocyte,26398.000000,107789.000000,24.490440
sample01284,sbj1298,0,yes,monocyte,15541.000000,107710.000000,14.428558
sample01311,sbj1306,0,yes,monocyte,23975.000000,96091.000000,24.950308
sample01326,sbj1310,0,yes,monocyte,19159.000000,101755.000000,18.828559
sample01329,sbj1311,0,yes,monocyte,22237.000000,93643.000000,23.746569
sample01332,sbj1312,0,yes,monocyte,12876.000000,112389.000000,11.456637
sample01359,sbj1320,0,yes,monocyte,22025.000000,110209.000000,19.984756
sample01377,sbj1326,0,yes,monocyte,18400.000000,95166.000000,19.334636
sample01419,sbj1339,0,yes,monocyte,11079.000000,98213.000000,11.280584
sample01422,sbj134,0,yes,monocyte,23354.000000,94401.000000,24.739145
sample01440,sbj1345,0,yes,monocyte,22332.000000,98080.000000,22.769168
sample01458,sbj1350,0,yes,monocyte,21063.000000,100331.000000,20.993511
sample01491,sbj1360,0,yes,monocyte,21531.000000,106009.000000,20.310540
sample01497,sbj1362,0,yes,monocyte,17711.000000,97367.000000,18.189941
sample01533,sbj1373,0,yes,monocyte,21396.000000,93333.000000,22.924368
sample01536,sbj1374,0,yes,monocyte,24330.000000,106219.000000,22.905507
sample01545,sbj1377,0,yes,monocyte,28715.000000,102282.000000,28.074343
sample01602,sbj1394,0,yes,monocyte,26828.000000,98385.000000,27.268384
sample01620,sbj140,0,yes,monocyte,21772.000000,95869.000000,22.710157
sample01635,sbj1404,0,yes,monocyte,25130.000000,99800.000000,25.180361
sample01638,sbj1405,0,yes,monocyte,24235.000000,102848.000000,23.563900
sample01665,sbj1413,0,yes,monocyte,11631.000000,107148.000000,10.855079
sample01683,sbj1419,0,yes,monocyte,21447.000000,98395.000000,21.796839
sample01692,sbj1421,0,yes,monocyte,17762.000000,92546.000000,19.192618
sample01719,sbj143,0,yes,monocyte,27872.000000,96224.000000,28.965747
sample01728,sbj1432,0,yes,monocyte,21283.000000,111032.000000,19.168348
sample01755,sbj1440,0,yes,monocyte,17893.000000,100250.000000,17.848379
sample01785,sbj145,0,yes,monocyte,28845.000000,109249.000000,26.402988
sample01815,sbj1459,0,yes,monocyte,16216.000000,98810.000000,16.411294
sample01824,sbj1461,0,yes,monocyte,20435.000000,102253.000000,19.984744
sample01830,sbj1463,0,yes,monocyte,13717.000000,97955.000000,14.003369
sample01833,sbj1464,0,yes,monocyte,17440.000000,93091.000000,18.734357
sample01881,sbj1479,0,yes,monocyte,29196.000000,106943.000000,27.300525
sample01899,sbj1484,0,yes,monocyte,22186.000000,99785.000000,22.233803
sample01962,sbj154,0,yes,monocyte,16460.000000,99110.000000,16.607810
sample02037,sbj179,0,yes,monocyte,16259.000000,108493.000000,14.986220
sample02055,sbj185,0,yes,monocyte,15051.000000,108273.000000,13.900973
sample02064,sbj188,0,yes,monocyte,22029.000000,99458.000000,22.149048
sample02178,sbj226,0,yes,monocyte,22653.000000,111328.000000,20.347981
sample02196,sbj232,0,yes,monocyte,12500.000000,108000.000000,11.574074
sample02235,sbj245,0,yes,monocyte,33019.000000,110676.000000,29.833930
sample02244,sbj248,0,yes,monocyte,21286.000000,98219.000000,21.671978
sample02262,sbj254,0,yes,monocyte,21478.000000,96318.000000,22.299051
sample02340,sbj280,0,yes,monocyte,19245.000000,97746.000000,19.688785
sample02388,sbj296,0,yes,monocyte,24282.000000,102063.000000,23.791188
sample02439,sbj313,0,yes,monocyte,24445.000000,105872.000000,23.089202
sample02454,sbj318,0,yes,monocyte,19520.000000,101990.000000,19.139131
sample02466,sbj322,0,yes,monocyte,22385.000000,93892.000000,23.841222
sample02481,sbj327,0,yes,monocyte,13512.000000,98315.000000,13.743579
sample02490,sbj330,0,yes,monocyte,19507.000000,101823.000000,19.157754
sample02499,sbj333,0,yes,monocyte,23539.000000,94449.000000,24.922445
sample02517,sbj339,0,yes,monocyte,11632.000000,91960.000000,12.648978
sample02562,sbj354,0,yes,monocyte,24636.000000,102783.000000,23.968944
sample02574,sbj358,0,yes,monocyte,17587.000000,91843.000000,19.148983
sample02586,sbj362,0,yes,monocyte,18486.000000,110607.000000,16.713228
sample02589,sbj363,0,yes,monocyte,20224.000000,104080.000000,19.431207
sample02625,sbj375,0,yes,monocyte,19563.000000,102515.000000,19.083061
sample02640,sbj380,0,yes,monocyte,18535.000000,104000.000000,17.822115
sample02655,sbj385,0,yes,monocyte,21181.000000,105004.000000,20.171613
sample02673,sbj391,0,yes,monocyte,24014.000000,95603.000000,25.118459
sample02736,sbj412,0,yes,monocyte,20973.000000,109832.000000,19.095528
sample02754,sbj418,0,yes,monocyte,11436.000000,96294.000000,11.876129
sample02760,sbj420,0,yes,monocyte,23956.000000,94578.000000,25.329358
sample02766,sbj422,0,yes,monocyte,17887.000000,95992.000000,18.633844
sample02772,sbj424,0,yes,monocyte,18885.000000,107219.000000,17.613483
sample02781,sbj427,0,yes,monocyte,15472.000000,100405.000000,15.409591
sample02808,sbj436,0,yes,monocyte,21618.000000,103811.000000,20.824383
sample02823,sbj441,0,yes,monocyte,24818.000000,104524.000000,23.743829
sample02838,sbj446,0,yes,monocyte,15436.000000,106495.000000,14.494577
sample02847,sbj449,0,yes,monocyte,18410.000000,99912.000000,18.426215
sample02856,sbj452,0,yes,monocyte,13382.000000,96230.000000,13.906266
sample02874,sbj458,0,yes,monocyte,21274.000000,104429.000000,20.371736
sample02910,sbj470,0,yes,monocyte,14218.000000,100447.000000,14.154728
sample02916,sbj472,0,yes,monocyte,20239.000000,101311.000000,19.977100
sample02925,sbj475,0,yes,monocyte,17314.000000,108188.000000,16.003623
sample02928,sbj476,0,yes,monocyte,18794.000000,92703.000000,20.273346
sample02976,sbj492,0,yes,monocyte,15144.000000,110894.000000,13.656284
sample02991,sbj497,0,yes,monocyte,24092.000000,105976.000000,22.733449
sample02997,sbj499,0,yes,monocyte,25797.000000,110003.000000,23.451179
sample03000,sbj500,0,yes,monocyte,20148.000000,104910.000000,19.205033
sample03021,sbj507,0,yes,monocyte,20993.000000,98326.000000,21.350406
sample03024,sbj508,0,yes,monocyte,25172.000000,97642.000000,25.779890
sample03039,sbj513,0,yes,monocyte,16182.000000,102122.000000,15.845753
sample03066,sbj522,0,yes,monocyte,19850.000000,100939.000000,19.665342
sample03093,sbj531,0,yes,monocyte,21291.000000,109414.000000,19.459119
sample03120,sbj540,0,yes,monocyte,22417.000000,108504.000000,20.660068
sample03159,sbj553,0,yes,monocyte,16530.000000,100156.000000,16.504253
sample03183,sbj561,0,yes,monocyte,22421.000000,112003.000000,20.018214
sample03195,sbj565,0,yes,monocyte,17675.000000,100362.000000,17.611247
sample03246,sbj582,0,yes,monocyte,15698.000000,99252.000000,15.816306
sample03264,sbj588,0,yes,monocyte,31921.000000,110609.000000,28.859315
sample03267,sbj589,0,yes,monocyte,19101.000000,102753.000000,18.589238
sample03273,sbj591,0,yes,monocyte,26210.000000,112483.000000,23.301299
sample03285,sbj595,0,yes,monocyte,15586.000000,99379.000000,15.683394
sample03297,sbj599,0,yes,monocyte,16606.000000,111772.000000,14.857030
sample03303,sbj601,0,yes,monocyte,24940.000000,100668.000000,24.774506
sample03375,sbj625,0,yes,monocyte,12823.000000,98832.000000,12.974543
sample03381,sbj627,0,yes,monocyte,13920.000000,93872.000000,14.828703
sample03405,sbj635,0,yes,monocyte,23283.000000,110869.000000,21.000460
sample03453,sbj651,0,yes,monocyte,22046.000000,92222.000000,23.905359
sample03465,sbj655,0,yes,monocyte,17969.000000,101506.000000,17.702402
sample03486,sbj662,0,yes,monocyte,17347.000000,96558.000000,17.965368
sample03492,sbj664,0,yes,monocyte,20707.000000,109345.000000,18.937309
sample03531,sbj677,0,yes,monocyte,25624.000000,94026.000000,27.252037
sample03576,sbj692,0,yes,monocyte,31912.000000,100605.000000,31.720093
sample03588,sbj696,0,yes,monocyte,18839.000000,95193.000000,19.790321
sample03591,sbj697,0,yes,monocyte,14958.000000,99409.000000,15.046927
sample03621,sbj707,0,yes,monocyte,23723.000000,95262.000000,24.902899
sample03624,sbj708,0,yes,monocyte,13158.000000,105323.000000,12.492998
sample03747,sbj749,0,yes,monocyte,22828.000000,101150.000000,22.568463
sample03765,sbj755,0,yes,monocyte,15506.000000,99275.000000,15.619239
sample03789,sbj763,0,yes,monocyte,21601.000000,99716.000000,21.662522
sample03804,sbj768,0,yes,monocyte,25321.000000,102491.000000,24.705584
sample03819,sbj773,0,yes,monocyte,16002.000000,95384.000000,16.776399
sample03846,sbj782,0,yes,monocyte,19501.000000,100230.000000,19.456251
sample03852,sbj784,0,yes,monocyte,20641.000000,104555.000000,19.741763
sample03861,sbj787,0,yes,monocyte,15394.000000,107496.000000,14.320533
sample03885,sbj795,0,yes,monocyte,21818.000000,96267.000000,22.664049
sample03936,sbj812,0,yes,monocyte,9607.000000,94088.000000,10.210654
sample03942,sbj814,0,yes,monocyte,23819.000000,106061.000000,22.457831
sample03951,sbj817,0,yes,monocyte,19190.000000,113880.000000,16.851071
sample03963,sbj821,0,yes,monocyte,18066.000000,98638.000000,18.315457
sample03981,sbj827,0,yes,monocyte,18322.000000,92704.000000,19.763980
sample04014,sbj838,0,yes,monocyte,15380.000000,109698.000000,14.020310
sample04035,sbj845,0,yes,monocyte,25495.000000,109953.000000,23.187180
sample04047,sbj849,0,yes,monocyte,26102.000000,106037.000000,24.615936
sample04068,sbj856,0,yes,monocyte,20499.000000,93367.000000,21.955295
sample04128,sbj876,0,yes,monocyte,18839.000000,100689.000000,18.710087
sample04155,sbj885,0,yes,monocyte,16304.000000,99812.000000,16.334709
sample04170,sbj890,0,yes,monocyte,15169.000000,91576.000000,16.564384
sample04173,sbj891,0,yes,monocyte,31988.000000,109234.000000,29.283923
sample04188,sbj896,0,yes,monocyte,18899.000000,106532.000000,17.740210
sample04203,sbj901,0,yes,monocyte,20565.000000,100195.000000,20.524976
sample04224,sbj908,0,yes,monocyte,20037.000000,92946.000000,21.557679
sample04266,sbj922,0,yes,monocyte,18659.000000,94810.000000,19.680413
sample04284,sbj928,0,yes,monocyte,17018.000000,99569.000000,17.091665
sample04293,sbj931,0,yes,monocyte,28720.000000,99311.000000,28.919254
sample04296,sbj932,0,yes,monocyte,16392.000000,102827.000000,15.941338
sample04302,sbj934,0,yes,monocyte,20897.000000,106587.000000,19.605580
sample04347,sbj949,0,yes,monocyte,18017.000000,98892.000000,18.218865
sample04368,sbj956,0,yes,monocyte,36416.000000,105129.000000,34.639348
sample04377,sbj959,0,yes,monocyte,22725.000000,106749.000000,21.288256
sample04434,sbj978,0,yes,monocyte,13290.000000,93222.000000,14.256291
sample04461,sbj987,0,yes,monocyte,32520.000000,107057.000000,30.376342
sample04491,sbj997,0,yes,monocyte,17055.000000,100843.000000,16.912428
sample07506,sbj2502,0,yes,monocyte,17421.000000,110719.000000,15.734427
sample07527,sbj2509,0,yes,monocyte,18223.000000,108211.000000,16.840247
sample07551,sbj2517,0,yes,monocyte,25736.000000,94482.000000,27.239051
sample07560,sbj2520,0,yes,monocyte,16195.000000,112532.000000,14.391462
sample07575,sbj2525,0,yes,monocyte,25014.000000,107827.000000,23.198271
sample07587,sbj2529,0,yes,monocyte,27498.000000,107238.000000,25.642030
sample07593,sbj2531,0,yes,monocyte,26323.000000,109494.000000,24.040587
sample07614,sbj2538,0,yes,monocyte,19750.000000,105861.000000,18.656540
sample07647,sbj2549,0,yes,monocyte,14361.000000,94533.000000,15.191520
sample07665,sbj2555,0,yes,monocyte,23328.000000,92218.000000,25.296580
sample07725,sbj2575,0,yes,monocyte,24337.000000,118260.000000,20.579232
sample07761,sbj2587,0,yes,monocyte,21034.000000,95689.000000,21.981628
sample07800,sbj2600,0,yes,monocyte,14589.000000,105323.000000,13.851675
sample07821,sbj2607,0,yes,monocyte,21860.000000,93256.000000,23.440851
sample07824,sbj2608,0,yes,monocyte,29096.000000,105231.000000,27.649647
sample07827,sbj2609,0,yes,monocyte,14591.000000,106881.000000,13.651631
sample07836,sbj2612,0,yes,monocyte,24907.000000,111247.000000,22.388918
sample07905,sbj2635,0,yes,monocyte,20192.000000,93457.000000,21.605658
sample07968,sbj2656,0,yes,monocyte,25009.000000,105329.000000,23.743698
sample08040,sbj2680,0,yes,monocyte,17186.000000,110353.000000,15.573659
sample08055,sbj2685,0,yes,monocyte,15353.000000,99750.000000,15.391479
sample08085,sbj2695,0,yes,monocyte,20120.000000,111862.000000,17.986448
sample08121,sbj2707,0,yes,monocyte,12369.000000,92948.000000,13.307441
sample08127,sbj2709,0,yes,monocyte,11791.000000,103846.000000,11.354313
sample08151,sbj2717,0,yes,monocyte,16069.000000,93321.000000,17.219061
sample08166,sbj2722,0,yes,monocyte,31341.000000,105393.000000,29.737269
sample08178,sbj2726,0,yes,monocyte,8312.000000,96265.000000,8.634499
sample08199,sbj2733,0,yes,monocyte,18213.000000,96680.000000,18.838436
sample08247,sbj2749,0,yes,monocyte,22727.000000,109831.000000,20.692701
sample08274,sbj2758,0,yes,monocyte,23412.000000,108507.000000,21.576488
sample08289,sbj2763,0,yes,monocyte,20119.000000,105215.000000,19.121798
sample08298,sbj2766,0,yes,monocyte,16365.000000,100065.000000,16.354370
sample08328,sbj2776,0,yes,monocyte,25085.000000,95061.000000,26.388319
sample08337,sbj2779,0,yes,monocyte,17054.000000,104118.000000,16.379492
sample08349,sbj2783,0,yes,monocyte,11454.000000,110119.000000,10.401475
sample08352,sbj2784,0,yes,monocyte,23881.000000,102552.000000,23.286723
sample08361,sbj2787,0,yes,monocyte,14026.000000,108577.000000,12.918021
sample08388,sbj2796,0,yes,monocyte,27957.000000,104700.000000,26.702006
sample08403,sbj2801,0,yes,monocyte,23576.000000,104371.000000,22.588650
sample08442,sbj2814,0,yes,monocyte,18628.000000,99949.000000,18.637505
sample08466,sbj2822,0,yes,monocyte,17591.000000,105106.000000,16.736438
sample08481,sbj2827,0,yes,monocyte,19071.000000,93431.000000,20.411855
sample08568,sbj2856,0,yes,monocyte,25037.000000,114887.000000,21.792718
sample08583,sbj2861,0,yes,monocyte,16849.000000,98678.000000,17.074728
sample08595,sbj2865,0,yes,monocyte,21457.000000,107743.000000,19.914983
sample08610,sbj2870,0,yes,monocyte,16421.000000,92235.000000,17.803437
sample08655,sbj2885,0,yes,monocyte,27074.000000,100069.000000,27.055332
sample08685,sbj2895,0,yes,monocyte,28624.000000,109081.000000,26.241050
sample08706,sbj2902,0,yes,monocyte,15632.000000,100379.000000,15.572978
sample08718,sbj2906,0,yes,monocyte,13164.000000,95937.000000,13.721505
sample08724,sbj2908,0,yes,monocyte,26650.000000,97814.000000,27.245589
sample08769,sbj2923,0,yes,monocyte,23062.000000,99989.000000,23.064537
sample08781,sbj2927,0,yes,monocyte,17883.000000,94763.000000,18.871289
sample08829,sbj2943,0,yes,monocyte,17601.000000,111592.000000,15.772636
sample08832,sbj2944,0,yes,monocyte,25069.000000,95279.000000,26.311149
sample08853,sbj2951,0,yes,monocyte,19063.000000,94796.000000,20.109498
sample08856,sbj2952,0,yes,monocyte,23400.000000,97749.000000,23.938864
sample08895,sbj2965,0,yes,monocyte,28628.000000,107751.000000,26.568663
sample08913,sbj2971,0,yes,monocyte,14506.000000,92108.000000,15.748903
sample08925,sbj2975,0,yes,monocyte,29653.000000,109436.000000,27.096202
sample08943,sbj2981,0,yes,monocyte,22402.000000,110234.000000,20.322224
sample08946,sbj2982,0,yes,monocyte,20624.000000,99120.000000,20.807103
sample08970,sbj2990,0,yes,monocyte,18273.000000,107407.000000,17.012858
sample08979,sbj2993,0,yes,monocyte,17106.000000,99103.000000,17.260830
sample09009,sbj3003,0,yes,monocyte,20262.000000,95764.000000,21.158264
sample09018,sbj3006,0,yes,monocyte,14621.000000,92308.000000,15.839364
sample09024,sbj3008,0,yes,monocyte,17407.000000,108837.000000,15.993642
sample09072,sbj3024,0,yes,monocyte,22797.000000,102093.000000,22.329641
sample09081,sbj3027,0,yes,monocyte,15922.000000,105923.000000,15.031674
sample09087,sbj3029,0,yes,monocyte,19440.000000,109362.000000,17.775827
sample09102,sbj3034,0,yes,monocyte,9171.000000,99577.000000,9.209958
sample09114,sbj3038,0,yes,monocyte,22873.000000,97992.000000,23.341701
sample09129,sbj3043,0,yes,monocyte,22458.000000,93627.000000,23.986671
sample09144,sbj3048,0,yes,monocyte,24893.000000,105316.000000,23.636484
sample09162,sbj3054,0,yes,monocyte,22848.000000,103535.000000,22.067900
sample09171,sbj3057,0,yes,monocyte,15559.000000,102086.000000,15.241071
sample09180,sbj3060,0,yes,monocyte,19509.000000,100004.000000,19.508220
sample09198,sbj3066,0,yes,monocyte,19143.000000,93220.000000,20.535293
sample09243,sbj3081,0,yes,monocyte,16984.000000,98369.000000,17.265602
sample09300,sbj3100,0,yes,monocyte,13547.000000,93220.000000,14.532289
sample09390,sbj3130,0,yes,monocyte,20383.000000,97441.000000,20.918299
sample09393,sbj3131,0,yes,monocyte,14615.000000,92704.000000,15.765231
sample09441,sbj3147,0,yes,monocyte,16970.000000,105526.000000,16.081345
sample09450,sbj3150,0,yes,monocyte,15545.000000,94727.000000,16.410316
sample09459,sbj3153,0,yes,monocyte,20415.000000,103625.000000,19.700844
sample09468,sbj3156,0,yes,monocyte,13885.000000,99283.000000,13.985274
sample09486,sbj3162,0,yes,monocyte,29167.000000,98707.000000,29.549069
sample09489,sbj3163,0,yes,monocyte,16092.000000,99158.000000,16.228645
sample09495,sbj3165,0,yes,monocyte,15624.000000,99837.000000,15.649509
sample09513,sbj3171,0,yes,monocyte,16449.000000,93793.000000,17.537556
sample09519,sbj3173,0,yes,monocyte,24716.000000,108729.000000,22.731746
sample09546,sbj3182,0,yes,monocyte,19458.000000,108849.000000,17.876140
sample09573,sbj3191,0,yes,monocyte,13930.000000,98810.000000,14.097763
sample09579,sbj3193,0,yes,monocyte,21306.000000,96921.000000,21.982852
sample09582,sbj3194,0,yes,monocyte,19898.000000,103807.000000,19.168264
sample09591,sbj3197,0,yes,monocyte,20294.000000,100056.000000,20.282642
sample09597,sbj3199,0,yes,monocyte,25242.000000,92646.000000,27.245645
sample09606,sbj3202,0,yes,monocyte,16714.000000,93652.000000,17.846923
sample09612,sbj3204,0,yes,monocyte,19633.000000,111085.000000,17.673853
sample09615,sbj3205,0,yes,monocyte,17223.000000,101628.000000,16.947101
sample09666,sbj3222,0,yes,monocyte,22003.000000,97899.000000,22.475204
sample09690,sbj3230,0,yes,monocyte,13778.000000,94874.000000,14.522419
sample09699,sbj3233,0,yes,monocyte,17603.000000,98949.000000,17.789973
sample09705,sbj3235,0,yes,monocyte,13370.000000,93684.000000,14.271380
sample09720,sbj3240,0,yes,monocyte,33348.000000,111070.000000,30.024309
sample09783,sbj3261,0,yes,monocyte,25465.000000,98229.000000,25.924116
sample09798,sbj3266,0,yes,monocyte,21667.000000,98599.000000,21.974868
sample09909,sbj3303,0,yes,monocyte,20377.000000,91730.000000,22.214107
sample09924,sbj3308,0,yes,monocyte,20592.000000,100470.000000,20.495670
sample09963,sbj3321,0,yes,monocyte,18081.000000,106462.000000,16.983525
sample09978,sbj3326,0,yes,monocyte,20718.000000,112015.000000,18.495737
sample09990,sbj3330,0,yes,monocyte,23632.000000,108247.000000,21.831552
sample09996,sbj3332,0,yes,monocyte,17885.000000,104950.000000,17.041448
sample10038,sbj3346,0,yes,monocyte,40535.000000,110897.000000,36.551936
sample10041,sbj3347,0,yes,monocyte,18963.000000,100869.000000,18.799631
sample10095,sbj3365,0,yes,monocyte,22586.000000,96512.000000,23.402271
sample10116,sbj3372,0,yes,monocyte,19738.000000,110235.000000,17.905384
sample10125,sbj3375,0,yes,monocyte,24519.000000,106638.000000,22.992742
sample10128,sbj3376,0,yes,monocyte,16396.000000,98648.000000,16.620712
sample10131,sbj3377,0,yes,monocyte,20188.000000,98762.000000,20.441060
sample10140,sbj3380,0,yes,monocyte,23647.000000,96863.000000,24.412830
sample10179,sbj3393,0,yes,monocyte,20004.000000,111530.000000,17.935981
sample10197,sbj3399,0,yes,monocyte,18267.000000,102560.000000,17.811037
sample10233,sbj3411,0,yes,monocyte,21762.000000,98101.000000,22.183260
sample10248,sbj3416,0,yes,monocyte,15317.000000,96708.000000,15.838400
sample10323,sbj3441,0,yes,monocyte,18573.000000,98678.000000,18.821825
sample10335,sbj3445,0,yes,monocyte,24544.000000,102803.000000,23.874790
sample10341,sbj3447,0,yes,monocyte,20410.000000,115465.000000,17.676352
sample10347,sbj3449,0,yes,monocyte,18231.000000,106585.000000,17.104658
sample10356,sbj3452,0,yes,monocyte,19701.000000,104752.000000,18.807278
sample10383,sbj3461,0,yes,monocyte,19685.000000,110316.000000,17.844193
sample10386,sbj3462,0,yes,monocyte,18777.000000,94152.000000,19.943283
sample10392,sbj3464,0,yes,monocyte,25554.000000,95952.000000,26.632066
sample10410,sbj3470,0,yes,monocyte,21308.000000,101295.000000,21.035589
sample10443,sbj3481,0,yes,monocyte,19262.000000,100163.000000,19.230654
sample10491,sbj3497,0,yes,monocyte,16779.000000,100705.000000,16.661536
sample00000,sbj000,0,no,nk_cell,13864.000000,93214.000000,14.873302
sample00006,sbj002,0,no,nk_cell,12656.000000,99774.000000,12.684667
sample00009,sbj003,0,no,nk_cell,18064.000000,95821.000000,18.851817
sample00072,sbj024,0,no,nk_cell,16601.000000,93613.000000,17.733648
sample00081,sbj027,0,no,nk_cell,14582.000000,93286.000000,15.631499
sample00123,sbj041,0,no,nk_cell,17161.000000,101404.000000,16.923396
sample00153,sbj051,0,no,nk_cell,18319.000000,105449.000000,17.372379
sample00174,sbj058,0,no,nk_cell,20805.000000,97817.000000,21.269309
sample00186,sbj062,0,no,nk_cell,14883.000000,99781.000000,14.915665
sample00189,sbj063,0,no,nk_cell,9460.000000,92269.000000,10.252631
sample00213,sbj071,0,no,nk_cell,15161.000000,98753.000000,15.352445
sample00243,sbj081,0,no,nk_cell,17318.000000,98635.000000,17.557662
sample00249,sbj083,0,no,nk_cell,15430.000000,98477.000000,15.668633
sample00285,sbj095,0,no,nk_cell,10529.000000,90622.000000,11.618592
sample00402,sbj1030,0,no,nk_cell,9173.000000,91145.000000,10.064183
sample00411,sbj1033,0,no,nk_cell,15623.000000,107991.000000,14.466946
sample00414,sbj1034,0,no,nk_cell,18004.000000,92653.000000,19.431643
sample00435,sbj1040,0,no,nk_cell,13996.000000,107516.000000,13.017597
sample00459,sbj1048,0,no,nk_cell,17456.000000,96487.000000,18.091556
sample00465,sbj105,0,no,nk_cell,17935.000000,93629.000000,19.155390
sample00471,sbj1051,0,no,nk_cell,14790.000000,106307.000000,13.912536
sample00480,sbj1054,0,no,nk_cell,24619.000000,102557.000000,24.005187
sample00492,sbj1058,0,no,nk_cell,14355.000000,90452.000000,15.870296
sample00513,sbj1064,0,no,nk_cell,11363.000000,87506.000000,12.985395
sample00516,sbj1065,0,no,nk_cell,16353.000000,104517.000000,15.646259
sample00522,sbj1067,0,no,nk_cell,16684.000000,91990.000000,18.136754
sample00534,sbj1070,0,no,nk_cell,17314.000000,96652.000000,17.913752
sample00585,sbj1086,0,no,nk_cell,12169.000000,95591.000000,12.730278
sample00588,sbj1087,0,no,nk_cell,17426.000000,96138.000000,18.126027
sample00624,sbj1098,0,no,nk_cell,13010.000000,102890.000000,12.644572
sample00639,sbj1102,0,no,nk_cell,11549.000000,102419.000000,11.276228
sample00693,sbj1119,0,no,nk_cell,17344.000000,93222.000000,18.605050
sample00696,sbj112,0,no,nk_cell,13951.000000,92187.000000,15.133370
sample00717,sbj1126,0,no,nk_cell,13075.000000,105860.000000,12.351219
sample00726,sbj1129,0,no,nk_cell,19883.000000,104384.000000,19.047938
sample00756,sbj1138,0,no,nk_cell,11482.000000,90530.000000,12.683088
sample00798,sbj1150,0,no,nk_cell,15022.000000,106003.000000,14.171297
sample00807,sbj1153,0,no,nk_cell,19026.000000,96519.000000,19.712181
sample00849,sbj1166,0,no,nk_cell,12073.000000,90828.000000,13.292157
sample00867,sbj1171,0,no,nk_cell,20518.000000,96336.000000,21.298372
sample00918,sbj1187,0,no,nk_cell,14142.000000,104179.000000,13.574713
sample00966,sbj1201,0,no,nk_cell,14103.000000,91242.000000,15.456698
sample00987,sbj1208,0,no,nk_cell,9090.000000,90006.000000,10.099327
sample01011,sbj1215,0,no,nk_cell,16449.000000,94131.000000,17.474583
sample01023,sbj1219,0,no,nk_cell,15415.000000,91957.000000,16.763270
sample01041,sbj1224,0,no,nk_cell,18100.000000,93808.000000,19.294730
sample01053,sbj1228,0,no,nk_cell,23241.000000,103410.000000,22.474616
sample01062,sbj1230,0,no,nk_cell,15037.000000,95146.000000,15.804133
sample01110,sbj1245,0,no,nk_cell,14739.000000,103592.000000,14.227933
sample01134,sbj1252,0,no,nk_cell,11237.000000,95780.000000,11.732094
sample01137,sbj1253,0,no,nk_cell,12807.000000,88196.000000,14.521067
sample01143,sbj1255,0,no,nk_cell,14809.000000,106564.000000,13.896813
sample01152,sbj1258,0,no,nk_cell,14216.000000,103219.000000,13.772658
sample01161,sbj1260,0,no,nk_cell,14017.000000,107354.000000,13.056803
sample01218,sbj1278,0,no,nk_cell,18154.000000,106596.000000,17.030658
sample01227,sbj1280,0,no,nk_cell,25840.000000,91231.000000,28.323706
sample01230,sbj1281,0,no,nk_cell,14795.000000,94586.000000,15.641850
sample01242,sbj1285,0,no,nk_cell,15706.000000,99421.000000,15.797467
sample01314,sbj1307,0,no,nk_cell,20453.000000,104820.000000,19.512498
sample01344,sbj1316,0,no,nk_cell,15943.000000,104192.000000,15.301559
sample01386,sbj1329,0,no,nk_cell,18332.000000,104505.000000,17.541744
sample01395,sbj1331,0,no,nk_cell,22383.000000,102167.000000,21.908248
sample01413,sbj1337,0,no,nk_cell,14464.000000,89999.000000,16.071290
sample01431,sbj1342,0,no,nk_cell,16156.000000,99852.000000,16.179946
sample01542,sbj1376,0,no,nk_cell,18422.000000,104258.000000,17.669627
sample01554,sbj138,0,no,nk_cell,15937.000000,97073.000000,16.417541
sample01587,sbj139,0,no,nk_cell,9417.000000,92133.000000,10.221093
sample01611,sbj1397,0,no,nk_cell,9869.000000,92787.000000,10.636188
sample01674,sbj1416,0,no,nk_cell,20925.000000,89661.000000,23.337906
sample01680,sbj1418,0,no,nk_cell,16026.000000,107626.000000,14.890454
sample01686,sbj142,0,no,nk_cell,13942.000000,95142.000000,14.653886
sample01701,sbj1424,0,no,nk_cell,12348.000000,106915.000000,11.549362
sample01722,sbj1430,0,no,nk_cell,13112.000000,89351.000000,14.674710
sample01752,sbj144,0,no,nk_cell,10392.000000,98420.000000,10.558830
sample01767,sbj1444,0,no,nk_cell,9040.000000,91733.000000,9.854687
sample01803,sbj1455,0,no,nk_cell,13863.000000,102654.000000,13.504588
sample01809,sbj1457,0,no,nk_cell,14036.000000,110191.000000,12.737882
sample01812,sbj1458,0,no,nk_cell,13585.000000,102248.000000,13.286323
sample01848,sbj1469,0,no,nk_cell,14983.000000,88513.000000,16.927457
sample01866,sbj1474,0,no,nk_cell,13918.000000,98182.000000,14.175714
sample01875,sbj1477,0,no,nk_cell,19140.000000,107243.000000,17.847319
sample01884,sbj148,0,no,nk_cell,20424.000000,96652.000000,21.131482
sample01893,sbj1482,0,no,nk_cell,21095.000000,106269.000000,19.850568
sample01914,sbj1489,0,no,nk_cell,11324.000000,91149.000000,12.423614
sample01926,sbj1492,0,no,nk_cell,10378.000000,88934.000000,11.669328
sample01932,sbj1494,0,no,nk_cell,21051.000000,104946.000000,20.058887
sample01968,sbj156,0,no,nk_cell,13141.000000,99717.000000,13.178295
sample01986,sbj162,0,no,nk_cell,14834.000000,106905.000000,13.875871
sample01992,sbj164,0,no,nk_cell,17168.000000,90333.000000,19.005236
sample02010,sbj170,0,no,nk_cell,20030.000000,106400.000000,18.825188
sample02016,sbj172,0,no,nk_cell,13314.000000,88207.000000,15.094040
sample02040,sbj180,0,no,nk_cell,12036.000000,99240.000000,12.128174
sample02046,sbj182,0,no,nk_cell,9589.000000,92197.000000,10.400555
sample02061,sbj187,0,no,nk_cell,11185.000000,90973.000000,12.294857
sample02109,sbj203,0,no,nk_cell,11216.000000,104432.000000,10.740003
sample02148,sbj216,0,no,nk_cell,16212.000000,91053.000000,17.805015
sample02169,sbj223,0,no,nk_cell,7174.000000,88926.000000,8.067382
sample02205,sbj235,0,no,nk_cell,17576.000000,95117.000000,18.478295
sample02214,sbj238,0,no,nk_cell,16272.000000,106559.000000,15.270414
sample02232,sbj244,0,no,nk_cell,12445.000000,92718.000000,13.422421
sample02253,sbj251,0,no,nk_cell,9219.000000,91785.000000,10.044125
sample02286,sbj262,0,no,nk_cell,18292.000000,98841.000000,18.506490
sample02289,sbj263,0,no,nk_cell,12949.000000,104180.000000,12.429449
sample02319,sbj273,0,no,nk_cell,19919.000000,98720.000000,20.177269
sample02334,sbj278,0,no,nk_cell,13958.000000,106361.000000,13.123231
sample02355,sbj285,0,no,nk_cell,12835.000000,105730.000000,12.139412
sample02364,sbj288,0,no,nk_cell,16180.000000,94421.000000,17.136018
sample02412,sbj304,0,no,nk_cell,23729.000000,104992.000000,22.600770
sample02430,sbj310,0,no,nk_cell,18057.000000,93030.000000,19.409868
sample02436,sbj312,0,no,nk_cell,15527.000000,104153.000000,14.907876
sample02478,sbj326,0,no,nk_cell,10929.000000,108880.000000,10.037656
sample02541,sbj347,0,no,nk_cell,15578.000000,101032.000000,15.418877
sample02583,sbj361,0,no,nk_cell,11915.000000,98705.000000,12.071324
sample02592,sbj364,0,no,nk_cell,18024.000000,104251.000000,17.289043
sample02619,sbj373,0,no,nk_cell,13036.000000,100603.000000,12.957864
sample02646,sbj382,0,no,nk_cell,18934.000000,95983.000000,19.726410
sample02661,sbj387,0,no,nk_cell,17718.000000,100085.000000,17.702952
sample02664,sbj388,0,no,nk_cell,13785.000000,102240.000000,13.482981
sample02667,sbj389,0,no,nk_cell,10320.000000,90006.000000,11.465902
sample02682,sbj394,0,no,nk_cell,23877.000000,98716.000000,24.187568
sample02700,sbj400,0,no,nk_cell,17023.000000,103298.000000,16.479506
sample02706,sbj402,0,no,nk_cell,13834.000000,90279.000000,15.323608
sample02718,sbj406,0,no,nk_cell,13909.000000,106103.000000,13.108960
sample02742,sbj414,0,no,nk_cell,18895.000000,99692.000000,18.953376
sample02775,sbj425,0,no,nk_cell,12430.000000,91733.000000,13.550195
sample02799,sbj433,0,no,nk_cell,9426.000000,93723.000000,10.057297
sample02811,sbj437,0,no,nk_cell,9922.000000,94253.000000,10.526986
sample02829,sbj443,0,no,nk_cell,13023.000000,104439.000000,12.469480
sample02886,sbj462,0,no,nk_cell,14768.000000,106909.000000,13.813617
sample02889,sbj463,0,no,nk_cell,11867.000000,89416.000000,13.271674
sample02901,sbj467,0,no,nk_cell,18060.000000,103714.000000,17.413271
sample02961,sbj487,0,no,nk_cell,10588.000000,96418.000000,10.981352
sample02970,sbj490,0,no,nk_cell,7907.000000,87698.000000,9.016169
sample03006,sbj502,0,no,nk_cell,10126.000000,93776.000000,10.798072
sample03030,sbj510,0,no,nk_cell,13662.000000,99163.000000,13.777316
sample03051,sbj517,0,no,nk_cell,18478.000000,106203.000000,17.398755
sample03096,sbj532,0,no,nk_cell,8782.000000,91974.000000,9.548351
sample03108,sbj536,0,no,nk_cell,15523.000000,107745.000000,14.407165
sample03132,sbj544,0,no,nk_cell,20278.000000,106250.000000,19.085176
sample03186,sbj562,0,no,nk_cell,9066.000000,97251.000000,9.322269
sample03198,sbj566,0,no,nk_cell,12786.000000,99060.000000,12.907329
sample03213,sbj571,0,no,nk_cell,16916.000000,90324.000000,18.728134
sample03252,sbj584,0,no,nk_cell,21021.000000,91889.000000,22.876514
sample03258,sbj586,0,no,nk_cell,10976.000000,90418.000000,12.139176
sample03318,sbj606,0,no,nk_cell,17498.000000,95758.000000,18.273147
sample03321,sbj607,0,no,nk_cell,23507.000000,94459.000000,24.885929
sample03333,sbj611,0,no,nk_cell,10971.000000,94834.000000,11.568636
sample03363,sbj621,0,no,nk_cell,24517.000000,96317.000000,25.454489
sample03384,sbj628,0,no,nk_cell,12293.000000,92427.000000,13.300226
sample03390,sbj630,0,no,nk_cell,19859.000000,101806.000000,19.506709
sample03402,sbj634,0,no,nk_cell,16198.000000,100780.000000,16.072633
sample03414,sbj638,0,no,nk_cell,14181.000000,97437.000000,14.554020
sample03420,sbj640,0,no,nk_cell,8708.000000,106923.000000,8.144179
sample03432,sbj644,0,no,nk_cell,17870.000000,102989.000000,17.351368
sample03474,sbj658,0,no,nk_cell,11626.000000,85892.000000,13.535603
sample03489,sbj663,0,no,nk_cell,14376.000000,99048.000000,14.514175
sample03552,sbj684,0,no,nk_cell,15965.000000,100140.000000,15.942680
sample03579,sbj693,0,no,nk_cell,12221.000000,94336.000000,12.954757
sample03615,sbj705,0,no,nk_cell,13456.000000,105140.000000,12.798174
sample03633,sbj711,0,no,nk_cell,17322.000000,104367.000000,16.597200
sample03666,sbj722,0,no,nk_cell,10781.000000,109178.000000,9.874700
sample03681,sbj727,0,no,nk_cell,13959.000000,104448.000000,13.364545
sample03684,sbj728,0,no,nk_cell,14727.000000,99728.000000,14.767167
sample03699,sbj733,0,no,nk_cell,13382.000000,109333.000000,12.239671
sample03717,sbj739,0,no,nk_cell,13595.000000,100140.000000,13.575994
sample03720,sbj740,0,no,nk_cell,16032.000000,96822.000000,16.558220
sample03738,sbj746,0,no,nk_cell,13936.000000,99380.000000,14.022942
sample03768,sbj756,0,no,nk_cell,18981.000000,105144.000000,18.052385
sample03774,sbj758,0,no,nk_cell,23024.000000,92446.000000,24.905350
sample03816,sbj772,0,no,nk_cell,20806.000000,95927.000000,21.689410
sample03891,sbj797,0,no,nk_cell,14971.000000,97613.000000,15.337096
sample03939,sbj813,0,no,nk_cell,11795.000000,102721.000000,11.482560
sample03972,sbj824,0,no,nk_cell,11216.000000,98388.000000,11.399764
sample04062,sbj854,0,no,nk_cell,17169.000000,106367.000000,16.141284
sample04074,sbj858,0,no,nk_cell,21235.000000,107019.000000,19.842271
sample04095,sbj865,0,no,nk_cell,13435.000000,95659.000000,14.044680
sample04134,sbj878,0,no,nk_cell,12638.000000,105105.000000,12.024166
sample04143,sbj881,0,no,nk_cell,12820.000000,93555.000000,13.703169
sample04182,sbj894,0,no,nk_cell,14117.000000,92478.000000,15.265252
sample04191,sbj897,0,no,nk_cell,16151.000000,107726.000000,14.992667
sample04200,sbj900,0,no,nk_cell,7693.000000,93506.000000,8.227280
sample04206,sbj902,0,no,nk_cell,16766.000000,100917.000000,16.613653
sample04209,sbj903,0,no,nk_cell,16632.000000,99267.000000,16.754813
sample04278,sbj926,0,no,nk_cell,13307.000000,108453.000000,12.269831
sample04308,sbj936,0,no,nk_cell,19332.000000,90602.000000,21.337277
sample04338,sbj946,0,no,nk_cell,10493.000000,101281.000000,10.360285
sample04419,sbj973,0,no,nk_cell,14853.000000,95058.000000,15.625197
sample04428,sbj976,0,no,nk_cell,12035.000000,95446.000000,12.609224
sample04449,sbj983,0,no,nk_cell,17433.000000,91892.000000,18.971184
sample07503,sbj2501,0,no,nk_cell,16860.000000,94421.000000,17.856197
sample07515,sbj2505,0,no,nk_cell,15808.000000,106161.000000,14.890591
sample07542,sbj2514,0,no,nk_cell,11339.000000,105427.000000,10.755309
sample07620,sbj2540,0,no,nk_cell,19575.000000,100603.000000,19.457670
sample07632,sbj2544,0,no,nk_cell,16630.000000,101693.000000,16.353141
sample07644,sbj2548,0,no,nk_cell,18040.000000,107169.000000,16.833226
sample07653,sbj2551,0,no,nk_cell,13928.000000,89517.000000,15.559056
sample07674,sbj2558,0,no,nk_cell,14953.000000,99767.000000,14.987922
sample07698,sbj2566,0,no,nk_cell,23056.000000,104236.000000,22.119038
sample07710,sbj2570,0,no,nk_cell,15866.000000,96856.000000,16.381019
sample07722,sbj2574,0,no,nk_cell,10780.000000,92462.000000,11.658844
sample07734,sbj2578,0,no,nk_cell,10301.000000,94162.000000,10.939657
sample07746,sbj2582,0,no,nk_cell,15251.000000,90017.000000,16.942355
sample07809,sbj2603,0,no,nk_cell,13301.000000,89140.000000,14.921472
sample07815,sbj2605,0,no,nk_cell,14659.000000,93378.000000,15.698559
sample07818,sbj2606,0,no,nk_cell,17242.000000,93245.000000,18.491072
sample07833,sbj2611,0,no,nk_cell,12799.000000,111992.000000,11.428495
sample07872,sbj2624,0,no,nk_cell,11671.000000,98198.000000,11.885171
sample07899,sbj2633,0,no,nk_cell,14704.000000,104475.000000,14.074180
sample07926,sbj2642,0,no,nk_cell,14491.000000,100923.000000,14.358471
sample07929,sbj2643,0,no,nk_cell,13391.000000,100774.000000,13.288150
sample07932,sbj2644,0,no,nk_cell,13740.000000,103601.000000,13.262420
sample07941,sbj2647,0,no,nk_cell,13627.000000,99005.000000,13.763951
sample07959,sbj2653,0,no,nk_cell,18931.000000,95855.000000,19.749622
sample08004,sbj2668,0,no,nk_cell,18990.000000,96921.000000,19.593277
sample08013,sbj2671,0,no,nk_cell,12149.000000,92516.000000,13.131783
sample08028,sbj2676,0,no,nk_cell,14233.000000,98602.000000,14.434798
sample08049,sbj2683,0,no,nk_cell,10377.000000,96874.000000,10.711853
sample08064,sbj2688,0,no,nk_cell,13120.000000,102491.000000,12.801124
sample08076,sbj2692,0,no,nk_cell,15521.000000,91607.000000,16.943028
sample08118,sbj2706,0,no,nk_cell,9159.000000,89842.000000,10.194564
sample08133,sbj2711,0,no,nk_cell,12985.000000,88963.000000,14.595956
sample08142,sbj2714,0,no,nk_cell,13304.000000,96510.000000,13.785100
sample08160,sbj2720,0,no,nk_cell,21813.000000,93278.000000,23.384935
sample08184,sbj2728,0,no,nk_cell,11920.000000,89768.000000,13.278674
sample08214,sbj2738,0,no,nk_cell,16920.000000,91927.000000,18.405909
sample08277,sbj2759,0,no,nk_cell,12415.000000,106002.000000,11.712043
sample08304,sbj2768,0,no,nk_cell,14584.000000,98462.000000,14.811806
sample08313,sbj2771,0,no,nk_cell,15208.000000,90231.000000,16.854518
sample08325,sbj2775,0,no,nk_cell,14941.000000,95548.000000,15.637167
sample08331,sbj2777,0,no,nk_cell,11334.000000,95458.000000,11.873285
sample08334,sbj2778,0,no,nk_cell,15629.000000,103149.000000,15.151868
sample08367,sbj2789,0,no,nk_cell,17866.000000,106599.000000,16.760007
sample08397,sbj2799,0,no,nk_cell,13607.000000,93462.000000,14.558858
sample08412,sbj2804,0,no,nk_cell,20356.000000,96997.000000,20.986216
sample08415,sbj2805,0,no,nk_cell,11946.000000,90906.000000,13.141047
sample08421,sbj2807,0,no,nk_cell,13982.000000,101643.000000,13.755989
sample08433,sbj2811,0,no,nk_cell,16441.000000,100980.000000,16.281442
sample08436,sbj2812,0,no,nk_cell,21021.000000,104969.000000,20.025912
sample08439,sbj2813,0,no,nk_cell,10496.000000,98306.000000,10.676866
sample08460,sbj2820,0,no,nk_cell,13824.000000,93076.000000,14.852379
sample08472,sbj2824,0,no,nk_cell,11984.000000,102545.000000,11.686577
sample08493,sbj2831,0,no,nk_cell,18274.000000,103696.000000,17.622666
sample08502,sbj2834,0,no,nk_cell,16183.000000,98042.000000,16.506191
sample08520,sbj2840,0,no,nk_cell,10533.000000,91052.000000,11.568115
sample08526,sbj2842,0,no,nk_cell,5441.000000,96688.000000,5.627379
sample08541,sbj2847,0,no,nk_cell,14481.000000,104499.000000,13.857549
sample08556,sbj2852,0,no,nk_cell,14623.000000,96285.000000,15.187205
sample08559,sbj2853,0,no,nk_cell,18083.000000,102135.000000,17.704998
sample08589,sbj2863,0,no,nk_cell,14734.000000,92824.000000,15.873050
sample08637,sbj2879,0,no,nk_cell,20096.000000,97381.000000,20.636469
sample08661,sbj2887,0,no,nk_cell,8756.000000,105659.000000,8.287037
sample08664,sbj2888,0,no,nk_cell,16446.000000,97207.000000,16.918535
sample08712,sbj2904,0,no,nk_cell,16834.000000,97530.000000,17.260330
sample08730,sbj2910,0,no,nk_cell,14468.000000,98078.000000,14.751524
sample08751,sbj2917,0,no,nk_cell,11295.000000,89812.000000,12.576270
sample08763,sbj2921,0,no,nk_cell,10853.000000,117863.000000,9.208148
sample08805,sbj2935,0,no,nk_cell,14526.000000,99268.000000,14.633114
sample08874,sbj2958,0,no,nk_cell,16546.000000,106099.000000,15.594869
sample08919,sbj2973,0,no,nk_cell,17232.000000,103699.000000,16.617325
sample08952,sbj2984,0,no,nk_cell,14687.000000,99207.000000,14.804399
sample08958,sbj2986,0,no,nk_cell,9111.000000,89938.000000,10.130312
sample08967,sbj2989,0,no,nk_cell,23349.000000,97796.000000,23.875210
sample08976,sbj2992,0,no,nk_cell,15773.000000,93449.000000,16.878725
sample09003,sbj3001,0,no,nk_cell,17612.000000,97878.000000,17.993829
sample09030,sbj3010,0,no,nk_cell,15481.000000,96877.000000,15.980057
sample09036,sbj3012,0,no,nk_cell,13298.000000,94780.000000,14.030386
sample09039,sbj3013,0,no,nk_cell,18750.000000,95939.000000,19.543668
sample09048,sbj3016,0,no,nk_cell,16553.000000,93285.000000,17.744546
sample09060,sbj3020,0,no,nk_cell,11767.000000,102499.000000,11.480112
sample09066,sbj3022,0,no,nk_cell,16649.000000,105905.000000,15.720693
sample09150,sbj3050,0,no,nk_cell,8294.000000,91819.000000,9.032989
sample09159,sbj3053,0,no,nk_cell,13823.000000,91144.000000,15.166111
sample09183,sbj3061,0,no,nk_cell,15057.000000,107988.000000,13.943216
sample09213,sbj3071,0,no,nk_cell,11251.000000,95709.000000,11.755425
sample09246,sbj3082,0,no,nk_cell,15179.000000,109101.000000,13.912796
sample09249,sbj3083,0,no,nk_cell,15116.000000,103352.000000,14.625745
sample09288,sbj3096,0,no,nk_cell,11825.000000,95077.000000,12.437288
sample09294,sbj3098,0,no,nk_cell,9830.000000,90486.000000,10.863559
sample09303,sbj3101,0,no,nk_cell,12366.000000,95720.000000,12.918930
sample09354,sbj3118,0,no,nk_cell,18389.000000,93620.000000,19.642170
sample09363,sbj3121,0,no,nk_cell,10942.000000,87701.000000,12.476483
sample09378,sbj3126,0,no,nk_cell,12545.000000,101477.000000,12.362407
sample09384,sbj3128,0,no,nk_cell,12511.000000,103895.000000,12.041965
sample09387,sbj3129,0,no,nk_cell,12205.000000,93376.000000,13.070810
sample09414,sbj3138,0,no,nk_cell,8706.000000,95096.000000,9.154959
sample09420,sbj3140,0,no,nk_cell,21898.000000,107688.000000,20.334671
sample09429,sbj3143,0,no,nk_cell,13100.000000,90919.000000,14.408429
sample09432,sbj3144,0,no,nk_cell,14915.000000,93829.000000,15.895938
sample09477,sbj3159,0,no,nk_cell,12115.000000,99593.000000,12.164510
sample09483,sbj3161,0,no,nk_cell,15448.000000,98796.000000,15.636261
sample09492,sbj3164,0,no,nk_cell,15521.000000,95832.000000,16.196051
sample09555,sbj3185,0,no,nk_cell,9131.000000,101579.000000,8.989063
sample09567,sbj3189,0,no,nk_cell,20700.000000,108000.000000,19.166667
sample09585,sbj3195,0,no,nk_cell,14131.000000,101605.000000,13.907780
sample09588,sbj3196,0,no,nk_cell,11217.000000,94591.000000,11.858422
sample09627,sbj3209,0,no,nk_cell,11334.000000,87984.000000,12.881888
sample09657,sbj3219,0,no,nk_cell,11302.000000,98768.000000,11.442977
sample09672,sbj3224,0,no,nk_cell,16969.000000,92606.000000,18.323867
sample09744,sbj3248,0,no,nk_cell,14432.000000,93379.000000,15.455295
sample09756,sbj3252,0,no,nk_cell,14812.000000,89579.000000,16.535125
sample09762,sbj3254,0,no,nk_cell,17821.000000,107288.000000,16.610432
sample09813,sbj3271,0,no,nk_cell,20746.000000,101625.000000,20.414268
sample09816,sbj3272,0,no,nk_cell,16019.000000,101829.000000,15.731275
sample09870,sbj3290,0,no,nk_cell,15813.000000,103387.000000,15.294960
sample09873,sbj3291,0,no,nk_cell,17424.000000,104601.000000,16.657585
sample09894,sbj3298,0,no,nk_cell,16830.000000,101737.000000,16.542654
sample09900,sbj3300,0,no,nk_cell,14395.000000,102602.000000,14.029941
sample09903,sbj3301,0,no,nk_cell,12898.000000,97759.000000,13.193670
sample09912,sbj3304,0,no,nk_cell,19201.000000,94706.000000,20.274323
sample09918,sbj3306,0,no,nk_cell,11392.000000,92400.000000,12.329004
sample09987,sbj3329,0,no,nk_cell,14178.000000,94260.000000,15.041375
sample09999,sbj3333,0,no,nk_cell,17535.000000,95291.000000,18.401528
sample10068,sbj3356,0,no,nk_cell,11911.000000,92390.000000,12.892088
sample10089,sbj3363,0,no,nk_cell,15023.000000,90081.000000,16.677213
sample10191,sbj3397,0,no,nk_cell,13353.000000,88718.000000,15.051061
sample10230,sbj3410,0,no,nk_cell,18191.000000,98944.000000,18.385147
sample10251,sbj3417,0,no,nk_cell,16062.000000,99899.000000,16.078239
sample10266,sbj3422,0,no,nk_cell,16075.000000,108427.000000,14.825643
sample10305,sbj3435,0,no,nk_cell,13815.000000,93427.000000,14.786946
sample10320,sbj3440,0,no,nk_cell,14884.000000,89731.000000,16.587356
sample10395,sbj3465,0,no,nk_cell,11710.000000,91389.000000,12.813358
sample10416,sbj3472,0,no,nk_cell,14903.000000,102589.000000,14.526899
sample10455,sbj3485,0,no,nk_cell,16717.000000,88396.000000,18.911489
sample10470,sbj3490,0,no,nk_cell,12520.000000,107444.000000,11.652582
sample10473,sbj3491,0,no,nk_cell,12187.000000,92339.000000,13.198107
sample00024,sbj008,0,yes,nk_cell,19681.000000,99969.000000,19.687103
sample00060,sbj020,0,yes,nk_cell,14559.000000,103534.000000,14.062047
sample00066,sbj022,0,yes,nk_cell,13927.000000,107284.000000,12.981432
sample00075,sbj025,0,yes,nk_cell,14983.000000,104711.000000,14.308907
sample00141,sbj047,0,yes,nk_cell,13171.000000,103696.000000,12.701551
sample00165,sbj055,0,yes,nk_cell,23862.000000,111486.000000,21.403584
sample00168,sbj056,0,yes,nk_cell,18642.000000,102412.000000,18.202945
sample00261,sbj087,0,yes,nk_cell,14390.000000,110763.000000,12.991703
sample00324,sbj1007,0,yes,nk_cell,25102.000000,107593.000000,23.330514
sample00327,sbj1008,0,yes,nk_cell,15723.000000,98632.000000,15.941074
sample00333,sbj101,0,yes,nk_cell,5600.000000,97084.000000,5.768201
sample00369,sbj1020,0,yes,nk_cell,10131.000000,99288.000000,10.203650
sample00378,sbj1023,0,yes,nk_cell,18243.000000,101500.000000,17.973399
sample00426,sbj1038,0,yes,nk_cell,11181.000000,96997.000000,11.527161
sample00447,sbj1044,0,yes,nk_cell,15746.000000,98729.000000,15.948708
sample00483,sbj1055,0,yes,nk_cell,15817.000000,94926.000000,16.662453
sample00498,sbj106,0,yes,nk_cell,19919.000000,109114.000000,18.255219
sample00510,sbj1063,0,yes,nk_cell,10595.000000,101519.000000,10.436470
sample00537,sbj1071,0,yes,nk_cell,9660.000000,97491.000000,9.908607
sample00543,sbj1073,0,yes,nk_cell,10834.000000,97856.000000,11.071370
sample00555,sbj1077,0,yes,nk_cell,17198.000000,102840.000000,16.723065
sample00564,sbj108,0,yes,nk_cell,20124.000000,109932.000000,18.305862
sample00621,sbj1097,0,yes,nk_cell,23411.000000,101259.000000,23.119920
sample00630,sbj110,0,yes,nk_cell,22031.000000,98871.000000,22.282570
sample00660,sbj1109,0,yes,nk_cell,21986.000000,111393.000000,19.737326
sample00675,sbj1113,0,yes,nk_cell,23548.000000,109268.000000,21.550683
sample00714,sbj1125,0,yes,nk_cell,13292.000000,106122.000000,12.525207
sample00753,sbj1137,0,yes,nk_cell,10662.000000,104062.000000,10.245815
sample00825,sbj1159,0,yes,nk_cell,14646.000000,94793.000000,15.450508
sample00840,sbj1163,0,yes,nk_cell,22197.000000,114168.000000,19.442401
sample00861,sbj117,0,yes,nk_cell,14770.000000,97470.000000,15.153381
sample00873,sbj1173,0,yes,nk_cell,17054.000000,103428.000000,16.488765
sample00876,sbj1174,0,yes,nk_cell,10897.000000,92437.000000,11.788570
sample00888,sbj1178,0,yes,nk_cell,15363.000000,99206.000000,15.485959
sample00894,sbj118,0,yes,nk_cell,15487.000000,97282.000000,15.919697
sample00912,sbj1185,0,yes,nk_cell,16386.000000,103332.000000,15.857624
sample00915,sbj1186,0,yes,nk_cell,21113.000000,107102.000000,19.712984
sample00939,sbj1193,0,yes,nk_cell,17027.000000,100572.000000,16.930159
sample01008,sbj1214,0,yes,nk_cell,30212.000000,94275.000000,32.046672
sample01017,sbj1217,0,yes,nk_cell,14035.000000,98665.000000,14.224902
sample01068,sbj1232,0,yes,nk_cell,16141.000000,96734.000000,16.685964
sample01074,sbj1234,0,yes,nk_cell,17748.000000,96578.000000,18.376856
sample01080,sbj1236,0,yes,nk_cell,10232.000000,110681.000000,9.244586
sample01092,sbj124,0,yes,nk_cell,17431.000000,106832.000000,16.316272
sample01104,sbj1243,0,yes,nk_cell,8836.000000,101076.000000,8.741937
sample01128,sbj1250,0,yes,nk_cell,13595.000000,95345.000000,14.258745
sample01170,sbj1263,0,yes,nk_cell,11301.000000,96333.000000,11.731182
sample01245,sbj1286,0,yes,nk_cell,15154.000000,93678.000000,16.176690
sample01248,sbj1287,0,yes,nk_cell,12594.000000,108830.000000,11.572177
sample01260,sbj1290,0,yes,nk_cell,10427.000000,101082.000000,10.315388
sample01266,sbj1292,0,yes,nk_cell,15245.000000,107789.000000,14.143373
sample01284,sbj1298,0,yes,nk_cell,20590.000000,107710.000000,19.116145
sample01311,sbj1306,0,yes,nk_cell,14855.000000,96091.000000,15.459304
sample01326,sbj1310,0,yes,nk_cell,12551.000000,101755.000000,12.334529
sample01329,sbj1311,0,yes,nk_cell,11847.000000,93643.000000,12.651239
sample01332,sbj1312,0,yes,nk_cell,14026.000000,112389.000000,12.479869
sample01359,sbj1320,0,yes,nk_cell,21529.000000,110209.000000,19.534702
sample01377,sbj1326,0,yes,nk_cell,20760.000000,95166.000000,21.814514
sample01419,sbj1339,0,yes,nk_cell,20750.000000,98213.000000,21.127549
sample01422,sbj134,0,yes,nk_cell,18120.000000,94401.000000,19.194712
sample01440,sbj1345,0,yes,nk_cell,13043.000000,98080.000000,13.298328
sample01458,sbj1350,0,yes,nk_cell,12134.000000,100331.000000,12.093969
sample01491,sbj1360,0,yes,nk_cell,11270.000000,106009.000000,10.631173
sample01497,sbj1362,0,yes,nk_cell,13885.000000,97367.000000,14.260478
sample01533,sbj1373,0,yes,nk_cell,10498.000000,93333.000000,11.247897
sample01536,sbj1374,0,yes,nk_cell,11583.000000,106219.000000,10.904829
sample01545,sbj1377,0,yes,nk_cell,22221.000000,102282.000000,21.725230
sample01602,sbj1394,0,yes,nk_cell,8799.000000,98385.000000,8.943436
sample01620,sbj140,0,yes,nk_cell,16106.000000,95869.000000,16.800008
sample01635,sbj1404,0,yes,nk_cell,19273.000000,99800.000000,19.311623
sample01638,sbj1405,0,yes,nk_cell,10077.000000,102848.000000,9.797954
sample01665,sbj1413,0,yes,nk_cell,26226.000000,107148.000000,24.476425
sample01683,sbj1419,0,yes,nk_cell,13151.000000,98395.000000,13.365517
sample01692,sbj1421,0,yes,nk_cell,10885.000000,92546.000000,11.761718
sample01719,sbj143,0,yes,nk_cell,14560.000000,96224.000000,15.131360
sample01728,sbj1432,0,yes,nk_cell,21209.000000,111032.000000,19.101700
sample01755,sbj1440,0,yes,nk_cell,10820.000000,100250.000000,10.793017
sample01785,sbj145,0,yes,nk_cell,18727.000000,109249.000000,17.141576
sample01815,sbj1459,0,yes,nk_cell,17854.000000,98810.000000,18.069021
sample01824,sbj1461,0,yes,nk_cell,11364.000000,102253.000000,11.113610
sample01830,sbj1463,0,yes,nk_cell,17449.000000,97955.000000,17.813282
sample01833,sbj1464,0,yes,nk_cell,11887.000000,93091.000000,12.769226
sample01881,sbj1479,0,yes,nk_cell,15068.000000,106943.000000,14.089749
sample01899,sbj1484,0,yes,nk_cell,15977.000000,99785.000000,16.011425
sample01962,sbj154,0,yes,nk_cell,16552.000000,99110.000000,16.700636
sample02037,sbj179,0,yes,nk_cell,15559.000000,108493.000000,14.341017
sample02055,sbj185,0,yes,nk_cell,16980.000000,108273.000000,15.682580
sample02064,sbj188,0,yes,nk_cell,18090.000000,99458.000000,18.188582
sample02178,sbj226,0,yes,nk_cell,23209.000000,111328.000000,20.847406
sample02196,sbj232,0,yes,nk_cell,19387.000000,108000.000000,17.950926
sample02235,sbj245,0,yes,nk_cell,11934.000000,110676.000000,10.782826
sample02244,sbj248,0,yes,nk_cell,21383.000000,98219.000000,21.770737
sample02262,sbj254,0,yes,nk_cell,6825.000000,96318.000000,7.085903
sample02340,sbj280,0,yes,nk_cell,10261.000000,97746.000000,10.497616
sample02388,sbj296,0,yes,nk_cell,14082.000000,102063.000000,13.797360
sample02439,sbj313,0,yes,nk_cell,18176.000000,105872.000000,17.167901
sample02454,sbj318,0,yes,nk_cell,22705.000000,101990.000000,22.261986
sample02466,sbj322,0,yes,nk_cell,12385.000000,93892.000000,13.190687
sample02481,sbj327,0,yes,nk_cell,15204.000000,98315.000000,15.464578
sample02490,sbj330,0,yes,nk_cell,18489.000000,101823.000000,18.157980
sample02499,sbj333,0,yes,nk_cell,6149.000000,94449.000000,6.510392
sample02517,sbj339,0,yes,nk_cell,11635.000000,91960.000000,12.652240
sample02562,sbj354,0,yes,nk_cell,13158.000000,102783.000000,12.801728
sample02574,sbj358,0,yes,nk_cell,13774.000000,91843.000000,14.997332
sample02586,sbj362,0,yes,nk_cell,17067.000000,110607.000000,15.430307
sample02589,sbj363,0,yes,nk_cell,23614.000000,104080.000000,22.688317
sample02625,sbj375,0,yes,nk_cell,10084.000000,102515.000000,9.836609
sample02640,sbj380,0,yes,nk_cell,23763.000000,104000.000000,22.849038
sample02655,sbj385,0,yes,nk_cell,15932.000000,105004.000000,15.172755
sample02673,sbj391,0,yes,nk_cell,13040.000000,95603.000000,13.639739
sample02736,sbj412,0,yes,nk_cell,14436.000000,109832.000000,13.143710
sample02754,sbj418,0,yes,nk_cell,23389.000000,96294.000000,24.289156
sample02760,sbj420,0,yes,nk_cell,16554.000000,94578.000000,17.503013
sample02766,sbj422,0,yes,nk_cell,10692.000000,95992.000000,11.138428
sample02772,sbj424,0,yes,nk_cell,12594.000000,107219.000000,11.746052
sample02781,sbj427,0,yes,nk_cell,13863.000000,100405.000000,13.807081
sample02808,sbj436,0,yes,nk_cell,18729.000000,103811.000000,18.041441
sample02823,sbj441,0,yes,nk_cell,13656.000000,104524.000000,13.064942
sample02838,sbj446,0,yes,nk_cell,11783.000000,106495.000000,11.064369
sample02847,sbj449,0,yes,nk_cell,18265.000000,99912.000000,18.281087
sample02856,sbj452,0,yes,nk_cell,20254.000000,96230.000000,21.047490
sample02874,sbj458,0,yes,nk_cell,10245.000000,104429.000000,9.810493
sample02910,sbj470,0,yes,nk_cell,15938.000000,100447.000000,15.867074
sample02916,sbj472,0,yes,nk_cell,8501.000000,101311.000000,8.390994
sample02925,sbj475,0,yes,nk_cell,18965.000000,108188.000000,17.529671
sample02928,sbj476,0,yes,nk_cell,14399.000000,92703.000000,15.532399
sample02976,sbj492,0,yes,nk_cell,14810.000000,110894.000000,13.355096
sample02991,sbj497,0,yes,nk_cell,14360.000000,105976.000000,13.550238
sample02997,sbj499,0,yes,nk_cell,15629.000000,110003.000000,14.207794
sample03000,sbj500,0,yes,nk_cell,18966.000000,104910.000000,18.078353
sample03021,sbj507,0,yes,nk_cell,12005.000000,98326.000000,12.209385
sample03024,sbj508,0,yes,nk_cell,16654.000000,97642.000000,17.056185
sample03039,sbj513,0,yes,nk_cell,9317.000000,102122.000000,9.123401
sample03066,sbj522,0,yes,nk_cell,13853.000000,100939.000000,13.724130
sample03093,sbj531,0,yes,nk_cell,15100.000000,109414.000000,13.800793
sample03120,sbj540,0,yes,nk_cell,13282.000000,108504.000000,12.241023
sample03159,sbj553,0,yes,nk_cell,9617.000000,100156.000000,9.602021
sample03183,sbj561,0,yes,nk_cell,15985.000000,112003.000000,14.271939
sample03195,sbj565,0,yes,nk_cell,19436.000000,100362.000000,19.365895
sample03246,sbj582,0,yes,nk_cell,9853.000000,99252.000000,9.927256
sample03264,sbj588,0,yes,nk_cell,20749.000000,110609.000000,18.758871
sample03267,sbj589,0,yes,nk_cell,14322.000000,102753.000000,13.938279
sample03273,sbj591,0,yes,nk_cell,15667.000000,112483.000000,13.928327
sample03285,sbj595,0,yes,nk_cell,26603.000000,99379.000000,26.769237
sample03297,sbj599,0,yes,nk_cell,11826.000000,111772.000000,10.580467
sample03303,sbj601,0,yes,nk_cell,16520.000000,100668.000000,16.410379
sample03375,sbj625,0,yes,nk_cell,24590.000000,98832.000000,24.880605
sample03381,sbj627,0,yes,nk_cell,16576.000000,93872.000000,17.658088
sample03405,sbj635,0,yes,nk_cell,10665.000000,110869.000000,9.619461
sample03453,sbj651,0,yes,nk_cell,14016.000000,92222.000000,15.198109
sample03465,sbj655,0,yes,nk_cell,14404.000000,101506.000000,14.190294
sample03486,sbj662,0,yes,nk_cell,13819.000000,96558.000000,14.311605
sample03492,sbj664,0,yes,nk_cell,13822.000000,109345.000000,12.640724
sample03531,sbj677,0,yes,nk_cell,10304.000000,94026.000000,10.958671
sample03576,sbj692,0,yes,nk_cell,8746.000000,100605.000000,8.693405
sample03588,sbj696,0,yes,nk_cell,14817.000000,95193.000000,15.565220
sample03591,sbj697,0,yes,nk_cell,15168.000000,99409.000000,15.258176
sample03621,sbj707,0,yes,nk_cell,13105.000000,95262.000000,13.756797
sample03624,sbj708,0,yes,nk_cell,16528.000000,105323.000000,15.692679
sample03747,sbj749,0,yes,nk_cell,9718.000000,101150.000000,9.607514
sample03765,sbj755,0,yes,nk_cell,15484.000000,99275.000000,15.597079
sample03789,sbj763,0,yes,nk_cell,11046.000000,99716.000000,11.077460
sample03804,sbj768,0,yes,nk_cell,20440.000000,102491.000000,19.943215
sample03819,sbj773,0,yes,nk_cell,18059.000000,95384.000000,18.932945
sample03846,sbj782,0,yes,nk_cell,10083.000000,100230.000000,10.059862
sample03852,sbj784,0,yes,nk_cell,20129.000000,104555.000000,19.252068
sample03861,sbj787,0,yes,nk_cell,10937.000000,107496.000000,10.174332
sample03885,sbj795,0,yes,nk_cell,15706.000000,96267.000000,16.315040
sample03936,sbj812,0,yes,nk_cell,18739.000000,94088.000000,19.916461
sample03942,sbj814,0,yes,nk_cell,11358.000000,106061.000000,10.708932
sample03951,sbj817,0,yes,nk_cell,21456.000000,113880.000000,18.840885
sample03963,sbj821,0,yes,nk_cell,16942.000000,98638.000000,17.175936
sample03981,sbj827,0,yes,nk_cell,15223.000000,92704.000000,16.421082
sample04014,sbj838,0,yes,nk_cell,15141.000000,109698.000000,13.802439
sample04035,sbj845,0,yes,nk_cell,13721.000000,109953.000000,12.478968
sample04047,sbj849,0,yes,nk_cell,20445.000000,106037.000000,19.281006
sample04068,sbj856,0,yes,nk_cell,15033.000000,93367.000000,16.100978
sample04128,sbj876,0,yes,nk_cell,13214.000000,100689.000000,13.123579
sample04155,sbj885,0,yes,nk_cell,15040.000000,99812.000000,15.068328
sample04170,sbj890,0,yes,nk_cell,10504.000000,91576.000000,11.470254
sample04173,sbj891,0,yes,nk_cell,9519.000000,109234.000000,8.714320
sample04188,sbj896,0,yes,nk_cell,16709.000000,106532.000000,15.684489
sample04203,sbj901,0,yes,nk_cell,24217.000000,100195.000000,24.169869
sample04224,sbj908,0,yes,nk_cell,12185.000000,92946.000000,13.109763
sample04266,sbj922,0,yes,nk_cell,9127.000000,94810.000000,9.626622
sample04284,sbj928,0,yes,nk_cell,18795.000000,99569.000000,18.876357
sample04293,sbj931,0,yes,nk_cell,22473.000000,99311.000000,22.628913
sample04296,sbj932,0,yes,nk_cell,22384.000000,102827.000000,21.768602
sample04302,sbj934,0,yes,nk_cell,12023.000000,106587.000000,11.279987
sample04347,sbj949,0,yes,nk_cell,15706.000000,98892.000000,15.881972
sample04368,sbj956,0,yes,nk_cell,13049.000000,105129.000000,12.412370
sample04377,sbj959,0,yes,nk_cell,12132.000000,106749.000000,11.364978
sample04434,sbj978,0,yes,nk_cell,8457.000000,93222.000000,9.071893
sample04461,sbj987,0,yes,nk_cell,10387.000000,107057.000000,9.702308
sample04491,sbj997,0,yes,nk_cell,17865.000000,100843.000000,17.715657
sample07506,sbj2502,0,yes,nk_cell,14250.000000,110719.000000,12.870420
sample07527,sbj2509,0,yes,nk_cell,13861.000000,108211.000000,12.809234
sample07551,sbj2517,0,yes,nk_cell,13302.000000,94482.000000,14.078872
sample07560,sbj2520,0,yes,nk_cell,18266.000000,112532.000000,16.231827
sample07575,sbj2525,0,yes,nk_cell,20824.000000,107827.000000,19.312417
sample07587,sbj2529,0,yes,nk_cell,8806.000000,107238.000000,8.211641
sample07593,sbj2531,0,yes,nk_cell,22508.000000,109494.000000,20.556378
sample07614,sbj2538,0,yes,nk_cell,14728.000000,105861.000000,13.912583
sample07647,sbj2549,0,yes,nk_cell,14232.000000,94533.000000,15.055060
sample07665,sbj2555,0,yes,nk_cell,9178.000000,92218.000000,9.952504
sample07725,sbj2575,0,yes,nk_cell,13768.000000,118260.000000,11.642144
sample07761,sbj2587,0,yes,nk_cell,16442.000000,95689.000000,17.182748
sample07800,sbj2600,0,yes,nk_cell,19719.000000,105323.000000,18.722406
sample07821,sbj2607,0,yes,nk_cell,13290.000000,93256.000000,14.251094
sample07824,sbj2608,0,yes,nk_cell,14559.000000,105231.000000,13.835277
sample07827,sbj2609,0,yes,nk_cell,23947.000000,106881.000000,22.405292
sample07836,sbj2612,0,yes,nk_cell,8946.000000,111247.000000,8.041565
sample07905,sbj2635,0,yes,nk_cell,14762.000000,93457.000000,15.795500
sample07968,sbj2656,0,yes,nk_cell,7683.000000,105329.000000,7.294287
sample08040,sbj2680,0,yes,nk_cell,19165.000000,110353.000000,17.366995
sample08055,sbj2685,0,yes,nk_cell,14494.000000,99750.000000,14.530326
sample08085,sbj2695,0,yes,nk_cell,15413.000000,111862.000000,13.778584
sample08121,sbj2707,0,yes,nk_cell,8184.000000,92948.000000,8.804923
sample08127,sbj2709,0,yes,nk_cell,15403.000000,103846.000000,14.832540
sample08151,sbj2717,0,yes,nk_cell,15732.000000,93321.000000,16.857942
sample08166,sbj2722,0,yes,nk_cell,12222.000000,105393.000000,11.596596
sample08178,sbj2726,0,yes,nk_cell,15352.000000,96265.000000,15.947645
sample08199,sbj2733,0,yes,nk_cell,18583.000000,96680.000000,19.221142
sample08247,sbj2749,0,yes,nk_cell,15376.000000,109831.000000,13.999690
sample08274,sbj2758,0,yes,nk_cell,11620.000000,108507.000000,10.708987
sample08289,sbj2763,0,yes,nk_cell,8972.000000,105215.000000,8.527301
sample08298,sbj2766,0,yes,nk_cell,11792.000000,100065.000000,11.784340
sample08328,sbj2776,0,yes,nk_cell,8808.000000,95061.000000,9.265629
sample08337,sbj2779,0,yes,nk_cell,12654.000000,104118.000000,12.153518
sample08349,sbj2783,0,yes,nk_cell,14160.000000,110119.000000,12.858816
sample08352,sbj2784,0,yes,nk_cell,14774.000000,102552.000000,14.406350
sample08361,sbj2787,0,yes,nk_cell,23118.000000,108577.000000,21.291802
sample08388,sbj2796,0,yes,nk_cell,13515.000000,104700.000000,12.908309
sample08403,sbj2801,0,yes,nk_cell,15272.000000,104371.000000,14.632417
sample08442,sbj2814,0,yes,nk_cell,14198.000000,99949.000000,14.205245
sample08466,sbj2822,0,yes,nk_cell,11430.000000,105106.000000,10.874736
sample08481,sbj2827,0,yes,nk_cell,16391.000000,93431.000000,17.543428
sample08568,sbj2856,0,yes,nk_cell,26979.000000,114887.000000,23.483075
sample08583,sbj2861,0,yes,nk_cell,16313.000000,98678.000000,16.531547
sample08595,sbj2865,0,yes,nk_cell,21547.000000,107743.000000,19.998515
sample08610,sbj2870,0,yes,nk_cell,12108.000000,92235.000000,13.127338
sample08655,sbj2885,0,yes,nk_cell,13692.000000,100069.000000,13.682559
sample08685,sbj2895,0,yes,nk_cell,16333.000000,109081.000000,14.973277
sample08706,sbj2902,0,yes,nk_cell,13667.000000,100379.000000,13.615398
sample08718,sbj2906,0,yes,nk_cell,13089.000000,95937.000000,13.643328
sample08724,sbj2908,0,yes,nk_cell,18348.000000,97814.000000,18.758051
sample08769,sbj2923,0,yes,nk_cell,13405.000000,99989.000000,13.406475
sample08781,sbj2927,0,yes,nk_cell,7474.000000,94763.000000,7.887045
sample08829,sbj2943,0,yes,nk_cell,20438.000000,111592.000000,18.314933
sample08832,sbj2944,0,yes,nk_cell,11286.000000,95279.000000,11.845212
sample08853,sbj2951,0,yes,nk_cell,23542.000000,94796.000000,24.834381
sample08856,sbj2952,0,yes,nk_cell,14863.000000,97749.000000,15.205271
sample08895,sbj2965,0,yes,nk_cell,11983.000000,107751.000000,11.121010
sample08913,sbj2971,0,yes,nk_cell,14207.000000,92108.000000,15.424285
sample08925,sbj2975,0,yes,nk_cell,18735.000000,109436.000000,17.119595
sample08943,sbj2981,0,yes,nk_cell,14551.000000,110234.000000,13.200102
sample08946,sbj2982,0,yes,nk_cell,13940.000000,99120.000000,14.063761
sample08970,sbj2990,0,yes,nk_cell,23013.000000,107407.000000,21.425978
sample08979,sbj2993,0,yes,nk_cell,18702.000000,99103.000000,18.871275
sample09009,sbj3003,0,yes,nk_cell,14832.000000,95764.000000,15.488075
sample09018,sbj3006,0,yes,nk_cell,21937.000000,92308.000000,23.765004
sample09024,sbj3008,0,yes,nk_cell,23381.000000,108837.000000,21.482584
sample09072,sbj3024,0,yes,nk_cell,12006.000000,102093.000000,11.759866
sample09081,sbj3027,0,yes,nk_cell,10043.000000,105923.000000,9.481416
sample09087,sbj3029,0,yes,nk_cell,16529.000000,109362.000000,15.114025
sample09102,sbj3034,0,yes,nk_cell,20563.000000,99577.000000,20.650351
sample09114,sbj3038,0,yes,nk_cell,11290.000000,97992.000000,11.521349
sample09129,sbj3043,0,yes,nk_cell,19453.000000,93627.000000,20.777126
sample09144,sbj3048,0,yes,nk_cell,19602.000000,105316.000000,18.612556
sample09162,sbj3054,0,yes,nk_cell,13233.000000,103535.000000,12.781185
sample09171,sbj3057,0,yes,nk_cell,11112.000000,102086.000000,10.884940
sample09180,sbj3060,0,yes,nk_cell,11313.000000,100004.000000,11.312547
sample09198,sbj3066,0,yes,nk_cell,12705.000000,93220.000000,13.629050
sample09243,sbj3081,0,yes,nk_cell,19900.000000,98369.000000,20.229950
sample09300,sbj3100,0,yes,nk_cell,16054.000000,93220.000000,17.221626
sample09390,sbj3130,0,yes,nk_cell,13311.000000,97441.000000,13.660574
sample09393,sbj3131,0,yes,nk_cell,19746.000000,92704.000000,21.300052
sample09441,sbj3147,0,yes,nk_cell,25690.000000,105526.000000,24.344711
sample09450,sbj3150,0,yes,nk_cell,10927.000000,94727.000000,11.535254
sample09459,sbj3153,0,yes,nk_cell,15768.000000,103625.000000,15.216405
sample09468,sbj3156,0,yes,nk_cell,25659.000000,99283.000000,25.844304
sample09486,sbj3162,0,yes,nk_cell,17948.000000,98707.000000,18.183108
sample09489,sbj3163,0,yes,nk_cell,10960.000000,99158.000000,11.053067
sample09495,sbj3165,0,yes,nk_cell,22059.000000,99837.000000,22.095015
sample09513,sbj3171,0,yes,nk_cell,18885.000000,93793.000000,20.134765
sample09519,sbj3173,0,yes,nk_cell,14230.000000,108729.000000,13.087585
sample09546,sbj3182,0,yes,nk_cell,17926.000000,108849.000000,16.468686
sample09573,sbj3191,0,yes,nk_cell,17534.000000,98810.000000,17.745167
sample09579,sbj3193,0,yes,nk_cell,20090.000000,96921.000000,20.728222
sample09582,sbj3194,0,yes,nk_cell,19003.000000,103807.000000,18.306087
sample09591,sbj3197,0,yes,nk_cell,12147.000000,100056.000000,12.140201
sample09597,sbj3199,0,yes,nk_cell,21293.000000,92646.000000,22.983183
sample09606,sbj3202,0,yes,nk_cell,18015.000000,93652.000000,19.236108
sample09612,sbj3204,0,yes,nk_cell,15248.000000,111085.000000,13.726426
sample09615,sbj3205,0,yes,nk_cell,16577.000000,101628.000000,16.311450
sample09666,sbj3222,0,yes,nk_cell,14857.000000,97899.000000,15.175844
sample09690,sbj3230,0,yes,nk_cell,11208.000000,94874.000000,11.813563
sample09699,sbj3233,0,yes,nk_cell,17790.000000,98949.000000,17.978959
sample09705,sbj3235,0,yes,nk_cell,16144.000000,93684.000000,17.232398
sample09720,sbj3240,0,yes,nk_cell,6780.000000,111070.000000,6.104259
sample09783,sbj3261,0,yes,nk_cell,14772.000000,98229.000000,15.038329
sample09798,sbj3266,0,yes,nk_cell,10559.000000,98599.000000,10.709034
sample09909,sbj3303,0,yes,nk_cell,9769.000000,91730.000000,10.649733
sample09924,sbj3308,0,yes,nk_cell,10238.000000,100470.000000,10.190106
sample09963,sbj3321,0,yes,nk_cell,24935.000000,106462.000000,23.421503
sample09978,sbj3326,0,yes,nk_cell,17483.000000,112015.000000,15.607731
sample09990,sbj3330,0,yes,nk_cell,16870.000000,108247.000000,15.584728
sample09996,sbj3332,0,yes,nk_cell,16393.000000,104950.000000,15.619819
sample10038,sbj3346,0,yes,nk_cell,5065.000000,110897.000000,4.567301
sample10041,sbj3347,0,yes,nk_cell,22017.000000,100869.000000,21.827321
sample10095,sbj3365,0,yes,nk_cell,12709.000000,96512.000000,13.168311
sample10116,sbj3372,0,yes,nk_cell,12457.000000,110235.000000,11.300404
sample10125,sbj3375,0,yes,nk_cell,20340.000000,106638.000000,19.073876
sample10128,sbj3376,0,yes,nk_cell,13896.000000,98648.000000,14.086449
sample10131,sbj3377,0,yes,nk_cell,11706.000000,98762.000000,11.852737
sample10140,sbj3380,0,yes,nk_cell,16175.000000,96863.000000,16.698843
sample10179,sbj3393,0,yes,nk_cell,14642.000000,111530.000000,13.128306
sample10197,sbj3399,0,yes,nk_cell,13787.000000,102560.000000,13.442863
sample10233,sbj3411,0,yes,nk_cell,12476.000000,98101.000000,12.717505
sample10248,sbj3416,0,yes,nk_cell,22435.000000,96708.000000,23.198701
sample10323,sbj3441,0,yes,nk_cell,20088.000000,98678.000000,20.357121
sample10335,sbj3445,0,yes,nk_cell,6692.000000,102803.000000,6.509538
sample10341,sbj3447,0,yes,nk_cell,9956.000000,115465.000000,8.622526
sample10347,sbj3449,0,yes,nk_cell,24868.000000,106585.000000,23.331613
sample10356,sbj3452,0,yes,nk_cell,18967.000000,104752.000000,18.106576
sample10383,sbj3461,0,yes,nk_cell,18961.000000,110316.000000,17.187897
sample10386,sbj3462,0,yes,nk_cell,18014.000000,94152.000000,19.132891
sample10392,sbj3464,0,yes,nk_cell,13242.000000,95952.000000,13.800650
sample10410,sbj3470,0,yes,nk_cell,16899.000000,101295.000000,16.682956
sample10443,sbj3481,0,yes,nk_cell,12883.000000,100163.000000,12.862035
sample10491,sbj3497,0,yes,nk_cell,15689.000000,100705.000000,15.579167
sample00001,sbj000,7,no,b_cell,6777.000000,100824.000000,6.721614
sample00007,sbj002,7,no,b_cell,10403.000000,98424.000000,10.569577
sample00010,sbj003,7,no,b_cell,13203.000000,107537.000000,12.277635
sample00073,sbj024,7,no,b_cell,10426.000000,104898.000000,9.939179
sample00082,sbj027,7,no,b_cell,6068.000000,103389.000000,5.869096
sample00124,sbj041,7,no,b_cell,7220.000000,91040.000000,7.930580
sample00154,sbj051,7,no,b_cell,4851.000000,98244.000000,4.937706
sample00175,sbj058,7,no,b_cell,11412.000000,107707.000000,10.595412
sample00187,sbj062,7,no,b_cell,13389.000000,97273.000000,13.764354
sample00190,sbj063,7,no,b_cell,5835.000000,107702.000000,5.417727
sample00214,sbj071,7,no,b_cell,13613.000000,102152.000000,13.326220
sample00244,sbj081,7,no,b_cell,3494.000000,97287.000000,3.591436
sample00250,sbj083,7,no,b_cell,10657.000000,103559.000000,10.290752
sample00286,sbj095,7,no,b_cell,8639.000000,103894.000000,8.315206
sample00403,sbj1030,7,no,b_cell,9302.000000,104802.000000,8.875785
sample00412,sbj1033,7,no,b_cell,4745.000000,98963.000000,4.794721
sample00415,sbj1034,7,no,b_cell,11699.000000,106472.000000,10.987865
sample00436,sbj1040,7,no,b_cell,6569.000000,90324.000000,7.272707
sample00460,sbj1048,7,no,b_cell,7938.000000,101893.000000,7.790525
sample00466,sbj105,7,no,b_cell,15853.000000,99232.000000,15.975693
sample00472,sbj1051,7,no,b_cell,8943.000000,98089.000000,9.117230
sample00481,sbj1054,7,no,b_cell,8306.000000,102711.000000,8.086768
sample00493,sbj1058,7,no,b_cell,9490.000000,101317.000000,9.366641
sample00514,sbj1064,7,no,b_cell,6158.000000,95912.000000,6.420469
sample00517,sbj1065,7,no,b_cell,17829.000000,100185.000000,17.796077
sample00523,sbj1067,7,no,b_cell,11753.000000,97036.000000,12.112000
sample00535,sbj1070,7,no,b_cell,6571.000000,104896.000000,6.264300
sample00586,sbj1086,7,no,b_cell,13164.000000,97970.000000,13.436766
sample00589,sbj1087,7,no,b_cell,8829.000000,89545.000000,9.859847
sample00625,sbj1098,7,no,b_cell,10852.000000,95251.000000,11.393056
sample00640,sbj1102,7,no,b_cell,9954.000000,93280.000000,10.671098
sample00694,sbj1119,7,no,b_cell,10546.000000,104994.000000,10.044383
sample00697,sbj112,7,no,b_cell,6058.000000,97543.000000,6.210594
sample00718,sbj1126,7,no,b_cell,6527.000000,109920.000000,5.937955
sample00727,sbj1129,7,no,b_cell,7318.000000,90881.000000,8.052288
sample00757,sbj1138,7,no,b_cell,8843.000000,100190.000000,8.826230
sample00799,sbj1150,7,no,b_cell,12221.000000,106251.000000,11.502009
sample00808,sbj1153,7,no,b_cell,14322.000000,89890.000000,15.932807
sample00850,sbj1166,7,no,b_cell,6904.000000,101331.000000,6.813315
sample00868,sbj1171,7,no,b_cell,10173.000000,94267.000000,10.791687
sample00919,sbj1187,7,no,b_cell,11050.000000,91829.000000,12.033236
sample00967,sbj1201,7,no,b_cell,8236.000000,94282.000000,8.735496
sample00988,sbj1208,7,no,b_cell,6696.000000,104779.000000,6.390594
sample01012,sbj1215,7,no,b_cell,11774.000000,104388.000000,11.279074
sample01024,sbj1219,7,no,b_cell,8483.000000,100987.000000,8.400091
sample01042,sbj1224,7,no,b_cell,11550.000000,97518.000000,11.843967
sample01054,sbj1228,7,no,b_cell,12511.000000,88554.000000,14.128103
sample01063,sbj1230,7,no,b_cell,7633.000000,97268.000000,7.847391
sample01111,sbj1245,7,no,b_cell,12246.000000,96363.000000,12.708197
sample01135,sbj1252,7,no,b_cell,17811.000000,103817.000000,17.156150
sample01138,sbj1253,7,no,b_cell,8384.000000,90280.000000,9.286664
sample01144,sbj1255,7,no,b_cell,16890.000000,104632.000000,16.142289
sample01153,sbj1258,7,no,b_cell,10153.000000,97580.000000,10.404796
sample01162,sbj1260,7,no,b_cell,9610.000000,104496.000000,9.196524
sample01219,sbj1278,7,no,b_cell,16008.000000,98404.000000,16.267631
sample01228,sbj1280,7,no,b_cell,10744.000000,98579.000000,10.898873
sample01231,sbj1281,7,no,b_cell,10890.000000,92143.000000,11.818586
sample01243,sbj1285,7,no,b_cell,14889.000000,94742.000000,15.715311
sample01315,sbj1307,7,no,b_cell,11229.000000,106330.000000,10.560519
sample01345,sbj1316,7,no,b_cell,10387.000000,95834.000000,10.838533
sample01387,sbj1329,7,no,b_cell,7276.000000,101280.000000,7.184044
sample01396,sbj1331,7,no,b_cell,14852.000000,97473.000000,15.237040
sample01414,sbj1337,7,no,b_cell,7544.000000,91947.000000,8.204727
sample01432,sbj1342,7,no,b_cell,4258.000000,99842.000000,4.264738
sample01543,sbj1376,7,no,b_cell,14936.000000,98030.000000,15.236152
sample01555,sbj138,7,no,b_cell,17452.000000,102116.000000,17.090368
sample01588,sbj139,7,no,b_cell,7672.000000,105620.000000,7.263776
sample01612,sbj1397,7,no,b_cell,11895.000000,99916.000000,11.905000
sample01675,sbj1416,7,no,b_cell,9628.000000,91225.000000,10.554124
sample01681,sbj1418,7,no,b_cell,8324.000000,107066.000000,7.774644
sample01687,sbj142,7,no,b_cell,10123.000000,101578.000000,9.965741
sample01702,sbj1424,7,no,b_cell,7254.000000,105733.000000,6.860677
sample01723,sbj1430,7,no,b_cell,18810.000000,108032.000000,17.411508
sample01753,sbj144,7,no,b_cell,9077.000000,103066.000000,8.806978
sample01768,sbj1444,7,no,b_cell,10175.000000,101408.000000,10.033725
sample01804,sbj1455,7,no,b_cell,4650.000000,93139.000000,4.992538
sample01810,sbj1457,7,no,b_cell,8968.000000,109048.000000,8.223901
sample01813,sbj1458,7,no,b_cell,7576.000000,103589.000000,7.313518
sample01849,sbj1469,7,no,b_cell,11621.000000,97926.000000,11.867124
sample01867,sbj1474,7,no,b_cell,8133.000000,96340.000000,8.441976
sample01876,sbj1477,7,no,b_cell,6257.000000,101993.000000,6.134735
sample01885,sbj148,7,no,b_cell,12916.000000,93311.000000,13.841884
sample01894,sbj1482,7,no,b_cell,9377.000000,91447.000000,10.254027
sample01915,sbj1489,7,no,b_cell,18130.000000,109559.000000,16.548161
sample01927,sbj1492,7,no,b_cell,9513.000000,106368.000000,8.943479
sample01933,sbj1494,7,no,b_cell,11205.000000,94240.000000,11.889856
sample01969,sbj156,7,no,b_cell,8465.000000,90954.000000,9.306902
sample01987,sbj162,7,no,b_cell,13523.000000,107565.000000,12.571933
sample01993,sbj164,7,no,b_cell,7956.000000,100357.000000,7.927698
sample02011,sbj170,7,no,b_cell,13579.000000,96495.000000,14.072232
sample02017,sbj172,7,no,b_cell,9321.000000,102520.000000,9.091885
sample02041,sbj180,7,no,b_cell,12559.000000,93976.000000,13.364050
sample02047,sbj182,7,no,b_cell,5356.000000,93320.000000,5.739391
sample02062,sbj187,7,no,b_cell,7753.000000,84530.000000,9.171892
sample02110,sbj203,7,no,b_cell,13040.000000,89935.000000,14.499361
sample02149,sbj216,7,no,b_cell,9007.000000,96388.000000,9.344524
sample02170,sbj223,7,no,b_cell,6111.000000,101575.000000,6.016244
sample02206,sbj235,7,no,b_cell,22224.000000,105374.000000,21.090592
sample02215,sbj238,7,no,b_cell,11477.000000,105421.000000,10.886825
sample02233,sbj244,7,no,b_cell,7074.000000,97633.000000,7.245501
sample02254,sbj251,7,no,b_cell,11533.000000,90324.000000,12.768478
sample02287,sbj262,7,no,b_cell,14765.000000,103590.000000,14.253306
sample02290,sbj263,7,no,b_cell,12531.000000,95861.000000,13.072052
sample02320,sbj273,7,no,b_cell,11594.000000,106326.000000,10.904200
sample02335,sbj278,7,no,b_cell,10820.000000,94814.000000,11.411817
sample02356,sbj285,7,no,b_cell,11465.000000,104627.000000,10.957975
sample02365,sbj288,7,no,b_cell,8575.000000,92126.000000,9.307904
sample02413,sbj304,7,no,b_cell,10093.000000,90050.000000,11.208218
sample02431,sbj310,7,no,b_cell,17764.000000,108736.000000,16.336816
sample02437,sbj312,7,no,b_cell,11246.000000,95522.000000,11.773204
sample02479,sbj326,7,no,b_cell,10215.000000,90381.000000,11.302154
sample02542,sbj347,7,no,b_cell,10635.000000,104032.000000,10.222816
sample02584,sbj361,7,no,b_cell,6627.000000,94002.000000,7.049850
sample02593,sbj364,7,no,b_cell,10440.000000,103176.000000,10.118632
sample02620,sbj373,7,no,b_cell,17903.000000,106958.000000,16.738346
sample02647,sbj382,7,no,b_cell,10388.000000,96996.000000,10.709720
sample02662,sbj387,7,no,b_cell,7064.000000,91765.000000,7.697924
sample02665,sbj388,7,no,b_cell,9832.000000,92723.000000,10.603626
sample02668,sbj389,7,no,b_cell,9548.000000,90039.000000,10.604294
sample02683,sbj394,7,no,b_cell,9505.000000,96098.000000,9.890945
sample02701,sbj400,7,no,b_cell,9069.000000,108275.000000,8.375895
sample02707,sbj402,7,no,b_cell,5643.000000,96394.000000,5.854099
sample02719,sbj406,7,no,b_cell,5319.000000,106129.000000,5.011825
sample02743,sbj414,7,no,b_cell,5059.000000,96458.000000,5.244770
sample02776,sbj425,7,no,b_cell,16985.000000,98069.000000,17.319438
sample02800,sbj433,7,no,b_cell,13645.000000,104863.000000,13.012216
sample02812,sbj437,7,no,b_cell,6625.000000,97219.000000,6.814512
sample02830,sbj443,7,no,b_cell,5817.000000,104310.000000,5.576647
sample02887,sbj462,7,no,b_cell,10522.000000,96314.000000,10.924684
sample02890,sbj463,7,no,b_cell,5600.000000,105908.000000,5.287608
sample02902,sbj467,7,no,b_cell,11222.000000,95611.000000,11.737143
sample02962,sbj487,7,no,b_cell,13869.000000,106937.000000,12.969318
sample02971,sbj490,7,no,b_cell,5881.000000,91716.000000,6.412185
sample03007,sbj502,7,no,b_cell,10700.000000,101602.000000,10.531289
sample03031,sbj510,7,no,b_cell,13271.000000,104706.000000,12.674536
sample03052,sbj517,7,no,b_cell,11001.000000,98858.000000,11.128083
sample03097,sbj532,7,no,b_cell,7872.000000,95349.000000,8.255986
sample03109,sbj536,7,no,b_cell,8496.000000,94419.000000,8.998189
sample03133,sbj544,7,no,b_cell,15837.000000,95973.000000,16.501516
sample03187,sbj562,7,no,b_cell,9831.000000,104464.000000,9.410898
sample03199,sbj566,7,no,b_cell,9890.000000,88236.000000,11.208577
sample03214,sbj571,7,no,b_cell,8443.000000,102545.000000,8.233458
sample03253,sbj584,7,no,b_cell,7643.000000,107739.000000,7.093996
sample03259,sbj586,7,no,b_cell,9104.000000,102565.000000,8.876322
sample03319,sbj606,7,no,b_cell,14439.000000,98064.000000,14.724058
sample03322,sbj607,7,no,b_cell,5466.000000,89278.000000,6.122449
sample03334,sbj611,7,no,b_cell,14270.000000,112131.000000,12.726186
sample03364,sbj621,7,no,b_cell,9973.000000,94541.000000,10.548862
sample03385,sbj628,7,no,b_cell,12620.000000,107308.000000,11.760540
sample03391,sbj630,7,no,b_cell,14403.000000,102547.000000,14.045267
sample03403,sbj634,7,no,b_cell,9504.000000,101005.000000,9.409435
sample03415,sbj638,7,no,b_cell,10119.000000,101306.000000,9.988550
sample03421,sbj640,7,no,b_cell,10092.000000,103617.000000,9.739715
sample03433,sbj644,7,no,b_cell,6219.000000,107729.000000,5.772819
sample03475,sbj658,7,no,b_cell,10590.000000,102867.000000,10.294847
sample03490,sbj663,7,no,b_cell,11370.000000,94186.000000,12.071858
sample03553,sbj684,7,no,b_cell,9202.000000,109484.000000,8.404881
sample03580,sbj693,7,no,b_cell,9719.000000,106786.000000,9.101380
sample03616,sbj705,7,no,b_cell,7637.000000,86781.000000,8.800313
sample03634,sbj711,7,no,b_cell,9040.000000,98349.000000,9.191756
sample03667,sbj722,7,no,b_cell,14718.000000,106760.000000,13.786062
sample03682,sbj727,7,no,b_cell,7399.000000,100770.000000,7.342463
sample03685,sbj728,7,no,b_cell,7415.000000,94128.000000,7.877571
sample03700,sbj733,7,no,b_cell,11714.000000,90851.000000,12.893639
sample03718,sbj739,7,no,b_cell,7439.000000,109810.000000,6.774429
sample03721,sbj740,7,no,b_cell,7640.000000,91924.000000,8.311214
sample03739,sbj746,7,no,b_cell,7534.000000,101861.000000,7.396354
sample03769,sbj756,7,no,b_cell,5439.000000,92439.000000,5.883880
sample03775,sbj758,7,no,b_cell,10708.000000,92404.000000,11.588243
sample03817,sbj772,7,no,b_cell,12009.000000,93187.000000,12.886991
sample03892,sbj797,7,no,b_cell,7227.000000,105690.000000,6.837922
sample03940,sbj813,7,no,b_cell,7113.000000,90148.000000,7.890358
sample03973,sbj824,7,no,b_cell,10771.000000,99843.000000,10.787937
sample04063,sbj854,7,no,b_cell,18247.000000,99320.000000,18.371929
sample04075,sbj858,7,no,b_cell,12865.000000,97286.000000,13.223897
sample04096,sbj865,7,no,b_cell,9659.000000,107377.000000,8.995409
sample04135,sbj878,7,no,b_cell,15719.000000,88790.000000,17.703570
sample04144,sbj881,7,no,b_cell,9731.000000,92629.000000,10.505349
sample04183,sbj894,7,no,b_cell,9692.000000,89786.000000,10.794556
sample04192,sbj897,7,no,b_cell,10444.000000,94596.000000,11.040636
sample04201,sbj900,7,no,b_cell,7463.000000,102540.000000,7.278135
sample04207,sbj902,7,no,b_cell,8678.000000,94247.000000,9.207720
sample04210,sbj903,7,no,b_cell,8232.000000,91876.000000,8.959902
sample04279,sbj926,7,no,b_cell,11372.000000,96342.000000,11.803782
sample04309,sbj936,7,no,b_cell,14202.000000,107469.000000,13.214974
sample04339,sbj946,7,no,b_cell,9421.000000,98623.000000,9.552538
sample04420,sbj973,7,no,b_cell,11722.000000,106926.000000,10.962722
sample04429,sbj976,7,no,b_cell,6350.000000,104527.000000,6.074985
sample04450,sbj983,7,no,b_cell,9545.000000,91422.000000,10.440594
sample07504,sbj2501,7,no,b_cell,8649.000000,96051.000000,9.004591
sample07516,sbj2505,7,no,b_cell,10922.000000,105587.000000,10.344076
sample07543,sbj2514,7,no,b_cell,8406.000000,91956.000000,9.141328
sample07621,sbj2540,7,no,b_cell,7840.000000,95097.000000,8.244214
sample07633,sbj2544,7,no,b_cell,10463.000000,94189.000000,11.108516
sample07645,sbj2548,7,no,b_cell,7949.000000,100782.000000,7.887321
sample07654,sbj2551,7,no,b_cell,7955.000000,93506.000000,8.507475
sample07675,sbj2558,7,no,b_cell,7482.000000,98448.000000,7.599951
sample07699,sbj2566,7,no,b_cell,10571.000000,104553.000000,10.110662
sample07711,sbj2570,7,no,b_cell,8315.000000,104373.000000,7.966620
sample07723,sbj2574,7,no,b_cell,9130.000000,89478.000000,10.203625
sample07735,sbj2578,7,no,b_cell,9907.000000,101982.000000,9.714459
sample07747,sbj2582,7,no,b_cell,9037.000000,107851.000000,8.379153
sample07810,sbj2603,7,no,b_cell,8130.000000,104887.000000,7.751199
sample07816,sbj2605,7,no,b_cell,7586.000000,91370.000000,8.302506
sample07819,sbj2606,7,no,b_cell,15848.000000,97331.000000,16.282582
sample07834,sbj2611,7,no,b_cell,13726.000000,101117.000000,13.574374
sample07873,sbj2624,7,no,b_cell,8697.000000,98847.000000,8.798446
sample07900,sbj2633,7,no,b_cell,3898.000000,102718.000000,3.794856
sample07927,sbj2642,7,no,b_cell,7489.000000,101441.000000,7.382616
sample07930,sbj2643,7,no,b_cell,9696.000000,96101.000000,10.089385
sample07933,sbj2644,7,no,b_cell,8224.000000,99124.000000,8.296679
sample07942,sbj2647,7,no,b_cell,13070.000000,101253.000000,12.908260
sample07960,sbj2653,7,no,b_cell,7803.000000,105859.000000,7.371126
sample08005,sbj2668,7,no,b_cell,12834.000000,109359.000000,11.735660
sample08014,sbj2671,7,no,b_cell,12468.000000,101723.000000,12.256815
sample08029,sbj2676,7,no,b_cell,7116.000000,100947.000000,7.049244
sample08050,sbj2683,7,no,b_cell,6733.000000,92489.000000,7.279785
sample08065,sbj2688,7,no,b_cell,7321.000000,102539.000000,7.139722
sample08077,sbj2692,7,no,b_cell,8379.000000,103065.000000,8.129821
sample08119,sbj2706,7,no,b_cell,9480.000000,97880.000000,9.685329
sample08134,sbj2711,7,no,b_cell,12758.000000,101696.000000,12.545233
sample08143,sbj2714,7,no,b_cell,13676.000000,100918.000000,13.551596
sample08161,sbj2720,7,no,b_cell,11963.000000,97216.000000,12.305588
sample08185,sbj2728,7,no,b_cell,13150.000000,97157.000000,13.534794
sample08215,sbj2738,7,no,b_cell,10520.000000,102929.000000,10.220638
sample08278,sbj2759,7,no,b_cell,10494.000000,96037.000000,10.927039
sample08305,sbj2768,7,no,b_cell,15545.000000,96591.000000,16.093632
sample08314,sbj2771,7,no,b_cell,10502.000000,101696.000000,10.326857
sample08326,sbj2775,7,no,b_cell,5399.000000,98590.000000,5.476215
sample08332,sbj2777,7,no,b_cell,19959.000000,93704.000000,21.300051
sample08335,sbj2778,7,no,b_cell,9116.000000,93631.000000,9.736092
sample08368,sbj2789,7,no,b_cell,10157.000000,97680.000000,10.398239
sample08398,sbj2799,7,no,b_cell,10746.000000,99216.000000,10.830914
sample08413,sbj2804,7,no,b_cell,7398.000000,100798.000000,7.339431
sample08416,sbj2805,7,no,b_cell,2922.000000,94865.000000,3.080167
sample08422,sbj2807,7,no,b_cell,5514.000000,102202.000000,5.395198
sample08434,sbj2811,7,no,b_cell,9974.000000,91503.000000,10.900189
sample08437,sbj2812,7,no,b_cell,12216.000000,92202.000000,13.249170
sample08440,sbj2813,7,no,b_cell,10036.000000,91043.000000,11.023363
sample08461,sbj2820,7,no,b_cell,8544.000000,95568.000000,8.940231
sample08473,sbj2824,7,no,b_cell,7087.000000,90837.000000,7.801887
sample08494,sbj2831,7,no,b_cell,12799.000000,92977.000000,13.765770
sample08503,sbj2834,7,no,b_cell,5166.000000,100452.000000,5.142755
sample08521,sbj2840,7,no,b_cell,12094.000000,105113.000000,11.505713
sample08527,sbj2842,7,no,b_cell,6062.000000,92604.000000,6.546154
sample08542,sbj2847,7,no,b_cell,4685.000000,102838.000000,4.555709
sample08557,sbj2852,7,no,b_cell,9638.000000,101132.000000,9.530119
sample08560,sbj2853,7,no,b_cell,7222.000000,91733.000000,7.872848
sample08590,sbj2863,7,no,b_cell,12126.000000,92492.000000,13.110323
sample08638,sbj2879,7,no,b_cell,10595.000000,101737.000000,10.414107
sample08662,sbj2887,7,no,b_cell,9462.000000,89148.000000,10.613811
sample08665,sbj2888,7,no,b_cell,16428.000000,98481.000000,16.681390
sample08713,sbj2904,7,no,b_cell,12430.000000,96240.000000,12.915628
sample08731,sbj2910,7,no,b_cell,12695.000000,95080.000000,13.351914
sample08752,sbj2917,7,no,b_cell,11528.000000,107776.000000,10.696259
sample08764,sbj2921,7,no,b_cell,11803.000000,92494.000000,12.760828
sample08806,sbj2935,7,no,b_cell,8952.000000,103040.000000,8.687888
sample08875,sbj2958,7,no,b_cell,8586.000000,95037.000000,9.034376
sample08920,sbj2973,7,no,b_cell,5856.000000,101758.000000,5.754830
sample08953,sbj2984,7,no,b_cell,8412.000000,92258.000000,9.117908
sample08959,sbj2986,7,no,b_cell,7090.000000,90992.000000,7.791894
sample08968,sbj2989,7,no,b_cell,9015.000000,97306.000000,9.264588
sample08977,sbj2992,7,no,b_cell,4803.000000,98624.000000,4.870011
sample09004,sbj3001,7,no,b_cell,9470.000000,107876.000000,8.778598
sample09031,sbj3010,7,no,b_cell,7406.000000,91958.000000,8.053677
sample09037,sbj3012,7,no,b_cell,5428.000000,89384.000000,6.072675
sample09040,sbj3013,7,no,b_cell,9795.000000,108345.000000,9.040565
sample09049,sbj3016,7,no,b_cell,5685.000000,107439.000000,5.291375
sample09061,sbj3020,7,no,b_cell,14025.000000,102124.000000,13.733305
sample09067,sbj3022,7,no,b_cell,12676.000000,95054.000000,13.335578
sample09151,sbj3050,7,no,b_cell,9064.000000,96085.000000,9.433314
sample09160,sbj3053,7,no,b_cell,12844.000000,108090.000000,11.882690
sample09184,sbj3061,7,no,b_cell,6249.000000,94743.000000,6.595738
sample09214,sbj3071,7,no,b_cell,8069.000000,98687.000000,8.176356
sample09247,sbj3082,7,no,b_cell,13038.000000,103596.000000,12.585428
sample09250,sbj3083,7,no,b_cell,9749.000000,106607.000000,9.144803
sample09289,sbj3096,7,no,b_cell,8652.000000,111141.000000,7.784706
sample09295,sbj3098,7,no,b_cell,8846.000000,101776.000000,8.691637
sample09304,sbj3101,7,no,b_cell,6232.000000,101122.000000,6.162853
sample09355,sbj3118,7,no,b_cell,12844.000000,93474.000000,13.740719
sample09364,sbj3121,7,no,b_cell,12841.000000,93421.000000,13.745304
sample09379,sbj3126,7,no,b_cell,10892.000000,98872.000000,11.016263
sample09385,sbj3128,7,no,b_cell,9554.000000,107634.000000,8.876377
sample09388,sbj3129,7,no,b_cell,11037.000000,103563.000000,10.657281
sample09415,sbj3138,7,no,b_cell,9247.000000,108376.000000,8.532332
sample09421,sbj3140,7,no,b_cell,14098.000000,95799.000000,14.716229
sample09430,sbj3143,7,no,b_cell,6080.000000,96628.000000,6.292172
sample09433,sbj3144,7,no,b_cell,12772.000000,96915.000000,13.178559
sample09478,sbj3159,7,no,b_cell,16176.000000,96193.000000,16.816192
sample09484,sbj3161,7,no,b_cell,11809.000000,104821.000000,11.265872
sample09493,sbj3164,7,no,b_cell,7083.000000,92409.000000,7.664838
sample09556,sbj3185,7,no,b_cell,13365.000000,90501.000000,14.767793
sample09568,sbj3189,7,no,b_cell,10723.000000,105346.000000,10.178839
sample09586,sbj3195,7,no,b_cell,14481.000000,104544.000000,13.851584
sample09589,sbj3196,7,no,b_cell,4295.000000,91534.000000,4.692246
sample09628,sbj3209,7,no,b_cell,11033.000000,97655.000000,11.297937
sample09658,sbj3219,7,no,b_cell,7237.000000,105886.000000,6.834709
sample09673,sbj3224,7,no,b_cell,12454.000000,104624.000000,11.903579
sample09745,sbj3248,7,no,b_cell,7742.000000,91882.000000,8.426025
sample09757,sbj3252,7,no,b_cell,9626.000000,93793.000000,10.263026
sample09763,sbj3254,7,no,b_cell,10736.000000,110474.000000,9.718124
sample09814,sbj3271,7,no,b_cell,7701.000000,90458.000000,8.513343
sample09817,sbj3272,7,no,b_cell,5018.000000,102117.000000,4.913971
sample09871,sbj3290,7,no,b_cell,13258.000000,92318.000000,14.361230
sample09874,sbj3291,7,no,b_cell,8838.000000,99611.000000,8.872514
sample09895,sbj3298,7,no,b_cell,11676.000000,93620.000000,12.471694
sample09901,sbj3300,7,no,b_cell,6390.000000,103439.000000,6.177554
sample09904,sbj3301,7,no,b_cell,5339.000000,99947.000000,5.341831
sample09913,sbj3304,7,no,b_cell,9322.000000,107765.000000,8.650304
sample09919,sbj3306,7,no,b_cell,10382.000000,103980.000000,9.984612
sample09988,sbj3329,7,no,b_cell,7562.000000,95097.000000,7.951881
sample10000,sbj3333,7,no,b_cell,14714.000000,90086.000000,16.333282
sample10069,sbj3356,7,no,b_cell,9296.000000,105011.000000,8.852406
sample10090,sbj3363,7,no,b_cell,8106.000000,102953.000000,7.873496
sample10192,sbj3397,7,no,b_cell,9812.000000,92809.000000,10.572251
sample10231,sbj3410,7,no,b_cell,19174.000000,105117.000000,18.240627
sample10252,sbj3417,7,no,b_cell,11169.000000,106631.000000,10.474440
sample10267,sbj3422,7,no,b_cell,9856.000000,91719.000000,10.745865
sample10306,sbj3435,7,no,b_cell,10670.000000,95490.000000,11.173945
sample10321,sbj3440,7,no,b_cell,11924.000000,101600.000000,11.736220
sample10396,sbj3465,7,no,b_cell,11552.000000,102886.000000,11.227961
sample10417,sbj3472,7,no,b_cell,10519.000000,95989.000000,10.958547
sample10456,sbj3485,7,no,b_cell,4148.000000,90187.000000,4.599332
sample10471,sbj3490,7,no,b_cell,6819.000000,104288.000000,6.538624
sample10474,sbj3491,7,no,b_cell,9526.000000,108601.000000,8.771558
sample00025,sbj008,7,yes,b_cell,11714.000000,95534.000000,12.261603
sample00061,sbj020,7,yes,b_cell,4508.000000,111970.000000,4.026078
sample00067,sbj022,7,yes,b_cell,11874.000000,107589.000000,11.036444
sample00076,sbj025,7,yes,b_cell,12385.000000,110097.000000,11.249171
sample00142,sbj047,7,yes,b_cell,10372.000000,98991.000000,10.477720
sample00166,sbj055,7,yes,b_cell,9198.000000,111770.000000,8.229400
sample00169,sbj056,7,yes,b_cell,8106.000000,93829.000000,8.639120
sample00262,sbj087,7,yes,b_cell,8695.000000,99327.000000,8.753914
sample00325,sbj1007,7,yes,b_cell,9424.000000,102479.000000,9.196030
sample00328,sbj1008,7,yes,b_cell,11588.000000,96267.000000,12.037354
sample00334,sbj101,7,yes,b_cell,13875.000000,101241.000000,13.704922
sample00370,sbj1020,7,yes,b_cell,13888.000000,103267.000000,13.448633
sample00379,sbj1023,7,yes,b_cell,17131.000000,105343.000000,16.262115
sample00427,sbj1038,7,yes,b_cell,11273.000000,93526.000000,12.053333
sample00448,sbj1044,7,yes,b_cell,5917.000000,105500.000000,5.608531
sample00484,sbj1055,7,yes,b_cell,14062.000000,110072.000000,12.775274
sample00499,sbj106,7,yes,b_cell,10355.000000,92534.000000,11.190481
sample00511,sbj1063,7,yes,b_cell,11825.000000,94245.000000,12.547085
sample00538,sbj1071,7,yes,b_cell,13400.000000,101454.000000,13.207956
sample00544,sbj1073,7,yes,b_cell,8779.000000,97090.000000,9.042126
sample00556,sbj1077,7,yes,b_cell,5948.000000,104133.000000,5.711926
sample00565,sbj108,7,yes,b_cell,10498.000000,99540.000000,10.546514
sample00622,sbj1097,7,yes,b_cell,11675.000000,102226.000000,11.420774
sample00631,sbj110,7,yes,b_cell,8361.000000,98726.000000,8.468894
sample00661,sbj1109,7,yes,b_cell,7580.000000,108531.000000,6.984180
sample00676,sbj1113,7,yes,b_cell,11016.000000,108101.000000,10.190470
sample00715,sbj1125,7,yes,b_cell,14904.000000,109846.000000,13.568086
sample00754,sbj1137,7,yes,b_cell,5907.000000,109186.000000,5.410034
sample00826,sbj1159,7,yes,b_cell,16248.000000,102757.000000,15.812061
sample00841,sbj1163,7,yes,b_cell,13000.000000,108096.000000,12.026347
sample00862,sbj117,7,yes,b_cell,6039.000000,102166.000000,5.910968
sample00874,sbj1173,7,yes,b_cell,19533.000000,101456.000000,19.252681
sample00877,sbj1174,7,yes,b_cell,8923.000000,110270.000000,8.091956
sample00889,sbj1178,7,yes,b_cell,7478.000000,97987.000000,7.631625
sample00895,sbj118,7,yes,b_cell,12039.000000,103080.000000,11.679278
sample00913,sbj1185,7,yes,b_cell,6186.000000,93715.000000,6.600864
sample00916,sbj1186,7,yes,b_cell,6202.000000,104310.000000,5.945739
sample00940,sbj1193,7,yes,b_cell,18500.000000,101349.000000,18.253757
sample01009,sbj1214,7,yes,b_cell,11259.000000,92039.000000,12.232858
sample01018,sbj1217,7,yes,b_cell,12521.000000,111048.000000,11.275304
sample01069,sbj1232,7,yes,b_cell,9668.000000,108278.000000,8.928868
sample01075,sbj1234,7,yes,b_cell,9203.000000,105517.000000,8.721817
sample01081,sbj1236,7,yes,b_cell,10268.000000,102676.000000,10.000390
sample01093,sbj124,7,yes,b_cell,14502.000000,112595.000000,12.879790
sample01105,sbj1243,7,yes,b_cell,15233.000000,109818.000000,13.871132
sample01129,sbj1250,7,yes,b_cell,6602.000000,92988.000000,7.099841
sample01171,sbj1263,7,yes,b_cell,9511.000000,95844.000000,9.923417
sample01246,sbj1286,7,yes,b_cell,11608.000000,106441.000000,10.905572
sample01249,sbj1287,7,yes,b_cell,6723.000000,93814.000000,7.166308
sample01261,sbj1290,7,yes,b_cell,7852.000000,104505.000000,7.513516
sample01267,sbj1292,7,yes,b_cell,11373.000000,97482.000000,11.666769
sample01285,sbj1298,7,yes,b_cell,8063.000000,93609.000000,8.613488
sample01312,sbj1306,7,yes,b_cell,9243.000000,98679.000000,9.366735
sample01327,sbj1310,7,yes,b_cell,13197.000000,111383.000000,11.848307
sample01330,sbj1311,7,yes,b_cell,10811.000000,94424.000000,11.449420
sample01333,sbj1312,7,yes,b_cell,6840.000000,102246.000000,6.689748
sample01360,sbj1320,7,yes,b_cell,9095.000000,101085.000000,8.997378
sample01378,sbj1326,7,yes,b_cell,8831.000000,102603.000000,8.606961
sample01420,sbj1339,7,yes,b_cell,8751.000000,99012.000000,8.838323
sample01423,sbj134,7,yes,b_cell,16229.000000,102034.000000,15.905482
sample01441,sbj1345,7,yes,b_cell,6398.000000,107429.000000,5.955561
sample01459,sbj1350,7,yes,b_cell,9567.000000,94813.000000,10.090388
sample01492,sbj1360,7,yes,b_cell,6786.000000,94139.000000,7.208490
sample01498,sbj1362,7,yes,b_cell,9129.000000,106981.000000,8.533291
sample01534,sbj1373,7,yes,b_cell,11097.000000,112535.000000,9.860932
sample01537,sbj1374,7,yes,b_cell,9081.000000,92741.000000,9.791786
sample01546,sbj1377,7,yes,b_cell,10607.000000,102056.000000,10.393313
sample01603,sbj1394,7,yes,b_cell,9003.000000,100160.000000,8.988618
sample01621,sbj140,7,yes,b_cell,4546.000000,91716.000000,4.956605
sample01636,sbj1404,7,yes,b_cell,15758.000000,103079.000000,15.287304
sample01639,sbj1405,7,yes,b_cell,5469.000000,106542.000000,5.133187
sample01666,sbj1413,7,yes,b_cell,5378.000000,107196.000000,5.016978
sample01684,sbj1419,7,yes,b_cell,12720.000000,114684.000000,11.091347
sample01693,sbj1421,7,yes,b_cell,7380.000000,93232.000000,7.915737
sample01720,sbj143,7,yes,b_cell,5375.000000,92872.000000,5.787536
sample01729,sbj1432,7,yes,b_cell,6764.000000,106099.000000,6.375178
sample01756,sbj1440,7,yes,b_cell,10020.000000,112168.000000,8.933029
sample01786,sbj145,7,yes,b_cell,8411.000000,99447.000000,8.457771
sample01816,sbj1459,7,yes,b_cell,5741.000000,107508.000000,5.340068
sample01825,sbj1461,7,yes,b_cell,14064.000000,106192.000000,13.243936
sample01831,sbj1463,7,yes,b_cell,7559.000000,104882.000000,7.207147
sample01834,sbj1464,7,yes,b_cell,12409.000000,102909.000000,12.058226
sample01882,sbj1479,7,yes,b_cell,5285.000000,94313.000000,5.603681
sample01900,sbj1484,7,yes,b_cell,14312.000000,103457.000000,13.833767
sample01963,sbj154,7,yes,b_cell,6324.000000,98479.000000,6.421674
sample02038,sbj179,7,yes,b_cell,8599.000000,103411.000000,8.315363
sample02056,sbj185,7,yes,b_cell,11713.000000,102357.000000,11.443282
sample02065,sbj188,7,yes,b_cell,8331.000000,102584.000000,8.121149
sample02179,sbj226,7,yes,b_cell,10897.000000,103084.000000,10.570991
sample02197,sbj232,7,yes,b_cell,10789.000000,95055.000000,11.350271
sample02236,sbj245,7,yes,b_cell,7182.000000,101099.000000,7.103928
sample02245,sbj248,7,yes,b_cell,16544.000000,107812.000000,15.345231
sample02263,sbj254,7,yes,b_cell,5763.000000,97807.000000,5.892216
sample02341,sbj280,7,yes,b_cell,14761.000000,97105.000000,15.201071
sample02389,sbj296,7,yes,b_cell,16036.000000,108973.000000,14.715572
sample02440,sbj313,7,yes,b_cell,9240.000000,103872.000000,8.895564
sample02455,sbj318,7,yes,b_cell,5281.000000,92481.000000,5.710362
sample02467,sbj322,7,yes,b_cell,15995.000000,111457.000000,14.350826
sample02482,sbj327,7,yes,b_cell,12486.000000,103424.000000,12.072633
sample02491,sbj330,7,yes,b_cell,6744.000000,97627.000000,6.907925
sample02500,sbj333,7,yes,b_cell,9553.000000,95981.000000,9.953012
sample02518,sbj339,7,yes,b_cell,8068.000000,98934.000000,8.154932
sample02563,sbj354,7,yes,b_cell,9917.000000,103780.000000,9.555791
sample02575,sbj358,7,yes,b_cell,10446.000000,99095.000000,10.541400
sample02587,sbj362,7,yes,b_cell,11276.000000,96621.000000,11.670341
sample02590,sbj363,7,yes,b_cell,8724.000000,109595.000000,7.960217
sample02626,sbj375,7,yes,b_cell,10714.000000,111950.000000,9.570344
sample02641,sbj380,7,yes,b_cell,7159.000000,110166.000000,6.498375
sample02656,sbj385,7,yes,b_cell,9059.000000,102647.000000,8.825392
sample02674,sbj391,7,yes,b_cell,9561.000000,105240.000000,9.084949
sample02737,sbj412,7,yes,b_cell,9548.000000,103407.000000,9.233417
sample02755,sbj418,7,yes,b_cell,11953.000000,106285.000000,11.246178
sample02761,sbj420,7,yes,b_cell,6698.000000,107008.000000,6.259345
sample02767,sbj422,7,yes,b_cell,9073.000000,93215.000000,9.733412
sample02773,sbj424,7,yes,b_cell,18574.000000,108125.000000,17.178266
sample02782,sbj427,7,yes,b_cell,8199.000000,111029.000000,7.384557
sample02809,sbj436,7,yes,b_cell,9219.000000,101913.000000,9.045951
sample02824,sbj441,7,yes,b_cell,4425.000000,92506.000000,4.783474
sample02839,sbj446,7,yes,b_cell,18097.000000,106721.000000,16.957300
sample02848,sbj449,7,yes,b_cell,15395.000000,104049.000000,14.795913
sample02857,sbj452,7,yes,b_cell,5950.000000,108675.000000,5.475040
sample02875,sbj458,7,yes,b_cell,11313.000000,93275.000000,12.128652
sample02911,sbj470,7,yes,b_cell,9176.000000,109792.000000,8.357622
sample02917,sbj472,7,yes,b_cell,7455.000000,98090.000000,7.600163
sample02926,sbj475,7,yes,b_cell,5930.000000,110271.000000,5.377660
sample02929,sbj476,7,yes,b_cell,11281.000000,96572.000000,11.681440
sample02977,sbj492,7,yes,b_cell,15695.000000,98494.000000,15.934981
sample02992,sbj497,7,yes,b_cell,6210.000000,95778.000000,6.483744
sample02998,sbj499,7,yes,b_cell,9106.000000,101672.000000,8.956251
sample03001,sbj500,7,yes,b_cell,5320.000000,93364.000000,5.698128
sample03022,sbj507,7,yes,b_cell,11893.000000,98186.000000,12.112725
sample03025,sbj508,7,yes,b_cell,10065.000000,102668.000000,9.803444
sample03040,sbj513,7,yes,b_cell,12325.000000,96300.000000,12.798546
sample03067,sbj522,7,yes,b_cell,8206.000000,111291.000000,7.373462
sample03094,sbj531,7,yes,b_cell,15090.000000,101671.000000,14.841990
sample03121,sbj540,7,yes,b_cell,8005.000000,96253.000000,8.316624
sample03160,sbj553,7,yes,b_cell,15792.000000,111173.000000,14.204888
sample03184,sbj561,7,yes,b_cell,12706.000000,105655.000000,12.025933
sample03196,sbj565,7,yes,b_cell,15248.000000,96456.000000,15.808244
sample03247,sbj582,7,yes,b_cell,7272.000000,108682.000000,6.691080
sample03265,sbj588,7,yes,b_cell,11419.000000,103162.000000,11.068998
sample03268,sbj589,7,yes,b_cell,8267.000000,93984.000000,8.796178
sample03274,sbj591,7,yes,b_cell,3886.000000,110862.000000,3.505259
sample03286,sbj595,7,yes,b_cell,11295.000000,96477.000000,11.707454
sample03298,sbj599,7,yes,b_cell,6231.000000,100456.000000,6.202716
sample03304,sbj601,7,yes,b_cell,7490.000000,99353.000000,7.538776
sample03376,sbj625,7,yes,b_cell,5743.000000,100646.000000,5.706138
sample03382,sbj627,7,yes,b_cell,9071.000000,96622.000000,9.388131
sample03406,sbj635,7,yes,b_cell,13862.000000,96299.000000,14.394750
sample03454,sbj651,7,yes,b_cell,5098.000000,110461.000000,4.615204
sample03466,sbj655,7,yes,b_cell,5503.000000,104121.000000,5.285197
sample03487,sbj662,7,yes,b_cell,8936.000000,93190.000000,9.589012
sample03493,sbj664,7,yes,b_cell,19482.000000,109921.000000,17.723638
sample03532,sbj677,7,yes,b_cell,11936.000000,92562.000000,12.895141
sample03577,sbj692,7,yes,b_cell,9531.000000,103316.000000,9.225096
sample03589,sbj696,7,yes,b_cell,9032.000000,96146.000000,9.394047
sample03592,sbj697,7,yes,b_cell,6836.000000,98624.000000,6.931376
sample03622,sbj707,7,yes,b_cell,7497.000000,95897.000000,7.817763
sample03625,sbj708,7,yes,b_cell,5045.000000,97116.000000,5.194819
sample03748,sbj749,7,yes,b_cell,13432.000000,102107.000000,13.154828
sample03766,sbj755,7,yes,b_cell,9211.000000,102228.000000,9.010252
sample03790,sbj763,7,yes,b_cell,6375.000000,97521.000000,6.537054
sample03805,sbj768,7,yes,b_cell,9631.000000,104784.000000,9.191289
sample03820,sbj773,7,yes,b_cell,8745.000000,111228.000000,7.862229
sample03847,sbj782,7,yes,b_cell,11885.000000,97940.000000,12.134981
sample03853,sbj784,7,yes,b_cell,7533.000000,96680.000000,7.791684
sample03862,sbj787,7,yes,b_cell,15742.000000,105428.000000,14.931517
sample03886,sbj795,7,yes,b_cell,13817.000000,99420.000000,13.897606
sample03937,sbj812,7,yes,b_cell,10397.000000,114634.000000,9.069735
sample03943,sbj814,7,yes,b_cell,8718.000000,107899.000000,8.079778
sample03952,sbj817,7,yes,b_cell,13948.000000,95617.000000,14.587364
sample03964,sbj821,7,yes,b_cell,11831.000000,107120.000000,11.044623
sample03982,sbj827,7,yes,b_cell,12323.000000,111070.000000,11.094805
sample04015,sbj838,7,yes,b_cell,8903.000000,100823.000000,8.830326
sample04036,sbj845,7,yes,b_cell,13282.000000,104305.000000,12.733810
sample04048,sbj849,7,yes,b_cell,5169.000000,98959.000000,5.223375
sample04069,sbj856,7,yes,b_cell,9083.000000,91511.000000,9.925583
sample04129,sbj876,7,yes,b_cell,7591.000000,101874.000000,7.451361
sample04156,sbj885,7,yes,b_cell,13356.000000,98431.000000,13.568896
sample04171,sbj890,7,yes,b_cell,13067.000000,108758.000000,12.014748
sample04174,sbj891,7,yes,b_cell,13760.000000,101514.000000,13.554781
sample04189,sbj896,7,yes,b_cell,4319.000000,97436.000000,4.432653
sample04204,sbj901,7,yes,b_cell,8723.000000,103405.000000,8.435762
sample04225,sbj908,7,yes,b_cell,11506.000000,111672.000000,10.303388
sample04267,sbj922,7,yes,b_cell,6948.000000,93457.000000,7.434435
sample04285,sbj928,7,yes,b_cell,10556.000000,95740.000000,11.025695
sample04294,sbj931,7,yes,b_cell,8367.000000,106115.000000,7.884842
sample04297,sbj932,7,yes,b_cell,9320.000000,100012.000000,9.318882
sample04303,sbj934,7,yes,b_cell,6985.000000,109237.000000,6.394354
sample04348,sbj949,7,yes,b_cell,19702.000000,109764.000000,17.949419
sample04369,sbj956,7,yes,b_cell,9764.000000,100102.000000,9.754051
sample04378,sbj959,7,yes,b_cell,8354.000000,106225.000000,7.864439
sample04435,sbj978,7,yes,b_cell,5372.000000,92131.000000,5.830828
sample04462,sbj987,7,yes,b_cell,7883.000000,102811.000000,7.667467
sample04492,sbj997,7,yes,b_cell,15673.000000,104323.000000,15.023533
sample07507,sbj2502,7,yes,b_cell,13715.000000,107946.000000,12.705427
sample07528,sbj2509,7,yes,b_cell,5649.000000,92159.000000,6.129624
sample07552,sbj2517,7,yes,b_cell,11685.000000,100899.000000,11.580888
sample07561,sbj2520,7,yes,b_cell,9515.000000,95194.000000,9.995378
sample07576,sbj2525,7,yes,b_cell,13142.000000,94975.000000,13.837326
sample07588,sbj2529,7,yes,b_cell,4188.000000,102202.000000,4.097767
sample07594,sbj2531,7,yes,b_cell,14426.000000,111131.000000,12.981076
sample07615,sbj2538,7,yes,b_cell,9742.000000,98534.000000,9.886943
sample07648,sbj2549,7,yes,b_cell,7773.000000,108878.000000,7.139183
sample07666,sbj2555,7,yes,b_cell,6430.000000,100105.000000,6.423256
sample07726,sbj2575,7,yes,b_cell,6539.000000,92686.000000,7.055003
sample07762,sbj2587,7,yes,b_cell,4341.000000,98342.000000,4.414187
sample07801,sbj2600,7,yes,b_cell,16050.000000,111051.000000,14.452819
sample07822,sbj2607,7,yes,b_cell,14113.000000,112050.000000,12.595270
sample07825,sbj2608,7,yes,b_cell,9156.000000,108040.000000,8.474639
sample07828,sbj2609,7,yes,b_cell,14204.000000,94880.000000,14.970489
sample07837,sbj2612,7,yes,b_cell,10164.000000,109061.000000,9.319555
sample07906,sbj2635,7,yes,b_cell,5488.000000,92112.000000,5.957964
sample07969,sbj2656,7,yes,b_cell,8717.000000,108151.000000,8.060027
sample08041,sbj2680,7,yes,b_cell,5832.000000,94887.000000,6.146258
sample08056,sbj2685,7,yes,b_cell,7265.000000,104366.000000,6.961079
sample08086,sbj2695,7,yes,b_cell,10282.000000,97692.000000,10.524915
sample08122,sbj2707,7,yes,b_cell,8920.000000,108753.000000,8.202073
sample08128,sbj2709,7,yes,b_cell,14190.000000,107342.000000,13.219429
sample08152,sbj2717,7,yes,b_cell,9306.000000,97016.000000,9.592232
sample08167,sbj2722,7,yes,b_cell,6585.000000,99748.000000,6.601636
sample08179,sbj2726,7,yes,b_cell,13310.000000,100053.000000,13.302949
sample08200,sbj2733,7,yes,b_cell,17503.000000,99194.000000,17.645220
sample08248,sbj2749,7,yes,b_cell,5267.000000,113034.000000,4.659660
sample08275,sbj2758,7,yes,b_cell,5838.000000,108370.000000,5.387100
sample08290,sbj2763,7,yes,b_cell,13685.000000,108390.000000,12.625703
sample08299,sbj2766,7,yes,b_cell,15212.000000,103180.000000,14.743167
sample08329,sbj2776,7,yes,b_cell,8978.000000,98209.000000,9.141728
sample08338,sbj2779,7,yes,b_cell,8715.000000,105172.000000,8.286426
sample08350,sbj2783,7,yes,b_cell,9210.000000,106719.000000,8.630141
sample08353,sbj2784,7,yes,b_cell,5340.000000,104199.000000,5.124809
sample08362,sbj2787,7,yes,b_cell,10179.000000,93763.000000,10.856095
sample08389,sbj2796,7,yes,b_cell,11462.000000,97458.000000,11.760964
sample08404,sbj2801,7,yes,b_cell,14169.000000,108854.000000,13.016518
sample08443,sbj2814,7,yes,b_cell,8147.000000,97703.000000,8.338536
sample08467,sbj2822,7,yes,b_cell,9929.000000,111229.000000,8.926629
sample08482,sbj2827,7,yes,b_cell,5836.000000,101138.000000,5.770334
sample08569,sbj2856,7,yes,b_cell,5056.000000,93615.000000,5.400844
sample08584,sbj2861,7,yes,b_cell,7100.000000,106148.000000,6.688774
sample08596,sbj2865,7,yes,b_cell,14877.000000,103126.000000,14.426042
sample08611,sbj2870,7,yes,b_cell,7209.000000,100438.000000,7.177562
sample08656,sbj2885,7,yes,b_cell,8524.000000,94968.000000,8.975655
sample08686,sbj2895,7,yes,b_cell,7972.000000,95662.000000,8.333508
sample08707,sbj2902,7,yes,b_cell,5788.000000,111418.000000,5.194852
sample08719,sbj2906,7,yes,b_cell,7109.000000,111055.000000,6.401333
sample08725,sbj2908,7,yes,b_cell,11583.000000,99077.000000,11.690907
sample08770,sbj2923,7,yes,b_cell,6762.000000,110594.000000,6.114256
sample08782,sbj2927,7,yes,b_cell,7208.000000,100678.000000,7.159459
sample08830,sbj2943,7,yes,b_cell,6753.000000,94804.000000,7.123117
sample08833,sbj2944,7,yes,b_cell,13506.000000,107545.000000,12.558464
sample08854,sbj2951,7,yes,b_cell,14517.000000,101717.000000,14.271951
sample08857,sbj2952,7,yes,b_cell,8892.000000,99437.000000,8.942345
sample08896,sbj2965,7,yes,b_cell,7442.000000,109131.000000,6.819327
sample08914,sbj2971,7,yes,b_cell,9359.000000,96247.000000,9.723939
sample08926,sbj2975,7,yes,b_cell,5318.000000,108390.000000,4.906357
sample08944,sbj2981,7,yes,b_cell,7803.000000,110650.000000,7.051966
sample08947,sbj2982,7,yes,b_cell,7954.000000,97596.000000,8.149924
sample08971,sbj2990,7,yes,b_cell,9743.000000,107640.000000,9.051468
sample08980,sbj2993,7,yes,b_cell,8522.000000,110208.000000,7.732651
sample09010,sbj3003,7,yes,b_cell,14629.000000,99596.000000,14.688341
sample09019,sbj3006,7,yes,b_cell,13514.000000,100640.000000,13.428060
sample09025,sbj3008,7,yes,b_cell,13473.000000,112281.000000,11.999359
sample09073,sbj3024,7,yes,b_cell,8631.000000,94604.000000,9.123293
sample09082,sbj3027,7,yes,b_cell,7948.000000,108958.000000,7.294554
sample09088,sbj3029,7,yes,b_cell,8913.000000,104496.000000,8.529513
sample09103,sbj3034,7,yes,b_cell,5773.000000,102032.000000,5.658029
sample09115,sbj3038,7,yes,b_cell,8719.000000,91608.000000,9.517728
sample09130,sbj3043,7,yes,b_cell,6353.000000,104361.000000,6.087523
sample09145,sbj3048,7,yes,b_cell,20009.000000,110832.000000,18.053450
sample09163,sbj3054,7,yes,b_cell,10258.000000,96134.000000,10.670522
sample09172,sbj3057,7,yes,b_cell,15761.000000,104129.000000,15.136033
sample09181,sbj3060,7,yes,b_cell,9890.000000,99077.000000,9.982135
sample09199,sbj3066,7,yes,b_cell,16483.000000,109152.000000,15.100960
sample09244,sbj3081,7,yes,b_cell,9111.000000,100297.000000,9.084020
sample09301,sbj3100,7,yes,b_cell,6358.000000,100742.000000,6.311171
sample09391,sbj3130,7,yes,b_cell,7403.000000,99463.000000,7.442969
sample09394,sbj3131,7,yes,b_cell,9636.000000,103393.000000,9.319780
sample09442,sbj3147,7,yes,b_cell,9756.000000,96139.000000,10.147807
sample09451,sbj3150,7,yes,b_cell,6355.000000,94610.000000,6.717049
sample09460,sbj3153,7,yes,b_cell,10833.000000,109712.000000,9.874034
sample09469,sbj3156,7,yes,b_cell,11889.000000,95479.000000,12.451953
sample09487,sbj3162,7,yes,b_cell,7506.000000,111011.000000,6.761492
sample09490,sbj3163,7,yes,b_cell,3647.000000,98337.000000,3.708675
sample09496,sbj3165,7,yes,b_cell,10973.000000,104305.000000,10.520109
sample09514,sbj3171,7,yes,b_cell,11391.000000,95827.000000,11.887046
sample09520,sbj3173,7,yes,b_cell,6851.000000,107737.000000,6.359004
sample09547,sbj3182,7,yes,b_cell,7933.000000,101128.000000,7.844514
sample09574,sbj3191,7,yes,b_cell,12898.000000,105477.000000,12.228258
sample09580,sbj3193,7,yes,b_cell,14538.000000,106412.000000,13.661993
sample09583,sbj3194,7,yes,b_cell,13026.000000,101131.000000,12.880324
sample09592,sbj3197,7,yes,b_cell,14552.000000,105694.000000,13.768047
sample09598,sbj3199,7,yes,b_cell,12785.000000,110552.000000,11.564694
sample09607,sbj3202,7,yes,b_cell,6672.000000,96647.000000,6.903473
sample09613,sbj3204,7,yes,b_cell,8752.000000,103557.000000,8.451384
sample09616,sbj3205,7,yes,b_cell,10659.000000,99819.000000,10.678328
sample09667,sbj3222,7,yes,b_cell,6882.000000,93043.000000,7.396580
sample09691,sbj3230,7,yes,b_cell,8406.000000,99626.000000,8.437556
sample09700,sbj3233,7,yes,b_cell,12516.000000,99627.000000,12.562859
sample09706,sbj3235,7,yes,b_cell,6621.000000,99892.000000,6.628158
sample09721,sbj3240,7,yes,b_cell,8353.000000,109722.000000,7.612876
sample09784,sbj3261,7,yes,b_cell,9012.000000,102119.000000,8.824998
sample09799,sbj3266,7,yes,b_cell,6724.000000,109966.000000,6.114617
sample09910,sbj3303,7,yes,b_cell,9416.000000,99140.000000,9.497680
sample09925,sbj3308,7,yes,b_cell,6953.000000,106395.000000,6.535082
sample09964,sbj3321,7,yes,b_cell,14732.000000,92128.000000,15.990795
sample09979,sbj3326,7,yes,b_cell,5565.000000,106823.000000,5.209552
sample09991,sbj3330,7,yes,b_cell,5339.000000,102387.000000,5.214529
sample09997,sbj3332,7,yes,b_cell,7867.000000,101919.000000,7.718875
sample10039,sbj3346,7,yes,b_cell,12847.000000,111785.000000,11.492597
sample10042,sbj3347,7,yes,b_cell,13581.000000,110154.000000,12.329103
sample10096,sbj3365,7,yes,b_cell,9799.000000,97594.000000,10.040576
sample10117,sbj3372,7,yes,b_cell,13274.000000,106328.000000,12.484012
sample10126,sbj3375,7,yes,b_cell,13730.000000,94075.000000,14.594738
sample10129,sbj3376,7,yes,b_cell,8719.000000,92853.000000,9.390111
sample10132,sbj3377,7,yes,b_cell,8956.000000,91988.000000,9.736053
sample10141,sbj3380,7,yes,b_cell,11268.000000,97447.000000,11.563209
sample10180,sbj3393,7,yes,b_cell,10982.000000,99472.000000,11.040293
sample10198,sbj3399,7,yes,b_cell,12206.000000,94381.000000,12.932688
sample10234,sbj3411,7,yes,b_cell,13036.000000,102742.000000,12.688093
sample10249,sbj3416,7,yes,b_cell,11588.000000,102677.000000,11.285877
sample10324,sbj3441,7,yes,b_cell,13572.000000,111020.000000,12.224824
sample10336,sbj3445,7,yes,b_cell,5363.000000,99249.000000,5.403581
sample10342,sbj3447,7,yes,b_cell,18160.000000,109127.000000,16.641161
sample10348,sbj3449,7,yes,b_cell,10376.000000,103438.000000,10.031130
sample10357,sbj3452,7,yes,b_cell,12859.000000,106364.000000,12.089617
sample10384,sbj3461,7,yes,b_cell,13036.000000,106259.000000,12.268137
sample10387,sbj3462,7,yes,b_cell,10017.000000,99257.000000,10.091983
sample10393,sbj3464,7,yes,b_cell,10246.000000,96482.000000,10.619597
sample10411,sbj3470,7,yes,b_cell,6890.000000,110055.000000,6.260506
sample10444,sbj3481,7,yes,b_cell,7526.000000,103861.000000,7.246223
sample10492,sbj3497,7,yes,b_cell,10308.000000,113095.000000,9.114461
sample00001,sbj000,7,no,cd4_t_cell,33459.000000,100824.000000,33.185551
sample00007,sbj002,7,no,cd4_t_cell,33870.000000,98424.000000,34.412338
sample00010,sbj003,7,no,cd4_t_cell,27873.000000,107537.000000,25.919451
sample00073,sbj024,7,no,cd4_t_cell,26510.000000,104898.000000,25.272169
sample00082,sbj027,7,no,cd4_t_cell,30549.000000,103389.000000,29.547631
sample00124,sbj041,7,no,cd4_t_cell,28332.000000,91040.000000,31.120387
sample00154,sbj051,7,no,cd4_t_cell,29002.000000,98244.000000,29.520378
sample00175,sbj058,7,no,cd4_t_cell,36667.000000,107707.000000,34.043284
sample00187,sbj062,7,no,cd4_t_cell,25999.000000,97273.000000,26.727869
sample00190,sbj063,7,no,cd4_t_cell,30147.000000,107702.000000,27.991124
sample00214,sbj071,7,no,cd4_t_cell,23583.000000,102152.000000,23.086185
sample00244,sbj081,7,no,cd4_t_cell,35561.000000,97287.000000,36.552674
sample00250,sbj083,7,no,cd4_t_cell,24600.000000,103559.000000,23.754575
sample00286,sbj095,7,no,cd4_t_cell,30448.000000,103894.000000,29.306793
sample00403,sbj1030,7,no,cd4_t_cell,34774.000000,104802.000000,33.180664
sample00412,sbj1033,7,no,cd4_t_cell,27570.000000,98963.000000,27.858897
sample00415,sbj1034,7,no,cd4_t_cell,23791.000000,106472.000000,22.344842
sample00436,sbj1040,7,no,cd4_t_cell,24932.000000,90324.000000,27.602852
sample00460,sbj1048,7,no,cd4_t_cell,33131.000000,101893.000000,32.515482
sample00466,sbj105,7,no,cd4_t_cell,29404.000000,99232.000000,29.631570
sample00472,sbj1051,7,no,cd4_t_cell,27580.000000,98089.000000,28.117322
sample00481,sbj1054,7,no,cd4_t_cell,27280.000000,102711.000000,26.559959
sample00493,sbj1058,7,no,cd4_t_cell,16810.000000,101317.000000,16.591490
sample00514,sbj1064,7,no,cd4_t_cell,35372.000000,95912.000000,36.879640
sample00517,sbj1065,7,no,cd4_t_cell,27380.000000,100185.000000,27.329441
sample00523,sbj1067,7,no,cd4_t_cell,24748.000000,97036.000000,25.503937
sample00535,sbj1070,7,no,cd4_t_cell,34895.000000,104896.000000,33.266283
sample00586,sbj1086,7,no,cd4_t_cell,30068.000000,97970.000000,30.691028
sample00589,sbj1087,7,no,cd4_t_cell,21190.000000,89545.000000,23.664080
sample00625,sbj1098,7,no,cd4_t_cell,24059.000000,95251.000000,25.258527
sample00640,sbj1102,7,no,cd4_t_cell,35018.000000,93280.000000,37.540738
sample00694,sbj1119,7,no,cd4_t_cell,23213.000000,104994.000000,22.108882
sample00697,sbj112,7,no,cd4_t_cell,38732.000000,97543.000000,39.707616
sample00718,sbj1126,7,no,cd4_t_cell,39312.000000,109920.000000,35.764192
sample00727,sbj1129,7,no,cd4_t_cell,29020.000000,90881.000000,31.931867
sample00757,sbj1138,7,no,cd4_t_cell,31815.000000,100190.000000,31.754666
sample00799,sbj1150,7,no,cd4_t_cell,38106.000000,106251.000000,35.864133
sample00808,sbj1153,7,no,cd4_t_cell,23195.000000,89890.000000,25.803760
sample00850,sbj1166,7,no,cd4_t_cell,39604.000000,101331.000000,39.083795
sample00868,sbj1171,7,no,cd4_t_cell,24448.000000,94267.000000,25.934845
sample00919,sbj1187,7,no,cd4_t_cell,32089.000000,91829.000000,34.944299
sample00967,sbj1201,7,no,cd4_t_cell,30793.000000,94282.000000,32.660529
sample00988,sbj1208,7,no,cd4_t_cell,32166.000000,104779.000000,30.698900
sample01012,sbj1215,7,no,cd4_t_cell,37192.000000,104388.000000,35.628616
sample01024,sbj1219,7,no,cd4_t_cell,40018.000000,100987.000000,39.626883
sample01042,sbj1224,7,no,cd4_t_cell,26463.000000,97518.000000,27.136529
sample01054,sbj1228,7,no,cd4_t_cell,25416.000000,88554.000000,28.701132
sample01063,sbj1230,7,no,cd4_t_cell,24038.000000,97268.000000,24.713164
sample01111,sbj1245,7,no,cd4_t_cell,24516.000000,96363.000000,25.441300
sample01135,sbj1252,7,no,cd4_t_cell,27055.000000,103817.000000,26.060279
sample01138,sbj1253,7,no,cd4_t_cell,24005.000000,90280.000000,26.589499
sample01144,sbj1255,7,no,cd4_t_cell,32747.000000,104632.000000,31.297309
sample01153,sbj1258,7,no,cd4_t_cell,35688.000000,97580.000000,36.573068
sample01162,sbj1260,7,no,cd4_t_cell,26987.000000,104496.000000,25.825869
sample01219,sbj1278,7,no,cd4_t_cell,26941.000000,98404.000000,27.377952
sample01228,sbj1280,7,no,cd4_t_cell,21208.000000,98579.000000,21.513710
sample01231,sbj1281,7,no,cd4_t_cell,27790.000000,92143.000000,30.159643
sample01243,sbj1285,7,no,cd4_t_cell,26386.000000,94742.000000,27.850373
sample01315,sbj1307,7,no,cd4_t_cell,25715.000000,106330.000000,24.184144
sample01345,sbj1316,7,no,cd4_t_cell,28011.000000,95834.000000,29.228666
sample01387,sbj1329,7,no,cd4_t_cell,28281.000000,101280.000000,27.923578
sample01396,sbj1331,7,no,cd4_t_cell,31797.000000,97473.000000,32.621341
sample01414,sbj1337,7,no,cd4_t_cell,29617.000000,91947.000000,32.210948
sample01432,sbj1342,7,no,cd4_t_cell,22547.000000,99842.000000,22.582681
sample01543,sbj1376,7,no,cd4_t_cell,18671.000000,98030.000000,19.046210
sample01555,sbj138,7,no,cd4_t_cell,41983.000000,102116.000000,41.113048
sample01588,sbj139,7,no,cd4_t_cell,38085.000000,105620.000000,36.058512
sample01612,sbj1397,7,no,cd4_t_cell,40152.000000,99916.000000,40.185756
sample01675,sbj1416,7,no,cd4_t_cell,28495.000000,91225.000000,31.235955
sample01681,sbj1418,7,no,cd4_t_cell,35472.000000,107066.000000,33.130966
sample01687,sbj142,7,no,cd4_t_cell,30363.000000,101578.000000,29.891315
sample01702,sbj1424,7,no,cd4_t_cell,27868.000000,105733.000000,26.356956
sample01723,sbj1430,7,no,cd4_t_cell,40052.000000,108032.000000,37.074200
sample01753,sbj144,7,no,cd4_t_cell,30133.000000,103066.000000,29.236606
sample01768,sbj1444,7,no,cd4_t_cell,31045.000000,101408.000000,30.613956
sample01804,sbj1455,7,no,cd4_t_cell,24229.000000,93139.000000,26.013807
sample01810,sbj1457,7,no,cd4_t_cell,35424.000000,109048.000000,32.484777
sample01813,sbj1458,7,no,cd4_t_cell,27433.000000,103589.000000,26.482542
sample01849,sbj1469,7,no,cd4_t_cell,27363.000000,97926.000000,27.942528
sample01867,sbj1474,7,no,cd4_t_cell,27651.000000,96340.000000,28.701474
sample01876,sbj1477,7,no,cd4_t_cell,26923.000000,101993.000000,26.396910
sample01885,sbj148,7,no,cd4_t_cell,32035.000000,93311.000000,34.331429
sample01894,sbj1482,7,no,cd4_t_cell,32085.000000,91447.000000,35.085897
sample01915,sbj1489,7,no,cd4_t_cell,25559.000000,109559.000000,23.328983
sample01927,sbj1492,7,no,cd4_t_cell,30971.000000,106368.000000,29.116840
sample01933,sbj1494,7,no,cd4_t_cell,27714.000000,94240.000000,29.407895
sample01969,sbj156,7,no,cd4_t_cell,24748.000000,90954.000000,27.209359
sample01987,sbj162,7,no,cd4_t_cell,29689.000000,107565.000000,27.600985
sample01993,sbj164,7,no,cd4_t_cell,31472.000000,100357.000000,31.360045
sample02011,sbj170,7,no,cd4_t_cell,30592.000000,96495.000000,31.703197
sample02017,sbj172,7,no,cd4_t_cell,35779.000000,102520.000000,34.899532
sample02041,sbj180,7,no,cd4_t_cell,23422.000000,93976.000000,24.923385
sample02047,sbj182,7,no,cd4_t_cell,23736.000000,93320.000000,25.435062
sample02062,sbj187,7,no,cd4_t_cell,21239.000000,84530.000000,25.125991
sample02110,sbj203,7,no,cd4_t_cell,21240.000000,89935.000000,23.617057
sample02149,sbj216,7,no,cd4_t_cell,35118.000000,96388.000000,36.433996
sample02170,sbj223,7,no,cd4_t_cell,28771.000000,101575.000000,28.324883
sample02206,sbj235,7,no,cd4_t_cell,27288.000000,105374.000000,25.896331
sample02215,sbj238,7,no,cd4_t_cell,36516.000000,105421.000000,34.638260
sample02233,sbj244,7,no,cd4_t_cell,31069.000000,97633.000000,31.822232
sample02254,sbj251,7,no,cd4_t_cell,27683.000000,90324.000000,30.648554
sample02287,sbj262,7,no,cd4_t_cell,16730.000000,103590.000000,16.150208
sample02290,sbj263,7,no,cd4_t_cell,31741.000000,95861.000000,33.111484
sample02320,sbj273,7,no,cd4_t_cell,36613.000000,106326.000000,34.434663
sample02335,sbj278,7,no,cd4_t_cell,27597.000000,94814.000000,29.106461
sample02356,sbj285,7,no,cd4_t_cell,25093.000000,104627.000000,23.983293
sample02365,sbj288,7,no,cd4_t_cell,34831.000000,92126.000000,37.808002
sample02413,sbj304,7,no,cd4_t_cell,14552.000000,90050.000000,16.159911
sample02431,sbj310,7,no,cd4_t_cell,23550.000000,108736.000000,21.657961
sample02437,sbj312,7,no,cd4_t_cell,24226.000000,95522.000000,25.361697
sample02479,sbj326,7,no,cd4_t_cell,24407.000000,90381.000000,27.004570
sample02542,sbj347,7,no,cd4_t_cell,33379.000000,104032.000000,32.085320
sample02584,sbj361,7,no,cd4_t_cell,32664.000000,94002.000000,34.748197
sample02593,sbj364,7,no,cd4_t_cell,24556.000000,103176.000000,23.800109
sample02620,sbj373,7,no,cd4_t_cell,26640.000000,106958.000000,24.906973
sample02647,sbj382,7,no,cd4_t_cell,35568.000000,96996.000000,36.669553
sample02662,sbj387,7,no,cd4_t_cell,28863.000000,91765.000000,31.453168
sample02665,sbj388,7,no,cd4_t_cell,29318.000000,92723.000000,31.618908
sample02668,sbj389,7,no,cd4_t_cell,29889.000000,90039.000000,33.195615
sample02683,sbj394,7,no,cd4_t_cell,27788.000000,96098.000000,28.916315
sample02701,sbj400,7,no,cd4_t_cell,34282.000000,108275.000000,31.661972
sample02707,sbj402,7,no,cd4_t_cell,30936.000000,96394.000000,32.093284
sample02719,sbj406,7,no,cd4_t_cell,41989.000000,106129.000000,39.564115
sample02743,sbj414,7,no,cd4_t_cell,33339.000000,96458.000000,34.563230
sample02776,sbj425,7,no,cd4_t_cell,24356.000000,98069.000000,24.835575
sample02800,sbj433,7,no,cd4_t_cell,33413.000000,104863.000000,31.863479
sample02812,sbj437,7,no,cd4_t_cell,37703.000000,97219.000000,38.781514
sample02830,sbj443,7,no,cd4_t_cell,26400.000000,104310.000000,25.309175
sample02887,sbj462,7,no,cd4_t_cell,22389.000000,96314.000000,23.245842
sample02890,sbj463,7,no,cd4_t_cell,25697.000000,105908.000000,24.263512
sample02902,sbj467,7,no,cd4_t_cell,31594.000000,95611.000000,33.044315
sample02962,sbj487,7,no,cd4_t_cell,30450.000000,106937.000000,28.474709
sample02971,sbj490,7,no,cd4_t_cell,28575.000000,91716.000000,31.155960
sample03007,sbj502,7,no,cd4_t_cell,21638.000000,101602.000000,21.296825
sample03031,sbj510,7,no,cd4_t_cell,23854.000000,104706.000000,22.781885
sample03052,sbj517,7,no,cd4_t_cell,28969.000000,98858.000000,29.303648
sample03097,sbj532,7,no,cd4_t_cell,31818.000000,95349.000000,33.370041
sample03109,sbj536,7,no,cd4_t_cell,28233.000000,94419.000000,29.901821
sample03133,sbj544,7,no,cd4_t_cell,27410.000000,95973.000000,28.560116
sample03187,sbj562,7,no,cd4_t_cell,41028.000000,104464.000000,39.274774
sample03199,sbj566,7,no,cd4_t_cell,23319.000000,88236.000000,26.427989
sample03214,sbj571,7,no,cd4_t_cell,34759.000000,102545.000000,33.896338
sample03253,sbj584,7,no,cd4_t_cell,36234.000000,107739.000000,33.631276
sample03259,sbj586,7,no,cd4_t_cell,33185.000000,102565.000000,32.355092
sample03319,sbj606,7,no,cd4_t_cell,29098.000000,98064.000000,29.672459
sample03322,sbj607,7,no,cd4_t_cell,32313.000000,89278.000000,36.193687
sample03334,sbj611,7,no,cd4_t_cell,42023.000000,112131.000000,37.476701
sample03364,sbj621,7,no,cd4_t_cell,34100.000000,94541.000000,36.069007
sample03385,sbj628,7,no,cd4_t_cell,27406.000000,107308.000000,25.539568
sample03391,sbj630,7,no,cd4_t_cell,36568.000000,102547.000000,35.659746
sample03403,sbj634,7,no,cd4_t_cell,41346.000000,101005.000000,40.934607
sample03415,sbj638,7,no,cd4_t_cell,31618.000000,101306.000000,31.210392
sample03421,sbj640,7,no,cd4_t_cell,38543.000000,103617.000000,37.197564
sample03433,sbj644,7,no,cd4_t_cell,39407.000000,107729.000000,36.579751
sample03475,sbj658,7,no,cd4_t_cell,24998.000000,102867.000000,24.301282
sample03490,sbj663,7,no,cd4_t_cell,22696.000000,94186.000000,24.097000
sample03553,sbj684,7,no,cd4_t_cell,28713.000000,109484.000000,26.225750
sample03580,sbj693,7,no,cd4_t_cell,32352.000000,106786.000000,30.296106
sample03616,sbj705,7,no,cd4_t_cell,23603.000000,86781.000000,27.198350
sample03634,sbj711,7,no,cd4_t_cell,25172.000000,98349.000000,25.594566
sample03667,sbj722,7,no,cd4_t_cell,26151.000000,106760.000000,24.495129
sample03682,sbj727,7,no,cd4_t_cell,29379.000000,100770.000000,29.154510
sample03685,sbj728,7,no,cd4_t_cell,28251.000000,94128.000000,30.013386
sample03700,sbj733,7,no,cd4_t_cell,18925.000000,90851.000000,20.830811
sample03718,sbj739,7,no,cd4_t_cell,30540.000000,109810.000000,27.811675
sample03721,sbj740,7,no,cd4_t_cell,28953.000000,91924.000000,31.496671
sample03739,sbj746,7,no,cd4_t_cell,32339.000000,101861.000000,31.748167
sample03769,sbj756,7,no,cd4_t_cell,35520.000000,92439.000000,38.425340
sample03775,sbj758,7,no,cd4_t_cell,24994.000000,92404.000000,27.048613
sample03817,sbj772,7,no,cd4_t_cell,21359.000000,93187.000000,22.920579
sample03892,sbj797,7,no,cd4_t_cell,34074.000000,105690.000000,32.239569
sample03940,sbj813,7,no,cd4_t_cell,25085.000000,90148.000000,27.826463
sample03973,sbj824,7,no,cd4_t_cell,29094.000000,99843.000000,29.139749
sample04063,sbj854,7,no,cd4_t_cell,28893.000000,99320.000000,29.090818
sample04075,sbj858,7,no,cd4_t_cell,34691.000000,97286.000000,35.658779
sample04096,sbj865,7,no,cd4_t_cell,29199.000000,107377.000000,27.192974
sample04135,sbj878,7,no,cd4_t_cell,28890.000000,88790.000000,32.537448
sample04144,sbj881,7,no,cd4_t_cell,28422.000000,92629.000000,30.683695
sample04183,sbj894,7,no,cd4_t_cell,25038.000000,89786.000000,27.886307
sample04192,sbj897,7,no,cd4_t_cell,20966.000000,94596.000000,22.163728
sample04201,sbj900,7,no,cd4_t_cell,38115.000000,102540.000000,37.170860
sample04207,sbj902,7,no,cd4_t_cell,22512.000000,94247.000000,23.886171
sample04210,sbj903,7,no,cd4_t_cell,27194.000000,91876.000000,29.598589
sample04279,sbj926,7,no,cd4_t_cell,26887.000000,96342.000000,27.907870
sample04309,sbj936,7,no,cd4_t_cell,21564.000000,107469.000000,20.065321
sample04339,sbj946,7,no,cd4_t_cell,21058.000000,98623.000000,21.352017
sample04420,sbj973,7,no,cd4_t_cell,28081.000000,106926.000000,26.262088
sample04429,sbj976,7,no,cd4_t_cell,34252.000000,104527.000000,32.768567
sample04450,sbj983,7,no,cd4_t_cell,31750.000000,91422.000000,34.729059
sample07504,sbj2501,7,no,cd4_t_cell,28995.000000,96051.000000,30.187088
sample07516,sbj2505,7,no,cd4_t_cell,28129.000000,105587.000000,26.640590
sample07543,sbj2514,7,no,cd4_t_cell,23538.000000,91956.000000,25.597025
sample07621,sbj2540,7,no,cd4_t_cell,25716.000000,95097.000000,27.041863
sample07633,sbj2544,7,no,cd4_t_cell,27990.000000,94189.000000,29.716846
sample07645,sbj2548,7,no,cd4_t_cell,25375.000000,100782.000000,25.178107
sample07654,sbj2551,7,no,cd4_t_cell,36807.000000,93506.000000,39.363249
sample07675,sbj2558,7,no,cd4_t_cell,37311.000000,98448.000000,37.899196
sample07699,sbj2566,7,no,cd4_t_cell,27072.000000,104553.000000,25.893088
sample07711,sbj2570,7,no,cd4_t_cell,35880.000000,104373.000000,34.376707
sample07723,sbj2574,7,no,cd4_t_cell,18707.000000,89478.000000,20.906815
sample07735,sbj2578,7,no,cd4_t_cell,26968.000000,101982.000000,26.443882
sample07747,sbj2582,7,no,cd4_t_cell,19722.000000,107851.000000,18.286339
sample07810,sbj2603,7,no,cd4_t_cell,24965.000000,104887.000000,23.801806
sample07816,sbj2605,7,no,cd4_t_cell,24353.000000,91370.000000,26.653168
sample07819,sbj2606,7,no,cd4_t_cell,29196.000000,97331.000000,29.996610
sample07834,sbj2611,7,no,cd4_t_cell,30225.000000,101117.000000,29.891116
sample07873,sbj2624,7,no,cd4_t_cell,30760.000000,98847.000000,31.118800
sample07900,sbj2633,7,no,cd4_t_cell,29510.000000,102718.000000,28.729142
sample07927,sbj2642,7,no,cd4_t_cell,39424.000000,101441.000000,38.863970
sample07930,sbj2643,7,no,cd4_t_cell,26452.000000,96101.000000,27.525208
sample07933,sbj2644,7,no,cd4_t_cell,23225.000000,99124.000000,23.430249
sample07942,sbj2647,7,no,cd4_t_cell,27102.000000,101253.000000,26.766614
sample07960,sbj2653,7,no,cd4_t_cell,30088.000000,105859.000000,28.422713
sample08005,sbj2668,7,no,cd4_t_cell,32578.000000,109359.000000,29.789958
sample08014,sbj2671,7,no,cd4_t_cell,26902.000000,101723.000000,26.446330
sample08029,sbj2676,7,no,cd4_t_cell,26921.000000,100947.000000,26.668450
sample08050,sbj2683,7,no,cd4_t_cell,32918.000000,92489.000000,35.591260
sample08065,sbj2688,7,no,cd4_t_cell,33690.000000,102539.000000,32.855791
sample08077,sbj2692,7,no,cd4_t_cell,33179.000000,103065.000000,32.192306
sample08119,sbj2706,7,no,cd4_t_cell,29566.000000,97880.000000,30.206375
sample08134,sbj2711,7,no,cd4_t_cell,24817.000000,101696.000000,24.403123
sample08143,sbj2714,7,no,cd4_t_cell,24275.000000,100918.000000,24.054183
sample08161,sbj2720,7,no,cd4_t_cell,36091.000000,97216.000000,37.124547
sample08185,sbj2728,7,no,cd4_t_cell,23672.000000,97157.000000,24.364688
sample08215,sbj2738,7,no,cd4_t_cell,29743.000000,102929.000000,28.896618
sample08278,sbj2759,7,no,cd4_t_cell,33420.000000,96037.000000,34.799088
sample08305,sbj2768,7,no,cd4_t_cell,19065.000000,96591.000000,19.737864
sample08314,sbj2771,7,no,cd4_t_cell,28478.000000,101696.000000,28.003068
sample08326,sbj2775,7,no,cd4_t_cell,27050.000000,98590.000000,27.436860
sample08332,sbj2777,7,no,cd4_t_cell,20661.000000,93704.000000,22.049219
sample08335,sbj2778,7,no,cd4_t_cell,32402.000000,93631.000000,34.606060
sample08368,sbj2789,7,no,cd4_t_cell,25344.000000,97680.000000,25.945946
sample08398,sbj2799,7,no,cd4_t_cell,29039.000000,99216.000000,29.268465
sample08413,sbj2804,7,no,cd4_t_cell,36668.000000,100798.000000,36.377706
sample08416,sbj2805,7,no,cd4_t_cell,32411.000000,94865.000000,34.165393
sample08422,sbj2807,7,no,cd4_t_cell,34621.000000,102202.000000,33.875071
sample08434,sbj2811,7,no,cd4_t_cell,35204.000000,91503.000000,38.473056
sample08437,sbj2812,7,no,cd4_t_cell,23068.000000,92202.000000,25.018980
sample08440,sbj2813,7,no,cd4_t_cell,27149.000000,91043.000000,29.819975
sample08461,sbj2820,7,no,cd4_t_cell,25113.000000,95568.000000,26.277624
sample08473,sbj2824,7,no,cd4_t_cell,32695.000000,90837.000000,35.993042
sample08494,sbj2831,7,no,cd4_t_cell,25266.000000,92977.000000,27.174463
sample08503,sbj2834,7,no,cd4_t_cell,30764.000000,100452.000000,30.625572
sample08521,sbj2840,7,no,cd4_t_cell,34226.000000,105113.000000,32.561148
sample08527,sbj2842,7,no,cd4_t_cell,35193.000000,92604.000000,38.003758
sample08542,sbj2847,7,no,cd4_t_cell,40668.000000,102838.000000,39.545693
sample08557,sbj2852,7,no,cd4_t_cell,34004.000000,101132.000000,33.623383
sample08560,sbj2853,7,no,cd4_t_cell,29600.000000,91733.000000,32.267559
sample08590,sbj2863,7,no,cd4_t_cell,26144.000000,92492.000000,28.266228
sample08638,sbj2879,7,no,cd4_t_cell,24108.000000,101737.000000,23.696394
sample08662,sbj2887,7,no,cd4_t_cell,23719.000000,89148.000000,26.606318
sample08665,sbj2888,7,no,cd4_t_cell,27999.000000,98481.000000,28.430865
sample08713,sbj2904,7,no,cd4_t_cell,29653.000000,96240.000000,30.811513
sample08731,sbj2910,7,no,cd4_t_cell,27486.000000,95080.000000,28.908288
sample08752,sbj2917,7,no,cd4_t_cell,33780.000000,107776.000000,31.342785
sample08764,sbj2921,7,no,cd4_t_cell,28817.000000,92494.000000,31.155534
sample08806,sbj2935,7,no,cd4_t_cell,28529.000000,103040.000000,27.687306
sample08875,sbj2958,7,no,cd4_t_cell,35871.000000,95037.000000,37.744247
sample08920,sbj2973,7,no,cd4_t_cell,30354.000000,101758.000000,29.829596
sample08953,sbj2984,7,no,cd4_t_cell,27208.000000,92258.000000,29.491209
sample08959,sbj2986,7,no,cd4_t_cell,21155.000000,90992.000000,23.249297
sample08968,sbj2989,7,no,cd4_t_cell,27081.000000,97306.000000,27.830761
sample08977,sbj2992,7,no,cd4_t_cell,28039.000000,98624.000000,28.430200
sample09004,sbj3001,7,no,cd4_t_cell,29285.000000,107876.000000,27.146909
sample09031,sbj3010,7,no,cd4_t_cell,30387.000000,91958.000000,33.044433
sample09037,sbj3012,7,no,cd4_t_cell,20568.000000,89384.000000,23.010830
sample09040,sbj3013,7,no,cd4_t_cell,32964.000000,108345.000000,30.425031
sample09049,sbj3016,7,no,cd4_t_cell,34654.000000,107439.000000,32.254582
sample09061,sbj3020,7,no,cd4_t_cell,25891.000000,102124.000000,25.352513
sample09067,sbj3022,7,no,cd4_t_cell,18473.000000,95054.000000,19.434216
sample09151,sbj3050,7,no,cd4_t_cell,29003.000000,96085.000000,30.184732
sample09160,sbj3053,7,no,cd4_t_cell,30015.000000,108090.000000,27.768526
sample09184,sbj3061,7,no,cd4_t_cell,28676.000000,94743.000000,30.267144
sample09214,sbj3071,7,no,cd4_t_cell,34133.000000,98687.000000,34.587129
sample09247,sbj3082,7,no,cd4_t_cell,40073.000000,103596.000000,38.681995
sample09250,sbj3083,7,no,cd4_t_cell,29736.000000,106607.000000,27.893103
sample09289,sbj3096,7,no,cd4_t_cell,39528.000000,111141.000000,35.565633
sample09295,sbj3098,7,no,cd4_t_cell,36825.000000,101776.000000,36.182401
sample09304,sbj3101,7,no,cd4_t_cell,35190.000000,101122.000000,34.799549
sample09355,sbj3118,7,no,cd4_t_cell,16692.000000,93474.000000,17.857372
sample09364,sbj3121,7,no,cd4_t_cell,24979.000000,93421.000000,26.738100
sample09379,sbj3126,7,no,cd4_t_cell,30524.000000,98872.000000,30.872239
sample09385,sbj3128,7,no,cd4_t_cell,36793.000000,107634.000000,34.183436
sample09388,sbj3129,7,no,cd4_t_cell,20139.000000,103563.000000,19.446134
sample09415,sbj3138,7,no,cd4_t_cell,30781.000000,108376.000000,28.402045
sample09421,sbj3140,7,no,cd4_t_cell,29247.000000,95799.000000,30.529546
sample09430,sbj3143,7,no,cd4_t_cell,30568.000000,96628.000000,31.634723
sample09433,sbj3144,7,no,cd4_t_cell,29354.000000,96915.000000,30.288397
sample09478,sbj3159,7,no,cd4_t_cell,22062.000000,96193.000000,22.935141
sample09484,sbj3161,7,no,cd4_t_cell,35890.000000,104821.000000,34.239322
sample09493,sbj3164,7,no,cd4_t_cell,22474.000000,92409.000000,24.320142
sample09556,sbj3185,7,no,cd4_t_cell,24412.000000,90501.000000,26.974288
sample09568,sbj3189,7,no,cd4_t_cell,26629.000000,105346.000000,25.277656
sample09586,sbj3195,7,no,cd4_t_cell,41152.000000,104544.000000,39.363330
sample09589,sbj3196,7,no,cd4_t_cell,25943.000000,91534.000000,28.342474
sample09628,sbj3209,7,no,cd4_t_cell,29414.000000,97655.000000,30.120322
sample09658,sbj3219,7,no,cd4_t_cell,31769.000000,105886.000000,30.003022
sample09673,sbj3224,7,no,cd4_t_cell,31588.000000,104624.000000,30.191925
sample09745,sbj3248,7,no,cd4_t_cell,31781.000000,91882.000000,34.588929
sample09757,sbj3252,7,no,cd4_t_cell,30547.000000,93793.000000,32.568529
sample09763,sbj3254,7,no,cd4_t_cell,43833.000000,110474.000000,39.677209
sample09814,sbj3271,7,no,cd4_t_cell,29465.000000,90458.000000,32.573128
sample09817,sbj3272,7,no,cd4_t_cell,35691.000000,102117.000000,34.951086
sample09871,sbj3290,7,no,cd4_t_cell,34080.000000,92318.000000,36.915878
sample09874,sbj3291,7,no,cd4_t_cell,26472.000000,99611.000000,26.575378
sample09895,sbj3298,7,no,cd4_t_cell,30405.000000,93620.000000,32.477035
sample09901,sbj3300,7,no,cd4_t_cell,30415.000000,103439.000000,29.403803
sample09904,sbj3301,7,no,cd4_t_cell,31707.000000,99947.000000,31.723814
sample09913,sbj3304,7,no,cd4_t_cell,34637.000000,107765.000000,32.141233
sample09919,sbj3306,7,no,cd4_t_cell,25279.000000,103980.000000,24.311406
sample09988,sbj3329,7,no,cd4_t_cell,30061.000000,95097.000000,31.610882
sample10000,sbj3333,7,no,cd4_t_cell,25343.000000,90086.000000,28.132007
sample10069,sbj3356,7,no,cd4_t_cell,36834.000000,105011.000000,35.076325
sample10090,sbj3363,7,no,cd4_t_cell,31935.000000,102953.000000,31.019009
sample10192,sbj3397,7,no,cd4_t_cell,31792.000000,92809.000000,34.255299
sample10231,sbj3410,7,no,cd4_t_cell,30827.000000,105117.000000,29.326370
sample10252,sbj3417,7,no,cd4_t_cell,37375.000000,106631.000000,35.050783
sample10267,sbj3422,7,no,cd4_t_cell,26895.000000,91719.000000,29.323259
sample10306,sbj3435,7,no,cd4_t_cell,24952.000000,95490.000000,26.130485
sample10321,sbj3440,7,no,cd4_t_cell,24915.000000,101600.000000,24.522638
sample10396,sbj3465,7,no,cd4_t_cell,32416.000000,102886.000000,31.506716
sample10417,sbj3472,7,no,cd4_t_cell,23613.000000,95989.000000,24.599694
sample10456,sbj3485,7,no,cd4_t_cell,27256.000000,90187.000000,30.221651
sample10471,sbj3490,7,no,cd4_t_cell,30400.000000,104288.000000,29.150046
sample10474,sbj3491,7,no,cd4_t_cell,34896.000000,108601.000000,32.132301
sample00025,sbj008,7,yes,cd4_t_cell,30323.000000,95534.000000,31.740532
sample00061,sbj020,7,yes,cd4_t_cell,38281.000000,111970.000000,34.188622
sample00067,sbj022,7,yes,cd4_t_cell,29460.000000,107589.000000,27.381981
sample00076,sbj025,7,yes,cd4_t_cell,37340.000000,110097.000000,33.915547
sample00142,sbj047,7,yes,cd4_t_cell,32331.000000,98991.000000,32.660545
sample00166,sbj055,7,yes,cd4_t_cell,33200.000000,111770.000000,29.703856
sample00169,sbj056,7,yes,cd4_t_cell,33236.000000,93829.000000,35.421884
sample00262,sbj087,7,yes,cd4_t_cell,35578.000000,99327.000000,35.819062
sample00325,sbj1007,7,yes,cd4_t_cell,26076.000000,102479.000000,25.445213
sample00328,sbj1008,7,yes,cd4_t_cell,25319.000000,96267.000000,26.300809
sample00334,sbj101,7,yes,cd4_t_cell,32336.000000,101241.000000,31.939629
sample00370,sbj1020,7,yes,cd4_t_cell,25142.000000,103267.000000,24.346597
sample00379,sbj1023,7,yes,cd4_t_cell,24216.000000,105343.000000,22.987764
sample00427,sbj1038,7,yes,cd4_t_cell,22813.000000,93526.000000,24.392148
sample00448,sbj1044,7,yes,cd4_t_cell,33741.000000,105500.000000,31.981991
sample00484,sbj1055,7,yes,cd4_t_cell,37382.000000,110072.000000,33.961407
sample00499,sbj106,7,yes,cd4_t_cell,25198.000000,92534.000000,27.231072
sample00511,sbj1063,7,yes,cd4_t_cell,30515.000000,94245.000000,32.378376
sample00538,sbj1071,7,yes,cd4_t_cell,28996.000000,101454.000000,28.580440
sample00544,sbj1073,7,yes,cd4_t_cell,28409.000000,97090.000000,29.260480
sample00556,sbj1077,7,yes,cd4_t_cell,31423.000000,104133.000000,30.175833
sample00565,sbj108,7,yes,cd4_t_cell,40944.000000,99540.000000,41.133213
sample00622,sbj1097,7,yes,cd4_t_cell,17559.000000,102226.000000,17.176648
sample00631,sbj110,7,yes,cd4_t_cell,30939.000000,98726.000000,31.338249
sample00661,sbj1109,7,yes,cd4_t_cell,38586.000000,108531.000000,35.552976
sample00676,sbj1113,7,yes,cd4_t_cell,24104.000000,108101.000000,22.297666
sample00715,sbj1125,7,yes,cd4_t_cell,28439.000000,109846.000000,25.889882
sample00754,sbj1137,7,yes,cd4_t_cell,47842.000000,109186.000000,43.816973
sample00826,sbj1159,7,yes,cd4_t_cell,31681.000000,102757.000000,30.830990
sample00841,sbj1163,7,yes,cd4_t_cell,44053.000000,108096.000000,40.753589
sample00862,sbj117,7,yes,cd4_t_cell,32804.000000,102166.000000,32.108529
sample00874,sbj1173,7,yes,cd4_t_cell,22128.000000,101456.000000,21.810440
sample00877,sbj1174,7,yes,cd4_t_cell,31351.000000,110270.000000,28.431124
sample00889,sbj1178,7,yes,cd4_t_cell,34983.000000,97987.000000,35.701675
sample00895,sbj118,7,yes,cd4_t_cell,26715.000000,103080.000000,25.916764
sample00913,sbj1185,7,yes,cd4_t_cell,36630.000000,93715.000000,39.086592
sample00916,sbj1186,7,yes,cd4_t_cell,27914.000000,104310.000000,26.760617
sample00940,sbj1193,7,yes,cd4_t_cell,33087.000000,101349.000000,32.646597
sample01009,sbj1214,7,yes,cd4_t_cell,26646.000000,92039.000000,28.950771
sample01018,sbj1217,7,yes,cd4_t_cell,40415.000000,111048.000000,36.394172
sample01069,sbj1232,7,yes,cd4_t_cell,37024.000000,108278.000000,34.193465
sample01075,sbj1234,7,yes,cd4_t_cell,37024.000000,105517.000000,35.088185
sample01081,sbj1236,7,yes,cd4_t_cell,31910.000000,102676.000000,31.078344
sample01093,sbj124,7,yes,cd4_t_cell,31219.000000,112595.000000,27.726808
sample01105,sbj1243,7,yes,cd4_t_cell,24252.000000,109818.000000,22.083811
sample01129,sbj1250,7,yes,cd4_t_cell,31032.000000,92988.000000,33.372048
sample01171,sbj1263,7,yes,cd4_t_cell,28053.000000,95844.000000,29.269438
sample01246,sbj1286,7,yes,cd4_t_cell,29953.000000,106441.000000,28.140472
sample01249,sbj1287,7,yes,cd4_t_cell,39442.000000,93814.000000,42.042765
sample01261,sbj1290,7,yes,cd4_t_cell,36747.000000,104505.000000,35.162911
sample01267,sbj1292,7,yes,cd4_t_cell,32703.000000,97482.000000,33.547732
sample01285,sbj1298,7,yes,cd4_t_cell,24995.000000,93609.000000,26.701492
sample01312,sbj1306,7,yes,cd4_t_cell,36111.000000,98679.000000,36.594412
sample01327,sbj1310,7,yes,cd4_t_cell,34900.000000,111383.000000,31.333327
sample01330,sbj1311,7,yes,cd4_t_cell,29345.000000,94424.000000,31.077904
sample01333,sbj1312,7,yes,cd4_t_cell,30609.000000,102246.000000,29.936623
sample01360,sbj1320,7,yes,cd4_t_cell,33973.000000,101085.000000,33.608349
sample01378,sbj1326,7,yes,cd4_t_cell,38657.000000,102603.000000,37.676286
sample01420,sbj1339,7,yes,cd4_t_cell,25946.000000,99012.000000,26.204904
sample01423,sbj134,7,yes,cd4_t_cell,26635.000000,102034.000000,26.104044
sample01441,sbj1345,7,yes,cd4_t_cell,29766.000000,107429.000000,27.707602
sample01459,sbj1350,7,yes,cd4_t_cell,29892.000000,94813.000000,31.527322
sample01492,sbj1360,7,yes,cd4_t_cell,39028.000000,94139.000000,41.457844
sample01498,sbj1362,7,yes,cd4_t_cell,33668.000000,106981.000000,31.471009
sample01534,sbj1373,7,yes,cd4_t_cell,27832.000000,112535.000000,24.731861
sample01537,sbj1374,7,yes,cd4_t_cell,30722.000000,92741.000000,33.126665
sample01546,sbj1377,7,yes,cd4_t_cell,30031.000000,102056.000000,29.426001
sample01603,sbj1394,7,yes,cd4_t_cell,34115.000000,100160.000000,34.060503
sample01621,sbj140,7,yes,cd4_t_cell,32010.000000,91716.000000,34.901217
sample01636,sbj1404,7,yes,cd4_t_cell,29130.000000,103079.000000,28.259878
sample01639,sbj1405,7,yes,cd4_t_cell,37906.000000,106542.000000,35.578457
sample01666,sbj1413,7,yes,cd4_t_cell,24976.000000,107196.000000,23.299377
sample01684,sbj1419,7,yes,cd4_t_cell,34058.000000,114684.000000,29.697255
sample01693,sbj1421,7,yes,cd4_t_cell,25249.000000,93232.000000,27.081903
sample01720,sbj143,7,yes,cd4_t_cell,37372.000000,92872.000000,40.240331
sample01729,sbj1432,7,yes,cd4_t_cell,30449.000000,106099.000000,28.698668
sample01756,sbj1440,7,yes,cd4_t_cell,33437.000000,112168.000000,29.809750
sample01786,sbj145,7,yes,cd4_t_cell,33554.000000,99447.000000,33.740585
sample01816,sbj1459,7,yes,cd4_t_cell,37477.000000,107508.000000,34.859731
sample01825,sbj1461,7,yes,cd4_t_cell,26694.000000,106192.000000,25.137487
sample01831,sbj1463,7,yes,cd4_t_cell,31572.000000,104882.000000,30.102401
sample01834,sbj1464,7,yes,cd4_t_cell,33790.000000,102909.000000,32.834835
sample01882,sbj1479,7,yes,cd4_t_cell,41487.000000,94313.000000,43.988634
sample01900,sbj1484,7,yes,cd4_t_cell,31244.000000,103457.000000,30.199986
sample01963,sbj154,7,yes,cd4_t_cell,43088.000000,98479.000000,43.753491
sample02038,sbj179,7,yes,cd4_t_cell,35905.000000,103411.000000,34.720678
sample02056,sbj185,7,yes,cd4_t_cell,27573.000000,102357.000000,26.938070
sample02065,sbj188,7,yes,cd4_t_cell,36938.000000,102584.000000,36.007565
sample02179,sbj226,7,yes,cd4_t_cell,38704.000000,103084.000000,37.546079
sample02197,sbj232,7,yes,cd4_t_cell,27865.000000,95055.000000,29.314607
sample02236,sbj245,7,yes,cd4_t_cell,21053.000000,101099.000000,20.824143
sample02245,sbj248,7,yes,cd4_t_cell,31767.000000,107812.000000,29.465180
sample02263,sbj254,7,yes,cd4_t_cell,31626.000000,97807.000000,32.335109
sample02341,sbj280,7,yes,cd4_t_cell,30200.000000,97105.000000,31.100355
sample02389,sbj296,7,yes,cd4_t_cell,28751.000000,108973.000000,26.383600
sample02440,sbj313,7,yes,cd4_t_cell,26575.000000,103872.000000,25.584373
sample02455,sbj318,7,yes,cd4_t_cell,34648.000000,92481.000000,37.464993
sample02467,sbj322,7,yes,cd4_t_cell,27218.000000,111457.000000,24.420180
sample02482,sbj327,7,yes,cd4_t_cell,30187.000000,103424.000000,29.187616
sample02491,sbj330,7,yes,cd4_t_cell,34439.000000,97627.000000,35.276102
sample02500,sbj333,7,yes,cd4_t_cell,29006.000000,95981.000000,30.220564
sample02518,sbj339,7,yes,cd4_t_cell,30562.000000,98934.000000,30.891301
sample02563,sbj354,7,yes,cd4_t_cell,34622.000000,103780.000000,33.360956
sample02575,sbj358,7,yes,cd4_t_cell,30735.000000,99095.000000,31.015692
sample02587,sbj362,7,yes,cd4_t_cell,29971.000000,96621.000000,31.019137
sample02590,sbj363,7,yes,cd4_t_cell,25182.000000,109595.000000,22.977326
sample02626,sbj375,7,yes,cd4_t_cell,27418.000000,111950.000000,24.491291
sample02641,sbj380,7,yes,cd4_t_cell,35897.000000,110166.000000,32.584463
sample02656,sbj385,7,yes,cd4_t_cell,32149.000000,102647.000000,31.319961
sample02674,sbj391,7,yes,cd4_t_cell,30492.000000,105240.000000,28.973774
sample02737,sbj412,7,yes,cd4_t_cell,23275.000000,103407.000000,22.508147
sample02755,sbj418,7,yes,cd4_t_cell,28379.000000,106285.000000,26.700851
sample02761,sbj420,7,yes,cd4_t_cell,29931.000000,107008.000000,27.970806
sample02767,sbj422,7,yes,cd4_t_cell,22611.000000,93215.000000,24.256826
sample02773,sbj424,7,yes,cd4_t_cell,29843.000000,108125.000000,27.600462
sample02782,sbj427,7,yes,cd4_t_cell,33751.000000,111029.000000,30.398364
sample02809,sbj436,7,yes,cd4_t_cell,29988.000000,101913.000000,29.425098
sample02824,sbj441,7,yes,cd4_t_cell,34142.000000,92506.000000,36.907876
sample02839,sbj446,7,yes,cd4_t_cell,36498.000000,106721.000000,34.199455
sample02848,sbj449,7,yes,cd4_t_cell,29772.000000,104049.000000,28.613442
sample02857,sbj452,7,yes,cd4_t_cell,35734.000000,108675.000000,32.881527
sample02875,sbj458,7,yes,cd4_t_cell,20970.000000,93275.000000,22.481908
sample02911,sbj470,7,yes,cd4_t_cell,32502.000000,109792.000000,29.603250
sample02917,sbj472,7,yes,cd4_t_cell,35928.000000,98090.000000,36.627587
sample02926,sbj475,7,yes,cd4_t_cell,35452.000000,110271.000000,32.149885
sample02929,sbj476,7,yes,cd4_t_cell,27430.000000,96572.000000,28.403678
sample02977,sbj492,7,yes,cd4_t_cell,24531.000000,98494.000000,24.906086
sample02992,sbj497,7,yes,cd4_t_cell,33150.000000,95778.000000,34.611289
sample02998,sbj499,7,yes,cd4_t_cell,26593.000000,101672.000000,26.155677
sample03001,sbj500,7,yes,cd4_t_cell,40010.000000,93364.000000,42.853777
sample03022,sbj507,7,yes,cd4_t_cell,24936.000000,98186.000000,25.396696
sample03025,sbj508,7,yes,cd4_t_cell,38161.000000,102668.000000,37.169322
sample03040,sbj513,7,yes,cd4_t_cell,33359.000000,96300.000000,34.640706
sample03067,sbj522,7,yes,cd4_t_cell,45259.000000,111291.000000,40.667260
sample03094,sbj531,7,yes,cd4_t_cell,32749.000000,101671.000000,32.210758
sample03121,sbj540,7,yes,cd4_t_cell,27078.000000,96253.000000,28.132110
sample03160,sbj553,7,yes,cd4_t_cell,32279.000000,111173.000000,29.034928
sample03184,sbj561,7,yes,cd4_t_cell,29477.000000,105655.000000,27.899295
sample03196,sbj565,7,yes,cd4_t_cell,23162.000000,96456.000000,24.013021
sample03247,sbj582,7,yes,cd4_t_cell,27300.000000,108682.000000,25.119155
sample03265,sbj588,7,yes,cd4_t_cell,37168.000000,103162.000000,36.028770
sample03268,sbj589,7,yes,cd4_t_cell,26926.000000,93984.000000,28.649557
sample03274,sbj591,7,yes,cd4_t_cell,34706.000000,110862.000000,31.305587
sample03286,sbj595,7,yes,cd4_t_cell,27941.000000,96477.000000,28.961307
sample03298,sbj599,7,yes,cd4_t_cell,26837.000000,100456.000000,26.715179
sample03304,sbj601,7,yes,cd4_t_cell,31379.000000,99353.000000,31.583344
sample03376,sbj625,7,yes,cd4_t_cell,27435.000000,100646.000000,27.258907
sample03382,sbj627,7,yes,cd4_t_cell,23371.000000,96622.000000,24.188073
sample03406,sbj635,7,yes,cd4_t_cell,27295.000000,96299.000000,28.344012
sample03454,sbj651,7,yes,cd4_t_cell,37097.000000,110461.000000,33.583799
sample03466,sbj655,7,yes,cd4_t_cell,32772.000000,104121.000000,31.474919
sample03487,sbj662,7,yes,cd4_t_cell,29186.000000,93190.000000,31.318811
sample03493,sbj664,7,yes,cd4_t_cell,23391.000000,109921.000000,21.279828
sample03532,sbj677,7,yes,cd4_t_cell,21937.000000,92562.000000,23.699790
sample03577,sbj692,7,yes,cd4_t_cell,39524.000000,103316.000000,38.255449
sample03589,sbj696,7,yes,cd4_t_cell,20292.000000,96146.000000,21.105402
sample03592,sbj697,7,yes,cd4_t_cell,28467.000000,98624.000000,28.864171
sample03622,sbj707,7,yes,cd4_t_cell,25564.000000,95897.000000,26.657768
sample03625,sbj708,7,yes,cd4_t_cell,29806.000000,97116.000000,30.691132
sample03748,sbj749,7,yes,cd4_t_cell,34178.000000,102107.000000,33.472730
sample03766,sbj755,7,yes,cd4_t_cell,29023.000000,102228.000000,28.390461
sample03790,sbj763,7,yes,cd4_t_cell,23363.000000,97521.000000,23.956891
sample03805,sbj768,7,yes,cd4_t_cell,28188.000000,104784.000000,26.901054
sample03820,sbj773,7,yes,cd4_t_cell,30179.000000,111228.000000,27.132557
sample03847,sbj782,7,yes,cd4_t_cell,28929.000000,97940.000000,29.537472
sample03853,sbj784,7,yes,cd4_t_cell,20383.000000,96680.000000,21.082954
sample03862,sbj787,7,yes,cd4_t_cell,34854.000000,105428.000000,33.059529
sample03886,sbj795,7,yes,cd4_t_cell,25271.000000,99420.000000,25.418427
sample03937,sbj812,7,yes,cd4_t_cell,32076.000000,114634.000000,27.981227
sample03943,sbj814,7,yes,cd4_t_cell,34209.000000,107899.000000,31.704650
sample03952,sbj817,7,yes,cd4_t_cell,26924.000000,95617.000000,28.158173
sample03964,sbj821,7,yes,cd4_t_cell,35214.000000,107120.000000,32.873413
sample03982,sbj827,7,yes,cd4_t_cell,32129.000000,111070.000000,28.926803
sample04015,sbj838,7,yes,cd4_t_cell,26532.000000,100823.000000,26.315424
sample04036,sbj845,7,yes,cd4_t_cell,31593.000000,104305.000000,30.289056
sample04048,sbj849,7,yes,cd4_t_cell,33545.000000,98959.000000,33.897877
sample04069,sbj856,7,yes,cd4_t_cell,31065.000000,91511.000000,33.946739
sample04129,sbj876,7,yes,cd4_t_cell,38295.000000,101874.000000,37.590553
sample04156,sbj885,7,yes,cd4_t_cell,30247.000000,98431.000000,30.729140
sample04171,sbj890,7,yes,cd4_t_cell,37971.000000,108758.000000,34.913294
sample04174,sbj891,7,yes,cd4_t_cell,26485.000000,101514.000000,26.089997
sample04189,sbj896,7,yes,cd4_t_cell,29026.000000,97436.000000,29.789811
sample04204,sbj901,7,yes,cd4_t_cell,29659.000000,103405.000000,28.682365
sample04225,sbj908,7,yes,cd4_t_cell,33560.000000,111672.000000,30.052296
sample04267,sbj922,7,yes,cd4_t_cell,22245.000000,93457.000000,23.802390
sample04285,sbj928,7,yes,cd4_t_cell,27981.000000,95740.000000,29.226029
sample04294,sbj931,7,yes,cd4_t_cell,38161.000000,106115.000000,35.961928
sample04297,sbj932,7,yes,cd4_t_cell,32378.000000,100012.000000,32.374115
sample04303,sbj934,7,yes,cd4_t_cell,34873.000000,109237.000000,31.924165
sample04348,sbj949,7,yes,cd4_t_cell,33813.000000,109764.000000,30.805182
sample04369,sbj956,7,yes,cd4_t_cell,25928.000000,100102.000000,25.901580
sample04378,sbj959,7,yes,cd4_t_cell,30162.000000,106225.000000,28.394446
sample04435,sbj978,7,yes,cd4_t_cell,34535.000000,92131.000000,37.484669
sample04462,sbj987,7,yes,cd4_t_cell,36543.000000,102811.000000,35.543862
sample04492,sbj997,7,yes,cd4_t_cell,26189.000000,104323.000000,25.103764
sample07507,sbj2502,7,yes,cd4_t_cell,16917.000000,107946.000000,15.671725
sample07528,sbj2509,7,yes,cd4_t_cell,35763.000000,92159.000000,38.805760
sample07552,sbj2517,7,yes,cd4_t_cell,32731.000000,100899.000000,32.439370
sample07561,sbj2520,7,yes,cd4_t_cell,23299.000000,95194.000000,24.475282
sample07576,sbj2525,7,yes,cd4_t_cell,23550.000000,94975.000000,24.795999
sample07588,sbj2529,7,yes,cd4_t_cell,34559.000000,102202.000000,33.814407
sample07594,sbj2531,7,yes,cd4_t_cell,38310.000000,111131.000000,34.472829
sample07615,sbj2538,7,yes,cd4_t_cell,25298.000000,98534.000000,25.674387
sample07648,sbj2549,7,yes,cd4_t_cell,30557.000000,108878.000000,28.065358
sample07666,sbj2555,7,yes,cd4_t_cell,26822.000000,100105.000000,26.793866
sample07726,sbj2575,7,yes,cd4_t_cell,25839.000000,92686.000000,27.877997
sample07762,sbj2587,7,yes,cd4_t_cell,26758.000000,98342.000000,27.209127
sample07801,sbj2600,7,yes,cd4_t_cell,27426.000000,111051.000000,24.696761
sample07822,sbj2607,7,yes,cd4_t_cell,40037.000000,112050.000000,35.731370
sample07825,sbj2608,7,yes,cd4_t_cell,22923.000000,108040.000000,21.217142
sample07828,sbj2609,7,yes,cd4_t_cell,30276.000000,94880.000000,31.909781
sample07837,sbj2612,7,yes,cd4_t_cell,28322.000000,109061.000000,25.968953
sample07906,sbj2635,7,yes,cd4_t_cell,22309.000000,92112.000000,24.219429
sample07969,sbj2656,7,yes,cd4_t_cell,33798.000000,108151.000000,31.250751
sample08041,sbj2680,7,yes,cd4_t_cell,36824.000000,94887.000000,38.808267
sample08056,sbj2685,7,yes,cd4_t_cell,35332.000000,104366.000000,33.853937
sample08086,sbj2695,7,yes,cd4_t_cell,33312.000000,97692.000000,34.099005
sample08122,sbj2707,7,yes,cd4_t_cell,31088.000000,108753.000000,28.585878
sample08128,sbj2709,7,yes,cd4_t_cell,26611.000000,107342.000000,24.790855
sample08152,sbj2717,7,yes,cd4_t_cell,20747.000000,97016.000000,21.385132
sample08167,sbj2722,7,yes,cd4_t_cell,29797.000000,99748.000000,29.872278
sample08179,sbj2726,7,yes,cd4_t_cell,25621.000000,100053.000000,25.607428
sample08200,sbj2733,7,yes,cd4_t_cell,27539.000000,99194.000000,27.762768
sample08248,sbj2749,7,yes,cd4_t_cell,41707.000000,113034.000000,36.897748
sample08275,sbj2758,7,yes,cd4_t_cell,30020.000000,108370.000000,27.701393
sample08290,sbj2763,7,yes,cd4_t_cell,35718.000000,108390.000000,32.953224
sample08299,sbj2766,7,yes,cd4_t_cell,25743.000000,103180.000000,24.949603
sample08329,sbj2776,7,yes,cd4_t_cell,31820.000000,98209.000000,32.400289
sample08338,sbj2779,7,yes,cd4_t_cell,28429.000000,105172.000000,27.030959
sample08350,sbj2783,7,yes,cd4_t_cell,33986.000000,106719.000000,31.846250
sample08353,sbj2784,7,yes,cd4_t_cell,51089.000000,104199.000000,49.030221
sample08362,sbj2787,7,yes,cd4_t_cell,25840.000000,93763.000000,27.558845
sample08389,sbj2796,7,yes,cd4_t_cell,30847.000000,97458.000000,31.651583
sample08404,sbj2801,7,yes,cd4_t_cell,32658.000000,108854.000000,30.001654
sample08443,sbj2814,7,yes,cd4_t_cell,27320.000000,97703.000000,27.962294
sample08467,sbj2822,7,yes,cd4_t_cell,37762.000000,111229.000000,33.949779
sample08482,sbj2827,7,yes,cd4_t_cell,34122.000000,101138.000000,33.738061
sample08569,sbj2856,7,yes,cd4_t_cell,33204.000000,93615.000000,35.468675
sample08584,sbj2861,7,yes,cd4_t_cell,33762.000000,106148.000000,31.806534
sample08596,sbj2865,7,yes,cd4_t_cell,27566.000000,103126.000000,26.730407
sample08611,sbj2870,7,yes,cd4_t_cell,31121.000000,100438.000000,30.985284
sample08656,sbj2885,7,yes,cd4_t_cell,27846.000000,94968.000000,29.321456
sample08686,sbj2895,7,yes,cd4_t_cell,28715.000000,95662.000000,30.017144
sample08707,sbj2902,7,yes,cd4_t_cell,35800.000000,111418.000000,32.131253
sample08719,sbj2906,7,yes,cd4_t_cell,44616.000000,111055.000000,40.174688
sample08725,sbj2908,7,yes,cd4_t_cell,28786.000000,99077.000000,29.054170
sample08770,sbj2923,7,yes,cd4_t_cell,35895.000000,110594.000000,32.456553
sample08782,sbj2927,7,yes,cd4_t_cell,32693.000000,100678.000000,32.472834
sample08830,sbj2943,7,yes,cd4_t_cell,31127.000000,94804.000000,32.833003
sample08833,sbj2944,7,yes,cd4_t_cell,39712.000000,107545.000000,36.925938
sample08854,sbj2951,7,yes,cd4_t_cell,32591.000000,101717.000000,32.040858
sample08857,sbj2952,7,yes,cd4_t_cell,34307.000000,99437.000000,34.501242
sample08896,sbj2965,7,yes,cd4_t_cell,25984.000000,109131.000000,23.809917
sample08914,sbj2971,7,yes,cd4_t_cell,25592.000000,96247.000000,26.589920
sample08926,sbj2975,7,yes,cd4_t_cell,30055.000000,108390.000000,27.728573
sample08944,sbj2981,7,yes,cd4_t_cell,28699.000000,110650.000000,25.936737
sample08947,sbj2982,7,yes,cd4_t_cell,22939.000000,97596.000000,23.504037
sample08971,sbj2990,7,yes,cd4_t_cell,42747.000000,107640.000000,39.712932
sample08980,sbj2993,7,yes,cd4_t_cell,38767.000000,110208.000000,35.176212
sample09010,sbj3003,7,yes,cd4_t_cell,34123.000000,99596.000000,34.261416
sample09019,sbj3006,7,yes,cd4_t_cell,31411.000000,100640.000000,31.211248
sample09025,sbj3008,7,yes,cd4_t_cell,44617.000000,112281.000000,39.736910
sample09073,sbj3024,7,yes,cd4_t_cell,29918.000000,94604.000000,31.624456
sample09082,sbj3027,7,yes,cd4_t_cell,37837.000000,108958.000000,34.726225
sample09088,sbj3029,7,yes,cd4_t_cell,33094.000000,104496.000000,31.670112
sample09103,sbj3034,7,yes,cd4_t_cell,28603.000000,102032.000000,28.033362
sample09115,sbj3038,7,yes,cd4_t_cell,41663.000000,91608.000000,45.479652
sample09130,sbj3043,7,yes,cd4_t_cell,36629.000000,104361.000000,35.098360
sample09145,sbj3048,7,yes,cd4_t_cell,32219.000000,110832.000000,29.070124
sample09163,sbj3054,7,yes,cd4_t_cell,30363.000000,96134.000000,31.584039
sample09172,sbj3057,7,yes,cd4_t_cell,22091.000000,104129.000000,21.215031
sample09181,sbj3060,7,yes,cd4_t_cell,27254.000000,99077.000000,27.507898
sample09199,sbj3066,7,yes,cd4_t_cell,24777.000000,109152.000000,22.699538
sample09244,sbj3081,7,yes,cd4_t_cell,33185.000000,100297.000000,33.086732
sample09301,sbj3100,7,yes,cd4_t_cell,36434.000000,100742.000000,36.165651
sample09391,sbj3130,7,yes,cd4_t_cell,21925.000000,99463.000000,22.043373
sample09394,sbj3131,7,yes,cd4_t_cell,27138.000000,103393.000000,26.247425
sample09442,sbj3147,7,yes,cd4_t_cell,29698.000000,96139.000000,30.890690
sample09451,sbj3150,7,yes,cd4_t_cell,26809.000000,94610.000000,28.336328
sample09460,sbj3153,7,yes,cd4_t_cell,31819.000000,109712.000000,29.002297
sample09469,sbj3156,7,yes,cd4_t_cell,26329.000000,95479.000000,27.575697
sample09487,sbj3162,7,yes,cd4_t_cell,46772.000000,111011.000000,42.132762
sample09490,sbj3163,7,yes,cd4_t_cell,27411.000000,98337.000000,27.874554
sample09496,sbj3165,7,yes,cd4_t_cell,30835.000000,104305.000000,29.562341
sample09514,sbj3171,7,yes,cd4_t_cell,28109.000000,95827.000000,29.333069
sample09520,sbj3173,7,yes,cd4_t_cell,38560.000000,107737.000000,35.790861
sample09547,sbj3182,7,yes,cd4_t_cell,23934.000000,101128.000000,23.667036
sample09574,sbj3191,7,yes,cd4_t_cell,28490.000000,105477.000000,27.010628
sample09580,sbj3193,7,yes,cd4_t_cell,26828.000000,106412.000000,25.211442
sample09583,sbj3194,7,yes,cd4_t_cell,30790.000000,101131.000000,30.445660
sample09592,sbj3197,7,yes,cd4_t_cell,26165.000000,105694.000000,24.755426
sample09598,sbj3199,7,yes,cd4_t_cell,32751.000000,110552.000000,29.624973
sample09607,sbj3202,7,yes,cd4_t_cell,28683.000000,96647.000000,29.678107
sample09613,sbj3204,7,yes,cd4_t_cell,44085.000000,103557.000000,42.570758
sample09616,sbj3205,7,yes,cd4_t_cell,34945.000000,99819.000000,35.008365
sample09667,sbj3222,7,yes,cd4_t_cell,31803.000000,93043.000000,34.180970
sample09691,sbj3230,7,yes,cd4_t_cell,31569.000000,99626.000000,31.687511
sample09700,sbj3233,7,yes,cd4_t_cell,30441.000000,99627.000000,30.554970
sample09706,sbj3235,7,yes,cd4_t_cell,33988.000000,99892.000000,34.024747
sample09721,sbj3240,7,yes,cd4_t_cell,39441.000000,109722.000000,35.946301
sample09784,sbj3261,7,yes,cd4_t_cell,32397.000000,102119.000000,31.724752
sample09799,sbj3266,7,yes,cd4_t_cell,41376.000000,109966.000000,37.626175
sample09910,sbj3303,7,yes,cd4_t_cell,42845.000000,99140.000000,43.216663
sample09925,sbj3308,7,yes,cd4_t_cell,35959.000000,106395.000000,33.797641
sample09964,sbj3321,7,yes,cd4_t_cell,27275.000000,92128.000000,29.605549
sample09979,sbj3326,7,yes,cd4_t_cell,36633.000000,106823.000000,34.293177
sample09991,sbj3330,7,yes,cd4_t_cell,47721.000000,102387.000000,46.608456
sample09997,sbj3332,7,yes,cd4_t_cell,41582.000000,101919.000000,40.799066
sample10039,sbj3346,7,yes,cd4_t_cell,33775.000000,111785.000000,30.214251
sample10042,sbj3347,7,yes,cd4_t_cell,36981.000000,110154.000000,33.572090
sample10096,sbj3365,7,yes,cd4_t_cell,22211.000000,97594.000000,22.758571
sample10117,sbj3372,7,yes,cd4_t_cell,41228.000000,106328.000000,38.774359
sample10126,sbj3375,7,yes,cd4_t_cell,27118.000000,94075.000000,28.825937
sample10129,sbj3376,7,yes,cd4_t_cell,27020.000000,92853.000000,29.099760
sample10132,sbj3377,7,yes,cd4_t_cell,28726.000000,91988.000000,31.227986
sample10141,sbj3380,7,yes,cd4_t_cell,22377.000000,97447.000000,22.963252
sample10180,sbj3393,7,yes,cd4_t_cell,33896.000000,99472.000000,34.075921
sample10198,sbj3399,7,yes,cd4_t_cell,32674.000000,94381.000000,34.619256
sample10234,sbj3411,7,yes,cd4_t_cell,37420.000000,102742.000000,36.421327
sample10249,sbj3416,7,yes,cd4_t_cell,37732.000000,102677.000000,36.748249
sample10324,sbj3441,7,yes,cd4_t_cell,31028.000000,111020.000000,27.948117
sample10336,sbj3445,7,yes,cd4_t_cell,40014.000000,99249.000000,40.316779
sample10342,sbj3447,7,yes,cd4_t_cell,34423.000000,109127.000000,31.543981
sample10348,sbj3449,7,yes,cd4_t_cell,27133.000000,103438.000000,26.231172
sample10357,sbj3452,7,yes,cd4_t_cell,33274.000000,106364.000000,31.283141
sample10384,sbj3461,7,yes,cd4_t_cell,39163.000000,106259.000000,36.856172
sample10387,sbj3462,7,yes,cd4_t_cell,29343.000000,99257.000000,29.562650
sample10393,sbj3464,7,yes,cd4_t_cell,24296.000000,96482.000000,25.181899
sample10411,sbj3470,7,yes,cd4_t_cell,36151.000000,110055.000000,32.848121
sample10444,sbj3481,7,yes,cd4_t_cell,37499.000000,103861.000000,36.104986
sample10492,sbj3497,7,yes,cd4_t_cell,24599.000000,113095.000000,21.750741
sample00001,sbj000,7,no,cd8_t_cell,19407.000000,100824.000000,19.248393
sample00007,sbj002,7,no,cd8_t_cell,13504.000000,98424.000000,13.720231
sample00010,sbj003,7,no,cd8_t_cell,21339.000000,107537.000000,19.843403
sample00073,sbj024,7,no,cd8_t_cell,28944.000000,104898.000000,27.592518
sample00082,sbj027,7,no,cd8_t_cell,31190.000000,103389.000000,30.167619
sample00124,sbj041,7,no,cd8_t_cell,23608.000000,91040.000000,25.931459
sample00154,sbj051,7,no,cd8_t_cell,29394.000000,98244.000000,29.919384
sample00175,sbj058,7,no,cd8_t_cell,23005.000000,107707.000000,21.358872
sample00187,sbj062,7,no,cd8_t_cell,22858.000000,97273.000000,23.498813
sample00190,sbj063,7,no,cd8_t_cell,30522.000000,107702.000000,28.339307
sample00214,sbj071,7,no,cd8_t_cell,26516.000000,102152.000000,25.957397
sample00244,sbj081,7,no,cd8_t_cell,25315.000000,97287.000000,26.020948
sample00250,sbj083,7,no,cd8_t_cell,25338.000000,103559.000000,24.467212
sample00286,sbj095,7,no,cd8_t_cell,22684.000000,103894.000000,21.833792
sample00403,sbj1030,7,no,cd8_t_cell,23495.000000,104802.000000,22.418465
sample00412,sbj1033,7,no,cd8_t_cell,26431.000000,98963.000000,26.707962
sample00415,sbj1034,7,no,cd8_t_cell,27307.000000,106472.000000,25.647118
sample00436,sbj1040,7,no,cd8_t_cell,20107.000000,90324.000000,22.260972
sample00460,sbj1048,7,no,cd8_t_cell,25279.000000,101893.000000,24.809359
sample00466,sbj105,7,no,cd8_t_cell,23269.000000,99232.000000,23.449089
sample00472,sbj1051,7,no,cd8_t_cell,26833.000000,98089.000000,27.355769
sample00481,sbj1054,7,no,cd8_t_cell,29791.000000,102711.000000,29.004683
sample00493,sbj1058,7,no,cd8_t_cell,27761.000000,101317.000000,27.400140
sample00514,sbj1064,7,no,cd8_t_cell,28628.000000,95912.000000,29.848194
sample00517,sbj1065,7,no,cd8_t_cell,25068.000000,100185.000000,25.021710
sample00523,sbj1067,7,no,cd8_t_cell,19842.000000,97036.000000,20.448081
sample00535,sbj1070,7,no,cd8_t_cell,31103.000000,104896.000000,29.651274
sample00586,sbj1086,7,no,cd8_t_cell,24615.000000,97970.000000,25.125038
sample00589,sbj1087,7,no,cd8_t_cell,24983.000000,89545.000000,27.899939
sample00625,sbj1098,7,no,cd8_t_cell,28112.000000,95251.000000,29.513601
sample00640,sbj1102,7,no,cd8_t_cell,19864.000000,93280.000000,21.295026
sample00694,sbj1119,7,no,cd8_t_cell,18628.000000,104994.000000,17.741966
sample00697,sbj112,7,no,cd8_t_cell,17794.000000,97543.000000,18.242211
sample00718,sbj1126,7,no,cd8_t_cell,34870.000000,109920.000000,31.723071
sample00727,sbj1129,7,no,cd8_t_cell,13849.000000,90881.000000,15.238609
sample00757,sbj1138,7,no,cd8_t_cell,22937.000000,100190.000000,22.893502
sample00799,sbj1150,7,no,cd8_t_cell,26025.000000,106251.000000,24.493887
sample00808,sbj1153,7,no,cd8_t_cell,19256.000000,89890.000000,21.421738
sample00850,sbj1166,7,no,cd8_t_cell,17980.000000,101331.000000,17.743830
sample00868,sbj1171,7,no,cd8_t_cell,21411.000000,94267.000000,22.713145
sample00919,sbj1187,7,no,cd8_t_cell,17741.000000,91829.000000,19.319605
sample00967,sbj1201,7,no,cd8_t_cell,31116.000000,94282.000000,33.003118
sample00988,sbj1208,7,no,cd8_t_cell,21697.000000,104779.000000,20.707394
sample01012,sbj1215,7,no,cd8_t_cell,24839.000000,104388.000000,23.794881
sample01024,sbj1219,7,no,cd8_t_cell,20753.000000,100987.000000,20.550170
sample01042,sbj1224,7,no,cd8_t_cell,30302.000000,97518.000000,31.073238
sample01054,sbj1228,7,no,cd8_t_cell,20246.000000,88554.000000,22.862886
sample01063,sbj1230,7,no,cd8_t_cell,25571.000000,97268.000000,26.289222
sample01111,sbj1245,7,no,cd8_t_cell,29178.000000,96363.000000,30.279257
sample01135,sbj1252,7,no,cd8_t_cell,20037.000000,103817.000000,19.300307
sample01138,sbj1253,7,no,cd8_t_cell,27577.000000,90280.000000,30.546079
sample01144,sbj1255,7,no,cd8_t_cell,31313.000000,104632.000000,29.926791
sample01153,sbj1258,7,no,cd8_t_cell,23343.000000,97580.000000,23.921910
sample01162,sbj1260,7,no,cd8_t_cell,31050.000000,104496.000000,29.714056
sample01219,sbj1278,7,no,cd8_t_cell,28460.000000,98404.000000,28.921589
sample01228,sbj1280,7,no,cd8_t_cell,24585.000000,98579.000000,24.939389
sample01231,sbj1281,7,no,cd8_t_cell,26291.000000,92143.000000,28.532824
sample01243,sbj1285,7,no,cd8_t_cell,28228.000000,94742.000000,29.794600
sample01315,sbj1307,7,no,cd8_t_cell,25985.000000,106330.000000,24.438070
sample01345,sbj1316,7,no,cd8_t_cell,25658.000000,95834.000000,26.773379
sample01387,sbj1329,7,no,cd8_t_cell,31678.000000,101280.000000,31.277646
sample01396,sbj1331,7,no,cd8_t_cell,22446.000000,97473.000000,23.027915
sample01414,sbj1337,7,no,cd8_t_cell,16809.000000,91947.000000,18.281184
sample01432,sbj1342,7,no,cd8_t_cell,25864.000000,99842.000000,25.904930
sample01543,sbj1376,7,no,cd8_t_cell,27895.000000,98030.000000,28.455575
sample01555,sbj138,7,no,cd8_t_cell,21120.000000,102116.000000,20.682361
sample01588,sbj139,7,no,cd8_t_cell,21953.000000,105620.000000,20.784889
sample01612,sbj1397,7,no,cd8_t_cell,18334.000000,99916.000000,18.349414
sample01675,sbj1416,7,no,cd8_t_cell,25262.000000,91225.000000,27.691970
sample01681,sbj1418,7,no,cd8_t_cell,30603.000000,107066.000000,28.583304
sample01687,sbj142,7,no,cd8_t_cell,31266.000000,101578.000000,30.780287
sample01702,sbj1424,7,no,cd8_t_cell,29158.000000,105733.000000,27.577010
sample01723,sbj1430,7,no,cd8_t_cell,22771.000000,108032.000000,21.078014
sample01753,sbj144,7,no,cd8_t_cell,28631.000000,103066.000000,27.779287
sample01768,sbj1444,7,no,cd8_t_cell,20860.000000,101408.000000,20.570369
sample01804,sbj1455,7,no,cd8_t_cell,26761.000000,93139.000000,28.732325
sample01810,sbj1457,7,no,cd8_t_cell,27329.000000,109048.000000,25.061441
sample01813,sbj1458,7,no,cd8_t_cell,24003.000000,103589.000000,23.171379
sample01849,sbj1469,7,no,cd8_t_cell,26670.000000,97926.000000,27.234851
sample01867,sbj1474,7,no,cd8_t_cell,17724.000000,96340.000000,18.397343
sample01876,sbj1477,7,no,cd8_t_cell,33810.000000,101993.000000,33.149334
sample01885,sbj148,7,no,cd8_t_cell,21412.000000,93311.000000,22.946919
sample01894,sbj1482,7,no,cd8_t_cell,16300.000000,91447.000000,17.824532
sample01915,sbj1489,7,no,cd8_t_cell,27693.000000,109559.000000,25.276792
sample01927,sbj1492,7,no,cd8_t_cell,25996.000000,106368.000000,24.439681
sample01933,sbj1494,7,no,cd8_t_cell,24718.000000,94240.000000,26.228778
sample01969,sbj156,7,no,cd8_t_cell,21757.000000,90954.000000,23.920883
sample01987,sbj162,7,no,cd8_t_cell,16811.000000,107565.000000,15.628690
sample01993,sbj164,7,no,cd8_t_cell,27018.000000,100357.000000,26.921889
sample02011,sbj170,7,no,cd8_t_cell,19144.000000,96495.000000,19.839370
sample02017,sbj172,7,no,cd8_t_cell,29883.000000,102520.000000,29.148459
sample02041,sbj180,7,no,cd8_t_cell,18965.000000,93976.000000,20.180684
sample02047,sbj182,7,no,cd8_t_cell,24390.000000,93320.000000,26.135877
sample02062,sbj187,7,no,cd8_t_cell,22480.000000,84530.000000,26.594109
sample02110,sbj203,7,no,cd8_t_cell,18469.000000,89935.000000,20.535943
sample02149,sbj216,7,no,cd8_t_cell,19909.000000,96388.000000,20.655061
sample02170,sbj223,7,no,cd8_t_cell,27310.000000,101575.000000,26.886537
sample02206,sbj235,7,no,cd8_t_cell,18907.000000,105374.000000,17.942756
sample02215,sbj238,7,no,cd8_t_cell,22039.000000,105421.000000,20.905702
sample02233,sbj244,7,no,cd8_t_cell,30572.000000,97633.000000,31.313183
sample02254,sbj251,7,no,cd8_t_cell,18235.000000,90324.000000,20.188433
sample02287,sbj262,7,no,cd8_t_cell,30162.000000,103590.000000,29.116710
sample02290,sbj263,7,no,cd8_t_cell,22541.000000,95861.000000,23.514255
sample02320,sbj273,7,no,cd8_t_cell,26465.000000,106326.000000,24.890431
sample02335,sbj278,7,no,cd8_t_cell,25812.000000,94814.000000,27.223828
sample02356,sbj285,7,no,cd8_t_cell,23521.000000,104627.000000,22.480813
sample02365,sbj288,7,no,cd8_t_cell,16851.000000,92126.000000,18.291253
sample02413,sbj304,7,no,cd8_t_cell,25742.000000,90050.000000,28.586341
sample02431,sbj310,7,no,cd8_t_cell,31945.000000,108736.000000,29.378495
sample02437,sbj312,7,no,cd8_t_cell,28772.000000,95522.000000,30.120810
sample02479,sbj326,7,no,cd8_t_cell,20550.000000,90381.000000,22.737080
sample02542,sbj347,7,no,cd8_t_cell,27048.000000,104032.000000,25.999692
sample02584,sbj361,7,no,cd8_t_cell,21585.000000,94002.000000,22.962277
sample02593,sbj364,7,no,cd8_t_cell,37941.000000,103176.000000,36.773087
sample02620,sbj373,7,no,cd8_t_cell,23460.000000,106958.000000,21.933843
sample02647,sbj382,7,no,cd8_t_cell,19562.000000,96996.000000,20.167842
sample02662,sbj387,7,no,cd8_t_cell,25313.000000,91765.000000,27.584591
sample02665,sbj388,7,no,cd8_t_cell,16995.000000,92723.000000,18.328786
sample02668,sbj389,7,no,cd8_t_cell,19393.000000,90039.000000,21.538444
sample02683,sbj394,7,no,cd8_t_cell,23231.000000,96098.000000,24.174280
sample02701,sbj400,7,no,cd8_t_cell,22459.000000,108275.000000,20.742554
sample02707,sbj402,7,no,cd8_t_cell,25194.000000,96394.000000,26.136482
sample02719,sbj406,7,no,cd8_t_cell,20829.000000,106129.000000,19.626115
sample02743,sbj414,7,no,cd8_t_cell,30814.000000,96458.000000,31.945510
sample02776,sbj425,7,no,cd8_t_cell,22263.000000,98069.000000,22.701363
sample02800,sbj433,7,no,cd8_t_cell,21335.000000,104863.000000,20.345594
sample02812,sbj437,7,no,cd8_t_cell,16173.000000,97219.000000,16.635637
sample02830,sbj443,7,no,cd8_t_cell,32429.000000,104310.000000,31.089061
sample02887,sbj462,7,no,cd8_t_cell,25837.000000,96314.000000,26.825799
sample02890,sbj463,7,no,cd8_t_cell,33458.000000,105908.000000,31.591570
sample02902,sbj467,7,no,cd8_t_cell,26467.000000,95611.000000,27.681961
sample02962,sbj487,7,no,cd8_t_cell,25829.000000,106937.000000,24.153474
sample02971,sbj490,7,no,cd8_t_cell,22334.000000,91716.000000,24.351258
sample03007,sbj502,7,no,cd8_t_cell,29267.000000,101602.000000,28.805535
sample03031,sbj510,7,no,cd8_t_cell,32545.000000,104706.000000,31.082268
sample03052,sbj517,7,no,cd8_t_cell,23756.000000,98858.000000,24.030427
sample03097,sbj532,7,no,cd8_t_cell,25433.000000,95349.000000,26.673589
sample03109,sbj536,7,no,cd8_t_cell,29952.000000,94419.000000,31.722429
sample03133,sbj544,7,no,cd8_t_cell,24831.000000,95973.000000,25.872902
sample03187,sbj562,7,no,cd8_t_cell,24232.000000,104464.000000,23.196508
sample03199,sbj566,7,no,cd8_t_cell,26637.000000,88236.000000,30.188358
sample03214,sbj571,7,no,cd8_t_cell,23107.000000,102545.000000,22.533522
sample03253,sbj584,7,no,cd8_t_cell,25342.000000,107739.000000,23.521659
sample03259,sbj586,7,no,cd8_t_cell,24907.000000,102565.000000,24.284113
sample03319,sbj606,7,no,cd8_t_cell,16903.000000,98064.000000,17.236703
sample03322,sbj607,7,no,cd8_t_cell,19100.000000,89278.000000,21.393848
sample03334,sbj611,7,no,cd8_t_cell,17193.000000,112131.000000,15.332959
sample03364,sbj621,7,no,cd8_t_cell,28501.000000,94541.000000,30.146709
sample03385,sbj628,7,no,cd8_t_cell,22724.000000,107308.000000,21.176427
sample03391,sbj630,7,no,cd8_t_cell,18615.000000,102547.000000,18.152652
sample03403,sbj634,7,no,cd8_t_cell,21257.000000,101005.000000,21.045493
sample03415,sbj638,7,no,cd8_t_cell,23421.000000,101306.000000,23.119065
sample03421,sbj640,7,no,cd8_t_cell,17352.000000,103617.000000,16.746287
sample03433,sbj644,7,no,cd8_t_cell,27959.000000,107729.000000,25.953086
sample03475,sbj658,7,no,cd8_t_cell,21886.000000,102867.000000,21.276017
sample03490,sbj663,7,no,cd8_t_cell,30031.000000,94186.000000,31.884781
sample03553,sbj684,7,no,cd8_t_cell,30899.000000,109484.000000,28.222389
sample03580,sbj693,7,no,cd8_t_cell,31133.000000,106786.000000,29.154571
sample03616,sbj705,7,no,cd8_t_cell,21118.000000,86781.000000,24.334820
sample03634,sbj711,7,no,cd8_t_cell,26806.000000,98349.000000,27.255997
sample03667,sbj722,7,no,cd8_t_cell,29340.000000,106760.000000,27.482203
sample03682,sbj727,7,no,cd8_t_cell,19175.000000,100770.000000,19.028481
sample03685,sbj728,7,no,cd8_t_cell,22540.000000,94128.000000,23.946116
sample03700,sbj733,7,no,cd8_t_cell,29252.000000,90851.000000,32.197774
sample03718,sbj739,7,no,cd8_t_cell,26958.000000,109810.000000,24.549677
sample03721,sbj740,7,no,cd8_t_cell,25597.000000,91924.000000,27.845829
sample03739,sbj746,7,no,cd8_t_cell,21778.000000,101861.000000,21.380116
sample03769,sbj756,7,no,cd8_t_cell,22219.000000,92439.000000,24.036392
sample03775,sbj758,7,no,cd8_t_cell,17596.000000,92404.000000,19.042466
sample03817,sbj772,7,no,cd8_t_cell,21039.000000,93187.000000,22.577184
sample03892,sbj797,7,no,cd8_t_cell,19387.000000,105690.000000,18.343268
sample03940,sbj813,7,no,cd8_t_cell,19419.000000,90148.000000,21.541243
sample03973,sbj824,7,no,cd8_t_cell,19862.000000,99843.000000,19.893232
sample04063,sbj854,7,no,cd8_t_cell,19051.000000,99320.000000,19.181434
sample04075,sbj858,7,no,cd8_t_cell,18256.000000,97286.000000,18.765290
sample04096,sbj865,7,no,cd8_t_cell,29515.000000,107377.000000,27.487264
sample04135,sbj878,7,no,cd8_t_cell,23727.000000,88790.000000,26.722604
sample04144,sbj881,7,no,cd8_t_cell,21761.000000,92629.000000,23.492643
sample04183,sbj894,7,no,cd8_t_cell,21006.000000,89786.000000,23.395630
sample04192,sbj897,7,no,cd8_t_cell,23237.000000,94596.000000,24.564464
sample04201,sbj900,7,no,cd8_t_cell,25040.000000,102540.000000,24.419739
sample04207,sbj902,7,no,cd8_t_cell,25860.000000,94247.000000,27.438539
sample04210,sbj903,7,no,cd8_t_cell,29583.000000,91876.000000,32.198833
sample04279,sbj926,7,no,cd8_t_cell,24803.000000,96342.000000,25.744743
sample04309,sbj936,7,no,cd8_t_cell,32207.000000,107469.000000,29.968642
sample04339,sbj946,7,no,cd8_t_cell,25860.000000,98623.000000,26.221064
sample04420,sbj973,7,no,cd8_t_cell,30572.000000,106926.000000,28.591736
sample04429,sbj976,7,no,cd8_t_cell,26624.000000,104527.000000,25.470931
sample04450,sbj983,7,no,cd8_t_cell,17254.000000,91422.000000,18.872919
sample07504,sbj2501,7,no,cd8_t_cell,22655.000000,96051.000000,23.586428
sample07516,sbj2505,7,no,cd8_t_cell,25361.000000,105587.000000,24.019055
sample07543,sbj2514,7,no,cd8_t_cell,15291.000000,91956.000000,16.628605
sample07621,sbj2540,7,no,cd8_t_cell,28485.000000,95097.000000,29.953626
sample07633,sbj2544,7,no,cd8_t_cell,23365.000000,94189.000000,24.806506
sample07645,sbj2548,7,no,cd8_t_cell,28925.000000,100782.000000,28.700562
sample07654,sbj2551,7,no,cd8_t_cell,21826.000000,93506.000000,23.341818
sample07675,sbj2558,7,no,cd8_t_cell,21474.000000,98448.000000,21.812530
sample07699,sbj2566,7,no,cd8_t_cell,29434.000000,104553.000000,28.152229
sample07711,sbj2570,7,no,cd8_t_cell,21550.000000,104373.000000,20.647102
sample07723,sbj2574,7,no,cd8_t_cell,29113.000000,89478.000000,32.536489
sample07735,sbj2578,7,no,cd8_t_cell,31689.000000,101982.000000,31.073131
sample07747,sbj2582,7,no,cd8_t_cell,34115.000000,107851.000000,31.631603
sample07810,sbj2603,7,no,cd8_t_cell,33851.000000,104887.000000,32.273780
sample07816,sbj2605,7,no,cd8_t_cell,25468.000000,91370.000000,27.873481
sample07819,sbj2606,7,no,cd8_t_cell,21823.000000,97331.000000,22.421428
sample07834,sbj2611,7,no,cd8_t_cell,29419.000000,101117.000000,29.094020
sample07873,sbj2624,7,no,cd8_t_cell,25533.000000,98847.000000,25.830829
sample07900,sbj2633,7,no,cd8_t_cell,23511.000000,102718.000000,22.888880
sample07927,sbj2642,7,no,cd8_t_cell,25910.000000,101441.000000,25.541941
sample07930,sbj2643,7,no,cd8_t_cell,26328.000000,96101.000000,27.396177
sample07933,sbj2644,7,no,cd8_t_cell,24283.000000,99124.000000,24.497599
sample07942,sbj2647,7,no,cd8_t_cell,24349.000000,101253.000000,24.047683
sample07960,sbj2653,7,no,cd8_t_cell,17733.000000,105859.000000,16.751528
sample08005,sbj2668,7,no,cd8_t_cell,20209.000000,109359.000000,18.479503
sample08014,sbj2671,7,no,cd8_t_cell,27467.000000,101723.000000,27.001760
sample08029,sbj2676,7,no,cd8_t_cell,26622.000000,100947.000000,26.372255
sample08050,sbj2683,7,no,cd8_t_cell,26324.000000,92489.000000,28.461763
sample08065,sbj2688,7,no,cd8_t_cell,27890.000000,102539.000000,27.199407
sample08077,sbj2692,7,no,cd8_t_cell,21798.000000,103065.000000,21.149760
sample08119,sbj2706,7,no,cd8_t_cell,23693.000000,97880.000000,24.206171
sample08134,sbj2711,7,no,cd8_t_cell,26346.000000,101696.000000,25.906624
sample08143,sbj2714,7,no,cd8_t_cell,29597.000000,100918.000000,29.327771
sample08161,sbj2720,7,no,cd8_t_cell,21513.000000,97216.000000,22.129073
sample08185,sbj2728,7,no,cd8_t_cell,22779.000000,97157.000000,23.445557
sample08215,sbj2738,7,no,cd8_t_cell,26667.000000,102929.000000,25.908150
sample08278,sbj2759,7,no,cd8_t_cell,24711.000000,96037.000000,25.730708
sample08305,sbj2768,7,no,cd8_t_cell,23242.000000,96591.000000,24.062283
sample08314,sbj2771,7,no,cd8_t_cell,32298.000000,101696.000000,31.759361
sample08326,sbj2775,7,no,cd8_t_cell,31040.000000,98590.000000,31.483923
sample08332,sbj2777,7,no,cd8_t_cell,15386.000000,93704.000000,16.419790
sample08335,sbj2778,7,no,cd8_t_cell,25028.000000,93631.000000,26.730463
sample08368,sbj2789,7,no,cd8_t_cell,24198.000000,97680.000000,24.772727
sample08398,sbj2799,7,no,cd8_t_cell,26024.000000,99216.000000,26.229640
sample08413,sbj2804,7,no,cd8_t_cell,20470.000000,100798.000000,20.307943
sample08416,sbj2805,7,no,cd8_t_cell,19228.000000,94865.000000,20.268803
sample08422,sbj2807,7,no,cd8_t_cell,22372.000000,102202.000000,21.889983
sample08434,sbj2811,7,no,cd8_t_cell,19146.000000,91503.000000,20.923904
sample08437,sbj2812,7,no,cd8_t_cell,24996.000000,92202.000000,27.110041
sample08440,sbj2813,7,no,cd8_t_cell,20647.000000,91043.000000,22.678295
sample08461,sbj2820,7,no,cd8_t_cell,26117.000000,95568.000000,27.328185
sample08473,sbj2824,7,no,cd8_t_cell,21146.000000,90837.000000,23.279060
sample08494,sbj2831,7,no,cd8_t_cell,17450.000000,92977.000000,18.768082
sample08503,sbj2834,7,no,cd8_t_cell,33625.000000,100452.000000,33.473699
sample08521,sbj2840,7,no,cd8_t_cell,21910.000000,105113.000000,20.844234
sample08527,sbj2842,7,no,cd8_t_cell,21439.000000,92604.000000,23.151268
sample08542,sbj2847,7,no,cd8_t_cell,27720.000000,102838.000000,26.955017
sample08557,sbj2852,7,no,cd8_t_cell,23417.000000,101132.000000,23.154887
sample08560,sbj2853,7,no,cd8_t_cell,23603.000000,91733.000000,25.730108
sample08590,sbj2863,7,no,cd8_t_cell,19405.000000,92492.000000,20.980193
sample08638,sbj2879,7,no,cd8_t_cell,25181.000000,101737.000000,24.751074
sample08662,sbj2887,7,no,cd8_t_cell,28420.000000,89148.000000,31.879571
sample08665,sbj2888,7,no,cd8_t_cell,20867.000000,98481.000000,21.188859
sample08713,sbj2904,7,no,cd8_t_cell,26112.000000,96240.000000,27.132170
sample08731,sbj2910,7,no,cd8_t_cell,28562.000000,95080.000000,30.039966
sample08752,sbj2917,7,no,cd8_t_cell,25093.000000,107776.000000,23.282549
sample08764,sbj2921,7,no,cd8_t_cell,24287.000000,92494.000000,26.257919
sample08806,sbj2935,7,no,cd8_t_cell,21510.000000,103040.000000,20.875388
sample08875,sbj2958,7,no,cd8_t_cell,21652.000000,95037.000000,22.782706
sample08920,sbj2973,7,no,cd8_t_cell,29396.000000,101758.000000,28.888146
sample08953,sbj2984,7,no,cd8_t_cell,22293.000000,92258.000000,24.163758
sample08959,sbj2986,7,no,cd8_t_cell,26033.000000,90992.000000,28.610207
sample08968,sbj2989,7,no,cd8_t_cell,31625.000000,97306.000000,32.500565
sample08977,sbj2992,7,no,cd8_t_cell,29277.000000,98624.000000,29.685472
sample09004,sbj3001,7,no,cd8_t_cell,32328.000000,107876.000000,29.967741
sample09031,sbj3010,7,no,cd8_t_cell,21650.000000,91958.000000,23.543357
sample09037,sbj3012,7,no,cd8_t_cell,27865.000000,89384.000000,31.174483
sample09040,sbj3013,7,no,cd8_t_cell,23474.000000,108345.000000,21.665974
sample09049,sbj3016,7,no,cd8_t_cell,32963.000000,107439.000000,30.680665
sample09061,sbj3020,7,no,cd8_t_cell,28626.000000,102124.000000,28.030629
sample09067,sbj3022,7,no,cd8_t_cell,24397.000000,95054.000000,25.666463
sample09151,sbj3050,7,no,cd8_t_cell,24446.000000,96085.000000,25.442057
sample09160,sbj3053,7,no,cd8_t_cell,26217.000000,108090.000000,24.254788
sample09184,sbj3061,7,no,cd8_t_cell,23273.000000,94743.000000,24.564348
sample09214,sbj3071,7,no,cd8_t_cell,27618.000000,98687.000000,27.985449
sample09247,sbj3082,7,no,cd8_t_cell,18204.000000,103596.000000,17.572107
sample09250,sbj3083,7,no,cd8_t_cell,33227.000000,106607.000000,31.167747
sample09289,sbj3096,7,no,cd8_t_cell,34408.000000,111141.000000,30.958872
sample09295,sbj3098,7,no,cd8_t_cell,24164.000000,101776.000000,23.742336
sample09304,sbj3101,7,no,cd8_t_cell,25661.000000,101122.000000,25.376278
sample09355,sbj3118,7,no,cd8_t_cell,32466.000000,93474.000000,34.732653
sample09364,sbj3121,7,no,cd8_t_cell,16732.000000,93421.000000,17.910320
sample09379,sbj3126,7,no,cd8_t_cell,20572.000000,98872.000000,20.806700
sample09385,sbj3128,7,no,cd8_t_cell,26551.000000,107634.000000,24.667856
sample09388,sbj3129,7,no,cd8_t_cell,26783.000000,103563.000000,25.861553
sample09415,sbj3138,7,no,cd8_t_cell,24945.000000,108376.000000,23.017089
sample09421,sbj3140,7,no,cd8_t_cell,18222.000000,95799.000000,19.021075
sample09430,sbj3143,7,no,cd8_t_cell,23756.000000,96628.000000,24.585006
sample09433,sbj3144,7,no,cd8_t_cell,21125.000000,96915.000000,21.797451
sample09478,sbj3159,7,no,cd8_t_cell,23618.000000,96193.000000,24.552722
sample09484,sbj3161,7,no,cd8_t_cell,31690.000000,104821.000000,30.232492
sample09493,sbj3164,7,no,cd8_t_cell,25716.000000,92409.000000,27.828458
sample09556,sbj3185,7,no,cd8_t_cell,22438.000000,90501.000000,24.793096
sample09568,sbj3189,7,no,cd8_t_cell,25800.000000,105346.000000,24.490726
sample09586,sbj3195,7,no,cd8_t_cell,22609.000000,104544.000000,21.626301
sample09589,sbj3196,7,no,cd8_t_cell,19521.000000,91534.000000,21.326502
sample09628,sbj3209,7,no,cd8_t_cell,20640.000000,97655.000000,21.135631
sample09658,sbj3219,7,no,cd8_t_cell,31469.000000,105886.000000,29.719699
sample09673,sbj3224,7,no,cd8_t_cell,27492.000000,104624.000000,26.276954
sample09745,sbj3248,7,no,cd8_t_cell,26062.000000,91882.000000,28.364642
sample09757,sbj3252,7,no,cd8_t_cell,25200.000000,93793.000000,26.867677
sample09763,sbj3254,7,no,cd8_t_cell,30766.000000,110474.000000,27.849087
sample09814,sbj3271,7,no,cd8_t_cell,18640.000000,90458.000000,20.606248
sample09817,sbj3272,7,no,cd8_t_cell,32117.000000,102117.000000,31.451179
sample09871,sbj3290,7,no,cd8_t_cell,20225.000000,92318.000000,21.907970
sample09874,sbj3291,7,no,cd8_t_cell,21629.000000,99611.000000,21.713465
sample09895,sbj3298,7,no,cd8_t_cell,22434.000000,93620.000000,23.962828
sample09901,sbj3300,7,no,cd8_t_cell,31626.000000,103439.000000,30.574542
sample09904,sbj3301,7,no,cd8_t_cell,26650.000000,99947.000000,26.664132
sample09913,sbj3304,7,no,cd8_t_cell,26012.000000,107765.000000,24.137707
sample09919,sbj3306,7,no,cd8_t_cell,25537.000000,103980.000000,24.559531
sample09988,sbj3329,7,no,cd8_t_cell,24404.000000,95097.000000,25.662219
sample10000,sbj3333,7,no,cd8_t_cell,22455.000000,90086.000000,24.926182
sample10069,sbj3356,7,no,cd8_t_cell,26487.000000,105011.000000,25.223072
sample10090,sbj3363,7,no,cd8_t_cell,28832.000000,102953.000000,28.005012
sample10192,sbj3397,7,no,cd8_t_cell,16505.000000,92809.000000,17.783836
sample10231,sbj3410,7,no,cd8_t_cell,24484.000000,105117.000000,23.292141
sample10252,sbj3417,7,no,cd8_t_cell,27962.000000,106631.000000,26.223143
sample10267,sbj3422,7,no,cd8_t_cell,23289.000000,91719.000000,25.391685
sample10306,sbj3435,7,no,cd8_t_cell,30040.000000,95490.000000,31.458791
sample10321,sbj3440,7,no,cd8_t_cell,29360.000000,101600.000000,28.897638
sample10396,sbj3465,7,no,cd8_t_cell,24741.000000,102886.000000,24.047003
sample10417,sbj3472,7,no,cd8_t_cell,16687.000000,95989.000000,17.384284
sample10456,sbj3485,7,no,cd8_t_cell,25944.000000,90187.000000,28.766895
sample10471,sbj3490,7,no,cd8_t_cell,23757.000000,104288.000000,22.780186
sample10474,sbj3491,7,no,cd8_t_cell,28412.000000,108601.000000,26.161822
sample00025,sbj008,7,yes,cd8_t_cell,21407.000000,95534.000000,22.407729
sample00061,sbj020,7,yes,cd8_t_cell,34867.000000,111970.000000,31.139591
sample00067,sbj022,7,yes,cd8_t_cell,24116.000000,107589.000000,22.414931
sample00076,sbj025,7,yes,cd8_t_cell,23764.000000,110097.000000,21.584603
sample00142,sbj047,7,yes,cd8_t_cell,26865.000000,98991.000000,27.138831
sample00166,sbj055,7,yes,cd8_t_cell,21433.000000,111770.000000,19.175986
sample00169,sbj056,7,yes,cd8_t_cell,23215.000000,93829.000000,24.741818
sample00262,sbj087,7,yes,cd8_t_cell,26686.000000,99327.000000,26.866814
sample00325,sbj1007,7,yes,cd8_t_cell,25662.000000,102479.000000,25.041228
sample00328,sbj1008,7,yes,cd8_t_cell,24900.000000,96267.000000,25.865561
sample00334,sbj101,7,yes,cd8_t_cell,16142.000000,101241.000000,15.944133
sample00370,sbj1020,7,yes,cd8_t_cell,24908.000000,103267.000000,24.120000
sample00379,sbj1023,7,yes,cd8_t_cell,31779.000000,105343.000000,30.167168
sample00427,sbj1038,7,yes,cd8_t_cell,25957.000000,93526.000000,27.753780
sample00448,sbj1044,7,yes,cd8_t_cell,24450.000000,105500.000000,23.175355
sample00484,sbj1055,7,yes,cd8_t_cell,28231.000000,110072.000000,25.647758
sample00499,sbj106,7,yes,cd8_t_cell,21993.000000,92534.000000,23.767480
sample00511,sbj1063,7,yes,cd8_t_cell,19982.000000,94245.000000,21.202186
sample00538,sbj1071,7,yes,cd8_t_cell,18650.000000,101454.000000,18.382715
sample00544,sbj1073,7,yes,cd8_t_cell,26478.000000,97090.000000,27.271604
sample00556,sbj1077,7,yes,cd8_t_cell,27680.000000,104133.000000,26.581391
sample00565,sbj108,7,yes,cd8_t_cell,22857.000000,99540.000000,22.962628
sample00622,sbj1097,7,yes,cd8_t_cell,35571.000000,102226.000000,34.796431
sample00631,sbj110,7,yes,cd8_t_cell,26440.000000,98726.000000,26.781192
sample00661,sbj1109,7,yes,cd8_t_cell,19541.000000,108531.000000,18.004994
sample00676,sbj1113,7,yes,cd8_t_cell,29897.000000,108101.000000,27.656543
sample00715,sbj1125,7,yes,cd8_t_cell,30431.000000,109846.000000,27.703330
sample00754,sbj1137,7,yes,cd8_t_cell,25494.000000,109186.000000,23.349147
sample00826,sbj1159,7,yes,cd8_t_cell,22635.000000,102757.000000,22.027696
sample00841,sbj1163,7,yes,cd8_t_cell,17515.000000,108096.000000,16.203190
sample00862,sbj117,7,yes,cd8_t_cell,21828.000000,102166.000000,21.365229
sample00874,sbj1173,7,yes,cd8_t_cell,32298.000000,101456.000000,31.834490
sample00877,sbj1174,7,yes,cd8_t_cell,23275.000000,110270.000000,21.107282
sample00889,sbj1178,7,yes,cd8_t_cell,23497.000000,97987.000000,23.979712
sample00895,sbj118,7,yes,cd8_t_cell,23358.000000,103080.000000,22.660070
sample00913,sbj1185,7,yes,cd8_t_cell,18986.000000,93715.000000,20.259297
sample00916,sbj1186,7,yes,cd8_t_cell,23321.000000,104310.000000,22.357396
sample00940,sbj1193,7,yes,cd8_t_cell,21905.000000,101349.000000,21.613435
sample01009,sbj1214,7,yes,cd8_t_cell,24788.000000,92039.000000,26.932061
sample01018,sbj1217,7,yes,cd8_t_cell,25979.000000,111048.000000,23.394388
sample01069,sbj1232,7,yes,cd8_t_cell,30953.000000,108278.000000,28.586601
sample01075,sbj1234,7,yes,cd8_t_cell,21995.000000,105517.000000,20.844982
sample01081,sbj1236,7,yes,cd8_t_cell,30277.000000,102676.000000,29.487904
sample01093,sbj124,7,yes,cd8_t_cell,31335.000000,112595.000000,27.829833
sample01105,sbj1243,7,yes,cd8_t_cell,21189.000000,109818.000000,19.294651
sample01129,sbj1250,7,yes,cd8_t_cell,22584.000000,92988.000000,24.287005
sample01171,sbj1263,7,yes,cd8_t_cell,22890.000000,95844.000000,23.882559
sample01246,sbj1286,7,yes,cd8_t_cell,29224.000000,106441.000000,27.455586
sample01249,sbj1287,7,yes,cd8_t_cell,14037.000000,93814.000000,14.962586
sample01261,sbj1290,7,yes,cd8_t_cell,24290.000000,104505.000000,23.242907
sample01267,sbj1292,7,yes,cd8_t_cell,23253.000000,97482.000000,23.853635
sample01285,sbj1298,7,yes,cd8_t_cell,25604.000000,93609.000000,27.352071
sample01312,sbj1306,7,yes,cd8_t_cell,19433.000000,98679.000000,19.693146
sample01327,sbj1310,7,yes,cd8_t_cell,29629.000000,111383.000000,26.601007
sample01330,sbj1311,7,yes,cd8_t_cell,21730.000000,94424.000000,23.013217
sample01333,sbj1312,7,yes,cd8_t_cell,39386.000000,102246.000000,38.520822
sample01360,sbj1320,7,yes,cd8_t_cell,27839.000000,101085.000000,27.540189
sample01378,sbj1326,7,yes,cd8_t_cell,24206.000000,102603.000000,23.591903
sample01420,sbj1339,7,yes,cd8_t_cell,29834.000000,99012.000000,30.131701
sample01423,sbj134,7,yes,cd8_t_cell,15816.000000,102034.000000,15.500715
sample01441,sbj1345,7,yes,cd8_t_cell,25214.000000,107429.000000,23.470385
sample01459,sbj1350,7,yes,cd8_t_cell,18378.000000,94813.000000,19.383418
sample01492,sbj1360,7,yes,cd8_t_cell,17224.000000,94139.000000,18.296349
sample01498,sbj1362,7,yes,cd8_t_cell,32998.000000,106981.000000,30.844729
sample01534,sbj1373,7,yes,cd8_t_cell,24800.000000,112535.000000,22.037588
sample01537,sbj1374,7,yes,cd8_t_cell,21549.000000,92741.000000,23.235678
sample01546,sbj1377,7,yes,cd8_t_cell,32391.000000,102056.000000,31.738457
sample01603,sbj1394,7,yes,cd8_t_cell,27991.000000,100160.000000,27.946286
sample01621,sbj140,7,yes,cd8_t_cell,27312.000000,91716.000000,29.778883
sample01636,sbj1404,7,yes,cd8_t_cell,24121.000000,103079.000000,23.400499
sample01639,sbj1405,7,yes,cd8_t_cell,33289.000000,106542.000000,31.244955
sample01666,sbj1413,7,yes,cd8_t_cell,34989.000000,107196.000000,32.640210
sample01684,sbj1419,7,yes,cd8_t_cell,29657.000000,114684.000000,25.859754
sample01693,sbj1421,7,yes,cd8_t_cell,18700.000000,93232.000000,20.057491
sample01720,sbj143,7,yes,cd8_t_cell,17481.000000,92872.000000,18.822681
sample01729,sbj1432,7,yes,cd8_t_cell,31067.000000,106099.000000,29.281143
sample01756,sbj1440,7,yes,cd8_t_cell,29950.000000,112168.000000,26.701020
sample01786,sbj145,7,yes,cd8_t_cell,22967.000000,99447.000000,23.094714
sample01816,sbj1459,7,yes,cd8_t_cell,31885.000000,107508.000000,29.658258
sample01825,sbj1461,7,yes,cd8_t_cell,23153.000000,106192.000000,21.802961
sample01831,sbj1463,7,yes,cd8_t_cell,29511.000000,104882.000000,28.137335
sample01834,sbj1464,7,yes,cd8_t_cell,22437.000000,102909.000000,21.802758
sample01882,sbj1479,7,yes,cd8_t_cell,19133.000000,94313.000000,20.286705
sample01900,sbj1484,7,yes,cd8_t_cell,29666.000000,103457.000000,28.674715
sample01963,sbj154,7,yes,cd8_t_cell,19387.000000,98479.000000,19.686431
sample02038,sbj179,7,yes,cd8_t_cell,23803.000000,103411.000000,23.017861
sample02056,sbj185,7,yes,cd8_t_cell,26738.000000,102357.000000,26.122297
sample02065,sbj188,7,yes,cd8_t_cell,20035.000000,102584.000000,19.530336
sample02179,sbj226,7,yes,cd8_t_cell,17853.000000,103084.000000,17.318886
sample02197,sbj232,7,yes,cd8_t_cell,25315.000000,95055.000000,26.631950
sample02236,sbj245,7,yes,cd8_t_cell,31356.000000,101099.000000,31.015144
sample02245,sbj248,7,yes,cd8_t_cell,23358.000000,107812.000000,21.665492
sample02263,sbj254,7,yes,cd8_t_cell,27429.000000,97807.000000,28.044005
sample02341,sbj280,7,yes,cd8_t_cell,20478.000000,97105.000000,21.088512
sample02389,sbj296,7,yes,cd8_t_cell,22266.000000,108973.000000,20.432584
sample02440,sbj313,7,yes,cd8_t_cell,31241.000000,103872.000000,30.076440
sample02455,sbj318,7,yes,cd8_t_cell,24231.000000,92481.000000,26.201058
sample02467,sbj322,7,yes,cd8_t_cell,25983.000000,111457.000000,23.312129
sample02482,sbj327,7,yes,cd8_t_cell,26823.000000,103424.000000,25.934986
sample02491,sbj330,7,yes,cd8_t_cell,21972.000000,97627.000000,22.506069
sample02500,sbj333,7,yes,cd8_t_cell,22283.000000,95981.000000,23.216053
sample02518,sbj339,7,yes,cd8_t_cell,27235.000000,98934.000000,27.528453
sample02563,sbj354,7,yes,cd8_t_cell,28359.000000,103780.000000,27.326074
sample02575,sbj358,7,yes,cd8_t_cell,25633.000000,99095.000000,25.867097
sample02587,sbj362,7,yes,cd8_t_cell,29686.000000,96621.000000,30.724170
sample02590,sbj363,7,yes,cd8_t_cell,39141.000000,109595.000000,35.714221
sample02626,sbj375,7,yes,cd8_t_cell,25753.000000,111950.000000,23.004020
sample02641,sbj380,7,yes,cd8_t_cell,30969.000000,110166.000000,28.111214
sample02656,sbj385,7,yes,cd8_t_cell,25860.000000,102647.000000,25.193138
sample02674,sbj391,7,yes,cd8_t_cell,20755.000000,105240.000000,19.721589
sample02737,sbj412,7,yes,cd8_t_cell,24365.000000,103407.000000,23.562235
sample02755,sbj418,7,yes,cd8_t_cell,26752.000000,106285.000000,25.170062
sample02761,sbj420,7,yes,cd8_t_cell,20097.000000,107008.000000,18.780839
sample02767,sbj422,7,yes,cd8_t_cell,20913.000000,93215.000000,22.435230
sample02773,sbj424,7,yes,cd8_t_cell,18775.000000,108125.000000,17.364162
sample02782,sbj427,7,yes,cd8_t_cell,26488.000000,111029.000000,23.856830
sample02809,sbj436,7,yes,cd8_t_cell,22654.000000,101913.000000,22.228764
sample02824,sbj441,7,yes,cd8_t_cell,26427.000000,92506.000000,28.567877
sample02839,sbj446,7,yes,cd8_t_cell,21847.000000,106721.000000,20.471135
sample02848,sbj449,7,yes,cd8_t_cell,20878.000000,104049.000000,20.065546
sample02857,sbj452,7,yes,cd8_t_cell,31728.000000,108675.000000,29.195307
sample02875,sbj458,7,yes,cd8_t_cell,32731.000000,93275.000000,35.090860
sample02911,sbj470,7,yes,cd8_t_cell,24903.000000,109792.000000,22.681980
sample02917,sbj472,7,yes,cd8_t_cell,18038.000000,98090.000000,18.389234
sample02926,sbj475,7,yes,cd8_t_cell,32631.000000,110271.000000,29.591642
sample02929,sbj476,7,yes,cd8_t_cell,29581.000000,96572.000000,30.631032
sample02977,sbj492,7,yes,cd8_t_cell,20659.000000,98494.000000,20.974882
sample02992,sbj497,7,yes,cd8_t_cell,26893.000000,95778.000000,28.078473
sample02998,sbj499,7,yes,cd8_t_cell,32356.000000,101672.000000,31.823904
sample03001,sbj500,7,yes,cd8_t_cell,23294.000000,93364.000000,24.949659
sample03022,sbj507,7,yes,cd8_t_cell,24383.000000,98186.000000,24.833479
sample03025,sbj508,7,yes,cd8_t_cell,29367.000000,102668.000000,28.603849
sample03040,sbj513,7,yes,cd8_t_cell,16693.000000,96300.000000,17.334372
sample03067,sbj522,7,yes,cd8_t_cell,20751.000000,111291.000000,18.645713
sample03094,sbj531,7,yes,cd8_t_cell,27734.000000,101671.000000,27.278182
sample03121,sbj540,7,yes,cd8_t_cell,32948.000000,96253.000000,34.230621
sample03160,sbj553,7,yes,cd8_t_cell,30908.000000,111173.000000,27.801714
sample03184,sbj561,7,yes,cd8_t_cell,26093.000000,105655.000000,24.696418
sample03196,sbj565,7,yes,cd8_t_cell,22314.000000,96456.000000,23.133864
sample03247,sbj582,7,yes,cd8_t_cell,22029.000000,108682.000000,20.269226
sample03265,sbj588,7,yes,cd8_t_cell,22998.000000,103162.000000,22.293092
sample03268,sbj589,7,yes,cd8_t_cell,30720.000000,93984.000000,32.686415
sample03274,sbj591,7,yes,cd8_t_cell,28634.000000,110862.000000,25.828508
sample03286,sbj595,7,yes,cd8_t_cell,24711.000000,96477.000000,25.613359
sample03298,sbj599,7,yes,cd8_t_cell,40034.000000,100456.000000,39.852274
sample03304,sbj601,7,yes,cd8_t_cell,23801.000000,99353.000000,23.955995
sample03376,sbj625,7,yes,cd8_t_cell,25045.000000,100646.000000,24.884248
sample03382,sbj627,7,yes,cd8_t_cell,23798.000000,96622.000000,24.630001
sample03406,sbj635,7,yes,cd8_t_cell,18300.000000,96299.000000,19.003313
sample03454,sbj651,7,yes,cd8_t_cell,28601.000000,110461.000000,25.892396
sample03466,sbj655,7,yes,cd8_t_cell,34587.000000,104121.000000,33.218083
sample03487,sbj662,7,yes,cd8_t_cell,27550.000000,93190.000000,29.563258
sample03493,sbj664,7,yes,cd8_t_cell,25057.000000,109921.000000,22.795462
sample03532,sbj677,7,yes,cd8_t_cell,17756.000000,92562.000000,19.182818
sample03577,sbj692,7,yes,cd8_t_cell,15835.000000,103316.000000,15.326764
sample03589,sbj696,7,yes,cd8_t_cell,31219.000000,96146.000000,32.470410
sample03592,sbj697,7,yes,cd8_t_cell,27532.000000,98624.000000,27.916126
sample03622,sbj707,7,yes,cd8_t_cell,28143.000000,95897.000000,29.347112
sample03625,sbj708,7,yes,cd8_t_cell,21629.000000,97116.000000,22.271304
sample03748,sbj749,7,yes,cd8_t_cell,21289.000000,102107.000000,20.849697
sample03766,sbj755,7,yes,cd8_t_cell,26056.000000,102228.000000,25.488125
sample03790,sbj763,7,yes,cd8_t_cell,27470.000000,97521.000000,28.168292
sample03805,sbj768,7,yes,cd8_t_cell,32378.000000,104784.000000,30.899756
sample03820,sbj773,7,yes,cd8_t_cell,13636.000000,111228.000000,12.259503
sample03847,sbj782,7,yes,cd8_t_cell,25396.000000,97940.000000,25.930161
sample03853,sbj784,7,yes,cd8_t_cell,27444.000000,96680.000000,28.386429
sample03862,sbj787,7,yes,cd8_t_cell,21857.000000,105428.000000,20.731684
sample03886,sbj795,7,yes,cd8_t_cell,29286.000000,99420.000000,29.456850
sample03937,sbj812,7,yes,cd8_t_cell,25248.000000,114634.000000,22.024879
sample03943,sbj814,7,yes,cd8_t_cell,29295.000000,107899.000000,27.150391
sample03952,sbj817,7,yes,cd8_t_cell,27915.000000,95617.000000,29.194599
sample03964,sbj821,7,yes,cd8_t_cell,25877.000000,107120.000000,24.157020
sample03982,sbj827,7,yes,cd8_t_cell,33033.000000,111070.000000,29.740704
sample04015,sbj838,7,yes,cd8_t_cell,25837.000000,100823.000000,25.626097
sample04036,sbj845,7,yes,cd8_t_cell,24920.000000,104305.000000,23.891472
sample04048,sbj849,7,yes,cd8_t_cell,29748.000000,98959.000000,30.060934
sample04069,sbj856,7,yes,cd8_t_cell,26892.000000,91511.000000,29.386631
sample04129,sbj876,7,yes,cd8_t_cell,25398.000000,101874.000000,24.930797
sample04156,sbj885,7,yes,cd8_t_cell,21727.000000,98431.000000,22.073331
sample04171,sbj890,7,yes,cd8_t_cell,22509.000000,108758.000000,20.696409
sample04174,sbj891,7,yes,cd8_t_cell,22216.000000,101514.000000,21.884666
sample04189,sbj896,7,yes,cd8_t_cell,30333.000000,97436.000000,31.131204
sample04204,sbj901,7,yes,cd8_t_cell,37178.000000,103405.000000,35.953774
sample04225,sbj908,7,yes,cd8_t_cell,31192.000000,111672.000000,27.931800
sample04267,sbj922,7,yes,cd8_t_cell,27955.000000,93457.000000,29.912152
sample04285,sbj928,7,yes,cd8_t_cell,28526.000000,95740.000000,29.795279
sample04294,sbj931,7,yes,cd8_t_cell,24232.000000,106115.000000,22.835603
sample04297,sbj932,7,yes,cd8_t_cell,12494.000000,100012.000000,12.492501
sample04303,sbj934,7,yes,cd8_t_cell,28493.000000,109237.000000,26.083653
sample04348,sbj949,7,yes,cd8_t_cell,22940.000000,109764.000000,20.899384
sample04369,sbj956,7,yes,cd8_t_cell,28305.000000,100102.000000,28.276158
sample04378,sbj959,7,yes,cd8_t_cell,22785.000000,106225.000000,21.449753
sample04435,sbj978,7,yes,cd8_t_cell,20320.000000,92131.000000,22.055551
sample04462,sbj987,7,yes,cd8_t_cell,16414.000000,102811.000000,15.965218
sample04492,sbj997,7,yes,cd8_t_cell,30108.000000,104323.000000,28.860366
sample07507,sbj2502,7,yes,cd8_t_cell,28301.000000,107946.000000,26.217738
sample07528,sbj2509,7,yes,cd8_t_cell,22946.000000,92159.000000,24.898274
sample07552,sbj2517,7,yes,cd8_t_cell,31233.000000,100899.000000,30.954717
sample07561,sbj2520,7,yes,cd8_t_cell,29199.000000,95194.000000,30.673152
sample07576,sbj2525,7,yes,cd8_t_cell,22644.000000,94975.000000,23.842064
sample07588,sbj2529,7,yes,cd8_t_cell,32230.000000,102202.000000,31.535586
sample07594,sbj2531,7,yes,cd8_t_cell,18923.000000,111131.000000,17.027652
sample07615,sbj2538,7,yes,cd8_t_cell,15981.000000,98534.000000,16.218767
sample07648,sbj2549,7,yes,cd8_t_cell,27325.000000,108878.000000,25.096897
sample07666,sbj2555,7,yes,cd8_t_cell,33328.000000,100105.000000,33.293042
sample07726,sbj2575,7,yes,cd8_t_cell,23793.000000,92686.000000,25.670544
sample07762,sbj2587,7,yes,cd8_t_cell,28345.000000,98342.000000,28.822883
sample07801,sbj2600,7,yes,cd8_t_cell,27010.000000,111051.000000,24.322158
sample07822,sbj2607,7,yes,cd8_t_cell,18522.000000,112050.000000,16.530120
sample07825,sbj2608,7,yes,cd8_t_cell,36149.000000,108040.000000,33.458904
sample07828,sbj2609,7,yes,cd8_t_cell,11996.000000,94880.000000,12.643339
sample07837,sbj2612,7,yes,cd8_t_cell,32642.000000,109061.000000,29.930039
sample07906,sbj2635,7,yes,cd8_t_cell,24337.000000,92112.000000,26.421096
sample07969,sbj2656,7,yes,cd8_t_cell,26930.000000,108151.000000,24.900371
sample08041,sbj2680,7,yes,cd8_t_cell,17089.000000,94887.000000,18.009843
sample08056,sbj2685,7,yes,cd8_t_cell,21960.000000,104366.000000,21.041335
sample08086,sbj2695,7,yes,cd8_t_cell,20156.000000,97692.000000,20.632191
sample08122,sbj2707,7,yes,cd8_t_cell,18563.000000,108753.000000,17.068954
sample08128,sbj2709,7,yes,cd8_t_cell,27722.000000,107342.000000,25.825865
sample08152,sbj2717,7,yes,cd8_t_cell,28673.000000,97016.000000,29.554919
sample08167,sbj2722,7,yes,cd8_t_cell,23583.000000,99748.000000,23.642579
sample08179,sbj2726,7,yes,cd8_t_cell,19796.000000,100053.000000,19.785514
sample08200,sbj2733,7,yes,cd8_t_cell,28817.000000,99194.000000,29.051152
sample08248,sbj2749,7,yes,cd8_t_cell,19568.000000,113034.000000,17.311605
sample08275,sbj2758,7,yes,cd8_t_cell,18953.000000,108370.000000,17.489158
sample08290,sbj2763,7,yes,cd8_t_cell,20899.000000,108390.000000,19.281299
sample08299,sbj2766,7,yes,cd8_t_cell,32610.000000,103180.000000,31.604962
sample08329,sbj2776,7,yes,cd8_t_cell,27935.000000,98209.000000,28.444440
sample08338,sbj2779,7,yes,cd8_t_cell,30058.000000,105172.000000,28.579850
sample08350,sbj2783,7,yes,cd8_t_cell,33297.000000,106719.000000,31.200630
sample08353,sbj2784,7,yes,cd8_t_cell,22875.000000,104199.000000,21.953186
sample08362,sbj2787,7,yes,cd8_t_cell,24287.000000,93763.000000,25.902542
sample08389,sbj2796,7,yes,cd8_t_cell,20979.000000,97458.000000,21.526196
sample08404,sbj2801,7,yes,cd8_t_cell,20847.000000,108854.000000,19.151340
sample08443,sbj2814,7,yes,cd8_t_cell,22649.000000,97703.000000,23.181479
sample08467,sbj2822,7,yes,cd8_t_cell,22988.000000,111229.000000,20.667272
sample08482,sbj2827,7,yes,cd8_t_cell,16563.000000,101138.000000,16.376634
sample08569,sbj2856,7,yes,cd8_t_cell,17518.000000,93615.000000,18.712813
sample08584,sbj2861,7,yes,cd8_t_cell,19587.000000,106148.000000,18.452538
sample08596,sbj2865,7,yes,cd8_t_cell,25037.000000,103126.000000,24.278068
sample08611,sbj2870,7,yes,cd8_t_cell,19685.000000,100438.000000,19.599156
sample08656,sbj2885,7,yes,cd8_t_cell,29442.000000,94968.000000,31.002022
sample08686,sbj2895,7,yes,cd8_t_cell,30529.000000,95662.000000,31.913403
sample08707,sbj2902,7,yes,cd8_t_cell,24774.000000,111418.000000,22.235186
sample08719,sbj2906,7,yes,cd8_t_cell,33661.000000,111055.000000,30.310207
sample08725,sbj2908,7,yes,cd8_t_cell,26628.000000,99077.000000,26.876066
sample08770,sbj2923,7,yes,cd8_t_cell,29144.000000,110594.000000,26.352243
sample08782,sbj2927,7,yes,cd8_t_cell,29909.000000,100678.000000,29.707583
sample08830,sbj2943,7,yes,cd8_t_cell,15696.000000,94804.000000,16.556263
sample08833,sbj2944,7,yes,cd8_t_cell,21774.000000,107545.000000,20.246408
sample08854,sbj2951,7,yes,cd8_t_cell,28771.000000,101717.000000,28.285341
sample08857,sbj2952,7,yes,cd8_t_cell,28775.000000,99437.000000,28.937920
sample08896,sbj2965,7,yes,cd8_t_cell,32808.000000,109131.000000,30.062952
sample08914,sbj2971,7,yes,cd8_t_cell,26049.000000,96247.000000,27.064740
sample08926,sbj2975,7,yes,cd8_t_cell,37700.000000,108390.000000,34.781806
sample08944,sbj2981,7,yes,cd8_t_cell,20308.000000,110650.000000,18.353366
sample08947,sbj2982,7,yes,cd8_t_cell,31527.000000,97596.000000,32.303578
sample08971,sbj2990,7,yes,cd8_t_cell,22638.000000,107640.000000,21.031215
sample08980,sbj2993,7,yes,cd8_t_cell,25121.000000,110208.000000,22.794171
sample09010,sbj3003,7,yes,cd8_t_cell,19654.000000,99596.000000,19.733724
sample09019,sbj3006,7,yes,cd8_t_cell,25955.000000,100640.000000,25.789944
sample09025,sbj3008,7,yes,cd8_t_cell,24056.000000,112281.000000,21.424818
sample09073,sbj3024,7,yes,cd8_t_cell,22840.000000,94604.000000,24.142742
sample09082,sbj3027,7,yes,cd8_t_cell,28603.000000,108958.000000,26.251400
sample09088,sbj3029,7,yes,cd8_t_cell,28838.000000,104496.000000,27.597229
sample09103,sbj3034,7,yes,cd8_t_cell,40214.000000,102032.000000,39.413125
sample09115,sbj3038,7,yes,cd8_t_cell,19678.000000,91608.000000,21.480657
sample09130,sbj3043,7,yes,cd8_t_cell,20626.000000,104361.000000,19.764088
sample09145,sbj3048,7,yes,cd8_t_cell,29343.000000,110832.000000,26.475206
sample09163,sbj3054,7,yes,cd8_t_cell,23791.000000,96134.000000,24.747748
sample09172,sbj3057,7,yes,cd8_t_cell,34760.000000,104129.000000,33.381671
sample09181,sbj3060,7,yes,cd8_t_cell,18148.000000,99077.000000,18.317067
sample09199,sbj3066,7,yes,cd8_t_cell,29151.000000,109152.000000,26.706794
sample09244,sbj3081,7,yes,cd8_t_cell,23349.000000,100297.000000,23.279859
sample09301,sbj3100,7,yes,cd8_t_cell,21745.000000,100742.000000,21.584840
sample09391,sbj3130,7,yes,cd8_t_cell,23988.000000,99463.000000,24.117511
sample09394,sbj3131,7,yes,cd8_t_cell,22620.000000,103393.000000,21.877690
sample09442,sbj3147,7,yes,cd8_t_cell,29493.000000,96139.000000,30.677457
sample09451,sbj3150,7,yes,cd8_t_cell,23127.000000,94610.000000,24.444562
sample09460,sbj3153,7,yes,cd8_t_cell,21855.000000,109712.000000,19.920337
sample09469,sbj3156,7,yes,cd8_t_cell,23114.000000,95479.000000,24.208465
sample09487,sbj3162,7,yes,cd8_t_cell,24509.000000,111011.000000,22.077992
sample09490,sbj3163,7,yes,cd8_t_cell,26415.000000,98337.000000,26.861710
sample09496,sbj3165,7,yes,cd8_t_cell,19661.000000,104305.000000,18.849528
sample09514,sbj3171,7,yes,cd8_t_cell,25584.000000,95827.000000,26.698112
sample09520,sbj3173,7,yes,cd8_t_cell,20792.000000,107737.000000,19.298848
sample09547,sbj3182,7,yes,cd8_t_cell,27983.000000,101128.000000,27.670873
sample09574,sbj3191,7,yes,cd8_t_cell,26818.000000,105477.000000,25.425448
sample09580,sbj3193,7,yes,cd8_t_cell,26265.000000,106412.000000,24.682367
sample09583,sbj3194,7,yes,cd8_t_cell,19550.000000,101131.000000,19.331362
sample09592,sbj3197,7,yes,cd8_t_cell,30334.000000,105694.000000,28.699832
sample09598,sbj3199,7,yes,cd8_t_cell,27549.000000,110552.000000,24.919495
sample09607,sbj3202,7,yes,cd8_t_cell,34806.000000,96647.000000,36.013534
sample09613,sbj3204,7,yes,cd8_t_cell,24975.000000,103557.000000,24.117153
sample09616,sbj3205,7,yes,cd8_t_cell,22197.000000,99819.000000,22.237249
sample09667,sbj3222,7,yes,cd8_t_cell,22604.000000,93043.000000,24.294144
sample09691,sbj3230,7,yes,cd8_t_cell,17870.000000,99626.000000,17.937085
sample09700,sbj3233,7,yes,cd8_t_cell,26922.000000,99627.000000,27.022795
sample09706,sbj3235,7,yes,cd8_t_cell,30282.000000,99892.000000,30.314740
sample09721,sbj3240,7,yes,cd8_t_cell,27721.000000,109722.000000,25.264760
sample09784,sbj3261,7,yes,cd8_t_cell,23399.000000,102119.000000,22.913464
sample09799,sbj3266,7,yes,cd8_t_cell,25181.000000,109966.000000,22.898896
sample09910,sbj3303,7,yes,cd8_t_cell,20442.000000,99140.000000,20.619326
sample09925,sbj3308,7,yes,cd8_t_cell,31565.000000,106395.000000,29.667748
sample09964,sbj3321,7,yes,cd8_t_cell,27620.000000,92128.000000,29.980028
sample09979,sbj3326,7,yes,cd8_t_cell,25918.000000,106823.000000,24.262565
sample09991,sbj3330,7,yes,cd8_t_cell,18541.000000,102387.000000,18.108744
sample09997,sbj3332,7,yes,cd8_t_cell,27361.000000,101919.000000,26.845829
sample10039,sbj3346,7,yes,cd8_t_cell,27534.000000,111785.000000,24.631212
sample10042,sbj3347,7,yes,cd8_t_cell,17848.000000,110154.000000,16.202771
sample10096,sbj3365,7,yes,cd8_t_cell,27175.000000,97594.000000,27.844949
sample10117,sbj3372,7,yes,cd8_t_cell,18207.000000,106328.000000,17.123429
sample10126,sbj3375,7,yes,cd8_t_cell,21382.000000,94075.000000,22.728674
sample10129,sbj3376,7,yes,cd8_t_cell,26704.000000,92853.000000,28.759437
sample10132,sbj3377,7,yes,cd8_t_cell,17066.000000,91988.000000,18.552420
sample10141,sbj3380,7,yes,cd8_t_cell,23064.000000,97447.000000,23.668250
sample10180,sbj3393,7,yes,cd8_t_cell,25385.000000,99472.000000,25.519744
sample10198,sbj3399,7,yes,cd8_t_cell,21555.000000,94381.000000,22.838283
sample10234,sbj3411,7,yes,cd8_t_cell,21328.000000,102742.000000,20.758794
sample10249,sbj3416,7,yes,cd8_t_cell,27291.000000,102677.000000,26.579468
sample10324,sbj3441,7,yes,cd8_t_cell,19177.000000,111020.000000,17.273464
sample10336,sbj3445,7,yes,cd8_t_cell,24568.000000,99249.000000,24.753902
sample10342,sbj3447,7,yes,cd8_t_cell,31796.000000,109127.000000,29.136694
sample10348,sbj3449,7,yes,cd8_t_cell,28669.000000,103438.000000,27.716120
sample10357,sbj3452,7,yes,cd8_t_cell,20540.000000,106364.000000,19.311045
sample10384,sbj3461,7,yes,cd8_t_cell,32898.000000,106259.000000,30.960201
sample10387,sbj3462,7,yes,cd8_t_cell,32070.000000,99257.000000,32.310064
sample10393,sbj3464,7,yes,cd8_t_cell,23631.000000,96482.000000,24.492651
sample10411,sbj3470,7,yes,cd8_t_cell,30849.000000,110055.000000,28.030530
sample10444,sbj3481,7,yes,cd8_t_cell,28095.000000,103861.000000,27.050577
sample10492,sbj3497,7,yes,cd8_t_cell,31616.000000,113095.000000,27.955259
sample00001,sbj000,7,no,monocyte,23011.000000,100824.000000,22.822939
sample00007,sbj002,7,no,monocyte,18031.000000,98424.000000,18.319719
sample00010,sbj003,7,no,monocyte,31913.000000,107537.000000,29.676297
sample00073,sbj024,7,no,monocyte,19567.000000,104898.000000,18.653359
sample00082,sbj027,7,no,monocyte,17682.000000,103389.000000,17.102400
sample00124,sbj041,7,no,monocyte,19553.000000,91040.000000,21.477373
sample00154,sbj051,7,no,monocyte,14743.000000,98244.000000,15.006514
sample00175,sbj058,7,no,monocyte,22975.000000,107707.000000,21.331018
sample00187,sbj062,7,no,monocyte,22047.000000,97273.000000,22.665077
sample00190,sbj063,7,no,monocyte,27256.000000,107702.000000,25.306865
sample00214,sbj071,7,no,monocyte,24990.000000,102152.000000,24.463545
sample00244,sbj081,7,no,monocyte,17047.000000,97287.000000,17.522382
sample00250,sbj083,7,no,monocyte,23617.000000,103559.000000,22.805357
sample00286,sbj095,7,no,monocyte,25843.000000,103894.000000,24.874391
sample00403,sbj1030,7,no,monocyte,25941.000000,104802.000000,24.752390
sample00412,sbj1033,7,no,monocyte,21356.000000,98963.000000,21.579782
sample00415,sbj1034,7,no,monocyte,27902.000000,106472.000000,26.205951
sample00436,sbj1040,7,no,monocyte,21660.000000,90324.000000,23.980337
sample00460,sbj1048,7,no,monocyte,19169.000000,101893.000000,18.812872
sample00466,sbj105,7,no,monocyte,21415.000000,99232.000000,21.580740
sample00472,sbj1051,7,no,monocyte,19745.000000,98089.000000,20.129678
sample00481,sbj1054,7,no,monocyte,18584.000000,102711.000000,18.093486
sample00493,sbj1058,7,no,monocyte,28058.000000,101317.000000,27.693280
sample00514,sbj1064,7,no,monocyte,9899.000000,95912.000000,10.320919
sample00517,sbj1065,7,no,monocyte,18551.000000,100185.000000,18.516744
sample00523,sbj1067,7,no,monocyte,22951.000000,97036.000000,23.652047
sample00535,sbj1070,7,no,monocyte,15000.000000,104896.000000,14.299878
sample00586,sbj1086,7,no,monocyte,21908.000000,97970.000000,22.361948
sample00589,sbj1087,7,no,monocyte,20006.000000,89545.000000,22.341839
sample00625,sbj1098,7,no,monocyte,19280.000000,95251.000000,20.241257
sample00640,sbj1102,7,no,monocyte,18918.000000,93280.000000,20.280875
sample00694,sbj1119,7,no,monocyte,28198.000000,104994.000000,26.856773
sample00697,sbj112,7,no,monocyte,19728.000000,97543.000000,20.224926
sample00718,sbj1126,7,no,monocyte,13444.000000,109920.000000,12.230713
sample00727,sbj1129,7,no,monocyte,22383.000000,90881.000000,24.628910
sample00757,sbj1138,7,no,monocyte,22082.000000,100190.000000,22.040124
sample00799,sbj1150,7,no,monocyte,17608.000000,106251.000000,16.572079
sample00808,sbj1153,7,no,monocyte,19700.000000,89890.000000,21.915675
sample00850,sbj1166,7,no,monocyte,18331.000000,101331.000000,18.090219
sample00868,sbj1171,7,no,monocyte,19165.000000,94267.000000,20.330550
sample00919,sbj1187,7,no,monocyte,14181.000000,91829.000000,15.442834
sample00967,sbj1201,7,no,monocyte,10994.000000,94282.000000,11.660762
sample00988,sbj1208,7,no,monocyte,21964.000000,104779.000000,20.962216
sample01012,sbj1215,7,no,monocyte,13864.000000,104388.000000,13.281220
sample01024,sbj1219,7,no,monocyte,21085.000000,100987.000000,20.878925
sample01042,sbj1224,7,no,monocyte,15797.000000,97518.000000,16.199061
sample01054,sbj1228,7,no,monocyte,16917.000000,88554.000000,19.103598
sample01063,sbj1230,7,no,monocyte,14902.000000,97268.000000,15.320558
sample01111,sbj1245,7,no,monocyte,14546.000000,96363.000000,15.095005
sample01135,sbj1252,7,no,monocyte,20632.000000,103817.000000,19.873431
sample01138,sbj1253,7,no,monocyte,18085.000000,90280.000000,20.032122
sample01144,sbj1255,7,no,monocyte,11963.000000,104632.000000,11.433405
sample01153,sbj1258,7,no,monocyte,16802.000000,97580.000000,17.218692
sample01162,sbj1260,7,no,monocyte,19091.000000,104496.000000,18.269599
sample01219,sbj1278,7,no,monocyte,16486.000000,98404.000000,16.753384
sample01228,sbj1280,7,no,monocyte,27334.000000,98579.000000,27.728015
sample01231,sbj1281,7,no,monocyte,15502.000000,92143.000000,16.823850
sample01243,sbj1285,7,no,monocyte,14428.000000,94742.000000,15.228726
sample01315,sbj1307,7,no,monocyte,24722.000000,106330.000000,23.250259
sample01345,sbj1316,7,no,monocyte,15924.000000,95834.000000,16.616232
sample01387,sbj1329,7,no,monocyte,23381.000000,101280.000000,23.085506
sample01396,sbj1331,7,no,monocyte,18713.000000,97473.000000,19.198137
sample01414,sbj1337,7,no,monocyte,24477.000000,91947.000000,26.620771
sample01432,sbj1342,7,no,monocyte,30828.000000,99842.000000,30.876785
sample01543,sbj1376,7,no,monocyte,25934.000000,98030.000000,26.455167
sample01555,sbj138,7,no,monocyte,14114.000000,102116.000000,13.821536
sample01588,sbj139,7,no,monocyte,29081.000000,105620.000000,27.533611
sample01612,sbj1397,7,no,monocyte,15143.000000,99916.000000,15.155731
sample01675,sbj1416,7,no,monocyte,15641.000000,91225.000000,17.145519
sample01681,sbj1418,7,no,monocyte,19130.000000,107066.000000,17.867484
sample01687,sbj142,7,no,monocyte,13898.000000,101578.000000,13.682097
sample01702,sbj1424,7,no,monocyte,21235.000000,105733.000000,20.083607
sample01723,sbj1430,7,no,monocyte,18169.000000,108032.000000,16.818165
sample01753,sbj144,7,no,monocyte,20229.000000,103066.000000,19.627229
sample01768,sbj1444,7,no,monocyte,23754.000000,101408.000000,23.424187
sample01804,sbj1455,7,no,monocyte,15766.000000,93139.000000,16.927388
sample01810,sbj1457,7,no,monocyte,22390.000000,109048.000000,20.532243
sample01813,sbj1458,7,no,monocyte,30827.000000,103589.000000,29.758951
sample01849,sbj1469,7,no,monocyte,15434.000000,97926.000000,15.760881
sample01867,sbj1474,7,no,monocyte,23306.000000,96340.000000,24.191405
sample01876,sbj1477,7,no,monocyte,19854.000000,101993.000000,19.466042
sample01885,sbj148,7,no,monocyte,13802.000000,93311.000000,14.791397
sample01894,sbj1482,7,no,monocyte,22757.000000,91447.000000,24.885453
sample01915,sbj1489,7,no,monocyte,13467.000000,109559.000000,12.292007
sample01927,sbj1492,7,no,monocyte,23220.000000,106368.000000,21.829874
sample01933,sbj1494,7,no,monocyte,18738.000000,94240.000000,19.883277
sample01969,sbj156,7,no,monocyte,18691.000000,90954.000000,20.549948
sample01987,sbj162,7,no,monocyte,25153.000000,107565.000000,23.384000
sample01993,sbj164,7,no,monocyte,21783.000000,100357.000000,21.705511
sample02011,sbj170,7,no,monocyte,25617.000000,96495.000000,26.547490
sample02017,sbj172,7,no,monocyte,17826.000000,102520.000000,17.387827
sample02041,sbj180,7,no,monocyte,22925.000000,93976.000000,24.394526
sample02047,sbj182,7,no,monocyte,18531.000000,93320.000000,19.857480
sample02062,sbj187,7,no,monocyte,15640.000000,84530.000000,18.502307
sample02110,sbj203,7,no,monocyte,20644.000000,89935.000000,22.954356
sample02149,sbj216,7,no,monocyte,13050.000000,96388.000000,13.539030
sample02170,sbj223,7,no,monocyte,23302.000000,101575.000000,22.940684
sample02206,sbj235,7,no,monocyte,23786.000000,105374.000000,22.572931
sample02215,sbj238,7,no,monocyte,18521.000000,105421.000000,17.568606
sample02233,sbj244,7,no,monocyte,16800.000000,97633.000000,17.207297
sample02254,sbj251,7,no,monocyte,18578.000000,90324.000000,20.568177
sample02287,sbj262,7,no,monocyte,25624.000000,103590.000000,24.735978
sample02290,sbj263,7,no,monocyte,22317.000000,95861.000000,23.280583
sample02320,sbj273,7,no,monocyte,18485.000000,106326.000000,17.385212
sample02335,sbj278,7,no,monocyte,21281.000000,94814.000000,22.444998
sample02356,sbj285,7,no,monocyte,29441.000000,104627.000000,28.139008
sample02365,sbj288,7,no,monocyte,15839.000000,92126.000000,17.192758
sample02413,sbj304,7,no,monocyte,22277.000000,90050.000000,24.738479
sample02431,sbj310,7,no,monocyte,19857.000000,108736.000000,18.261661
sample02437,sbj312,7,no,monocyte,20787.000000,95522.000000,21.761479
sample02479,sbj326,7,no,monocyte,16636.000000,90381.000000,18.406523
sample02542,sbj347,7,no,monocyte,21850.000000,104032.000000,21.003153
sample02584,sbj361,7,no,monocyte,15662.000000,94002.000000,16.661348
sample02593,sbj364,7,no,monocyte,21720.000000,103176.000000,21.051407
sample02620,sbj373,7,no,monocyte,28113.000000,106958.000000,26.284149
sample02647,sbj382,7,no,monocyte,18732.000000,96996.000000,19.312137
sample02662,sbj387,7,no,monocyte,20373.000000,91765.000000,22.201275
sample02665,sbj388,7,no,monocyte,20593.000000,92723.000000,22.209161
sample02668,sbj389,7,no,monocyte,17884.000000,90039.000000,19.862504
sample02683,sbj394,7,no,monocyte,24898.000000,96098.000000,25.908968
sample02701,sbj400,7,no,monocyte,28368.000000,108275.000000,26.199954
sample02707,sbj402,7,no,monocyte,25867.000000,96394.000000,26.834658
sample02719,sbj406,7,no,monocyte,21205.000000,106129.000000,19.980401
sample02743,sbj414,7,no,monocyte,19506.000000,96458.000000,20.222273
sample02776,sbj425,7,no,monocyte,20564.000000,98069.000000,20.968910
sample02800,sbj433,7,no,monocyte,17191.000000,104863.000000,16.393771
sample02812,sbj437,7,no,monocyte,24873.000000,97219.000000,25.584505
sample02830,sbj443,7,no,monocyte,20514.000000,104310.000000,19.666379
sample02887,sbj462,7,no,monocyte,22642.000000,96314.000000,23.508524
sample02890,sbj463,7,no,monocyte,20923.000000,105908.000000,19.755826
sample02902,sbj467,7,no,monocyte,14471.000000,95611.000000,15.135288
sample02962,sbj487,7,no,monocyte,15806.000000,106937.000000,14.780665
sample02971,sbj490,7,no,monocyte,17244.000000,91716.000000,18.801518
sample03007,sbj502,7,no,monocyte,25181.000000,101602.000000,24.783961
sample03031,sbj510,7,no,monocyte,22676.000000,104706.000000,21.656830
sample03052,sbj517,7,no,monocyte,20014.000000,98858.000000,20.245200
sample03097,sbj532,7,no,monocyte,19066.000000,95349.000000,19.996015
sample03109,sbj536,7,no,monocyte,17280.000000,94419.000000,18.301401
sample03133,sbj544,7,no,monocyte,16848.000000,95973.000000,17.554937
sample03187,sbj562,7,no,monocyte,17359.000000,104464.000000,16.617208
sample03199,sbj566,7,no,monocyte,14132.000000,88236.000000,16.016139
sample03214,sbj571,7,no,monocyte,16362.000000,102545.000000,15.955922
sample03253,sbj584,7,no,monocyte,21739.000000,107739.000000,20.177466
sample03259,sbj586,7,no,monocyte,20036.000000,102565.000000,19.534929
sample03319,sbj606,7,no,monocyte,25723.000000,98064.000000,26.230829
sample03322,sbj607,7,no,monocyte,17853.000000,89278.000000,19.997088
sample03334,sbj611,7,no,monocyte,17869.000000,112131.000000,15.935825
sample03364,sbj621,7,no,monocyte,15970.000000,94541.000000,16.892142
sample03385,sbj628,7,no,monocyte,32914.000000,107308.000000,30.672457
sample03391,sbj630,7,no,monocyte,19626.000000,102547.000000,19.138541
sample03403,sbj634,7,no,monocyte,18017.000000,101005.000000,17.837731
sample03415,sbj638,7,no,monocyte,21669.000000,101306.000000,21.389651
sample03421,sbj640,7,no,monocyte,17988.000000,103617.000000,17.360086
sample03433,sbj644,7,no,monocyte,17368.000000,107729.000000,16.121936
sample03475,sbj658,7,no,monocyte,27052.000000,102867.000000,26.298035
sample03490,sbj663,7,no,monocyte,16833.000000,94186.000000,17.872083
sample03553,sbj684,7,no,monocyte,23726.000000,109484.000000,21.670746
sample03580,sbj693,7,no,monocyte,18584.000000,106786.000000,17.403030
sample03616,sbj705,7,no,monocyte,20244.000000,86781.000000,23.327687
sample03634,sbj711,7,no,monocyte,26796.000000,98349.000000,27.245829
sample03667,sbj722,7,no,monocyte,21519.000000,106760.000000,20.156426
sample03682,sbj727,7,no,monocyte,23724.000000,100770.000000,23.542721
sample03685,sbj728,7,no,monocyte,15317.000000,94128.000000,16.272523
sample03700,sbj733,7,no,monocyte,20936.000000,90851.000000,23.044325
sample03718,sbj739,7,no,monocyte,22044.000000,109810.000000,20.074674
sample03721,sbj740,7,no,monocyte,14542.000000,91924.000000,15.819590
sample03739,sbj746,7,no,monocyte,23665.000000,101861.000000,23.232641
sample03769,sbj756,7,no,monocyte,20273.000000,92439.000000,21.931220
sample03775,sbj758,7,no,monocyte,17576.000000,92404.000000,19.020822
sample03817,sbj772,7,no,monocyte,24605.000000,93187.000000,26.403898
sample03892,sbj797,7,no,monocyte,33487.000000,105690.000000,31.684171
sample03940,sbj813,7,no,monocyte,20948.000000,90148.000000,23.237343
sample03973,sbj824,7,no,monocyte,20589.000000,99843.000000,20.621376
sample04063,sbj854,7,no,monocyte,18868.000000,99320.000000,18.997181
sample04075,sbj858,7,no,monocyte,16989.000000,97286.000000,17.462944
sample04096,sbj865,7,no,monocyte,23891.000000,107377.000000,22.249644
sample04135,sbj878,7,no,monocyte,12540.000000,88790.000000,14.123212
sample04144,sbj881,7,no,monocyte,14322.000000,92629.000000,15.461680
sample04183,sbj894,7,no,monocyte,17419.000000,89786.000000,19.400575
sample04192,sbj897,7,no,monocyte,19797.000000,94596.000000,20.927946
sample04201,sbj900,7,no,monocyte,19557.000000,102540.000000,19.072557
sample04207,sbj902,7,no,monocyte,20748.000000,94247.000000,22.014494
sample04210,sbj903,7,no,monocyte,16597.000000,91876.000000,18.064565
sample04279,sbj926,7,no,monocyte,17557.000000,96342.000000,18.223620
sample04309,sbj936,7,no,monocyte,19675.000000,107469.000000,18.307605
sample04339,sbj946,7,no,monocyte,20717.000000,98623.000000,21.006256
sample04420,sbj973,7,no,monocyte,14430.000000,106926.000000,13.495315
sample04429,sbj976,7,no,monocyte,22572.000000,104527.000000,21.594421
sample04450,sbj983,7,no,monocyte,23852.000000,91422.000000,26.090000
sample07504,sbj2501,7,no,monocyte,15405.000000,96051.000000,16.038355
sample07516,sbj2505,7,no,monocyte,20954.000000,105587.000000,19.845246
sample07543,sbj2514,7,no,monocyte,24063.000000,91956.000000,26.167950
sample07621,sbj2540,7,no,monocyte,14010.000000,95097.000000,14.732326
sample07633,sbj2544,7,no,monocyte,20161.000000,94189.000000,21.404835
sample07645,sbj2548,7,no,monocyte,21735.000000,100782.000000,21.566351
sample07654,sbj2551,7,no,monocyte,17642.000000,93506.000000,18.867238
sample07675,sbj2558,7,no,monocyte,20301.000000,98448.000000,20.621039
sample07699,sbj2566,7,no,monocyte,22139.000000,104553.000000,21.174907
sample07711,sbj2570,7,no,monocyte,24062.000000,104373.000000,23.053855
sample07723,sbj2574,7,no,monocyte,16591.000000,89478.000000,18.541988
sample07735,sbj2578,7,no,monocyte,12728.000000,101982.000000,12.480634
sample07747,sbj2582,7,no,monocyte,29116.000000,107851.000000,26.996504
sample07810,sbj2603,7,no,monocyte,17623.000000,104887.000000,16.801892
sample07816,sbj2605,7,no,monocyte,23814.000000,91370.000000,26.063259
sample07819,sbj2606,7,no,monocyte,17968.000000,97331.000000,18.460717
sample07834,sbj2611,7,no,monocyte,9666.000000,101117.000000,9.559223
sample07873,sbj2624,7,no,monocyte,13271.000000,98847.000000,13.425799
sample07900,sbj2633,7,no,monocyte,25355.000000,102718.000000,24.684087
sample07927,sbj2642,7,no,monocyte,15275.000000,101441.000000,15.058014
sample07930,sbj2643,7,no,monocyte,24078.000000,96101.000000,25.054890
sample07933,sbj2644,7,no,monocyte,23962.000000,99124.000000,24.173762
sample07942,sbj2647,7,no,monocyte,17387.000000,101253.000000,17.171837
sample07960,sbj2653,7,no,monocyte,26836.000000,105859.000000,25.350702
sample08005,sbj2668,7,no,monocyte,24792.000000,109359.000000,22.670288
sample08014,sbj2671,7,no,monocyte,13850.000000,101723.000000,13.615407
sample08029,sbj2676,7,no,monocyte,22444.000000,100947.000000,22.233449
sample08050,sbj2683,7,no,monocyte,17862.000000,92489.000000,19.312567
sample08065,sbj2688,7,no,monocyte,20673.000000,102539.000000,20.161109
sample08077,sbj2692,7,no,monocyte,24365.000000,103065.000000,23.640421
sample08119,sbj2706,7,no,monocyte,22644.000000,97880.000000,23.134450
sample08134,sbj2711,7,no,monocyte,21288.000000,101696.000000,20.932977
sample08143,sbj2714,7,no,monocyte,14449.000000,100918.000000,14.317565
sample08161,sbj2720,7,no,monocyte,17869.000000,97216.000000,18.380719
sample08185,sbj2728,7,no,monocyte,27080.000000,97157.000000,27.872413
sample08215,sbj2738,7,no,monocyte,19295.000000,102929.000000,18.745932
sample08278,sbj2759,7,no,monocyte,16464.000000,96037.000000,17.143393
sample08305,sbj2768,7,no,monocyte,19136.000000,96591.000000,19.811370
sample08314,sbj2771,7,no,monocyte,16437.000000,101696.000000,16.162878
sample08326,sbj2775,7,no,monocyte,18700.000000,98590.000000,18.967441
sample08332,sbj2777,7,no,monocyte,16956.000000,93704.000000,18.095279
sample08335,sbj2778,7,no,monocyte,14425.000000,93631.000000,15.406222
sample08368,sbj2789,7,no,monocyte,18635.000000,97680.000000,19.077600
sample08398,sbj2799,7,no,monocyte,13676.000000,99216.000000,13.784067
sample08413,sbj2804,7,no,monocyte,21348.000000,100798.000000,21.178992
sample08416,sbj2805,7,no,monocyte,22373.000000,94865.000000,23.584040
sample08422,sbj2807,7,no,monocyte,20752.000000,102202.000000,20.304886
sample08434,sbj2811,7,no,monocyte,17189.000000,91503.000000,18.785176
sample08437,sbj2812,7,no,monocyte,19754.000000,92202.000000,21.424698
sample08440,sbj2813,7,no,monocyte,21401.000000,91043.000000,23.506475
sample08461,sbj2820,7,no,monocyte,20029.000000,95568.000000,20.957852
sample08473,sbj2824,7,no,monocyte,18243.000000,90837.000000,20.083226
sample08494,sbj2831,7,no,monocyte,23852.000000,92977.000000,25.653656
sample08503,sbj2834,7,no,monocyte,18776.000000,100452.000000,18.691514
sample08521,sbj2840,7,no,monocyte,21096.000000,105113.000000,20.069830
sample08527,sbj2842,7,no,monocyte,17647.000000,92604.000000,19.056412
sample08542,sbj2847,7,no,monocyte,17462.000000,102838.000000,16.980105
sample08557,sbj2852,7,no,monocyte,18980.000000,101132.000000,18.767551
sample08560,sbj2853,7,no,monocyte,19093.000000,91733.000000,20.813666
sample08590,sbj2863,7,no,monocyte,19119.000000,92492.000000,20.670977
sample08638,sbj2879,7,no,monocyte,18150.000000,101737.000000,17.840117
sample08662,sbj2887,7,no,monocyte,15012.000000,89148.000000,16.839413
sample08665,sbj2888,7,no,monocyte,21312.000000,98481.000000,21.640723
sample08713,sbj2904,7,no,monocyte,15735.000000,96240.000000,16.349751
sample08731,sbj2910,7,no,monocyte,17086.000000,95080.000000,17.970130
sample08752,sbj2917,7,no,monocyte,24894.000000,107776.000000,23.097907
sample08764,sbj2921,7,no,monocyte,16516.000000,92494.000000,17.856293
sample08806,sbj2935,7,no,monocyte,26065.000000,103040.000000,25.296002
sample08875,sbj2958,7,no,monocyte,16125.000000,95037.000000,16.967076
sample08920,sbj2973,7,no,monocyte,21018.000000,101758.000000,20.654887
sample08953,sbj2984,7,no,monocyte,13164.000000,92258.000000,14.268681
sample08959,sbj2986,7,no,monocyte,23555.000000,90992.000000,25.886891
sample08968,sbj2989,7,no,monocyte,19895.000000,97306.000000,20.445810
sample08977,sbj2992,7,no,monocyte,23464.000000,98624.000000,23.791369
sample09004,sbj3001,7,no,monocyte,26178.000000,107876.000000,24.266751
sample09031,sbj3010,7,no,monocyte,17134.000000,91958.000000,18.632419
sample09037,sbj3012,7,no,monocyte,18588.000000,89384.000000,20.795668
sample09040,sbj3013,7,no,monocyte,21487.000000,108345.000000,19.832018
sample09049,sbj3016,7,no,monocyte,20901.000000,107439.000000,19.453830
sample09061,sbj3020,7,no,monocyte,19850.000000,102124.000000,19.437155
sample09067,sbj3022,7,no,monocyte,18755.000000,95054.000000,19.730890
sample09151,sbj3050,7,no,monocyte,19919.000000,96085.000000,20.730603
sample09160,sbj3053,7,no,monocyte,23267.000000,108090.000000,21.525581
sample09184,sbj3061,7,no,monocyte,24025.000000,94743.000000,25.358074
sample09214,sbj3071,7,no,monocyte,17053.000000,98687.000000,17.279885
sample09247,sbj3082,7,no,monocyte,15180.000000,103596.000000,14.653075
sample09250,sbj3083,7,no,monocyte,19420.000000,106607.000000,18.216440
sample09289,sbj3096,7,no,monocyte,18235.000000,111141.000000,16.407086
sample09295,sbj3098,7,no,monocyte,21075.000000,101776.000000,20.707239
sample09304,sbj3101,7,no,monocyte,24030.000000,101122.000000,23.763375
sample09355,sbj3118,7,no,monocyte,16807.000000,93474.000000,17.980401
sample09364,sbj3121,7,no,monocyte,22106.000000,93421.000000,23.662774
sample09379,sbj3126,7,no,monocyte,20178.000000,98872.000000,20.408205
sample09385,sbj3128,7,no,monocyte,20220.000000,107634.000000,18.785886
sample09388,sbj3129,7,no,monocyte,23499.000000,103563.000000,22.690536
sample09415,sbj3138,7,no,monocyte,26614.000000,108376.000000,24.557098
sample09421,sbj3140,7,no,monocyte,22278.000000,95799.000000,23.254940
sample09430,sbj3143,7,no,monocyte,23717.000000,96628.000000,24.544645
sample09433,sbj3144,7,no,monocyte,17598.000000,96915.000000,18.158180
sample09478,sbj3159,7,no,monocyte,15229.000000,96193.000000,15.831713
sample09484,sbj3161,7,no,monocyte,16281.000000,104821.000000,15.532193
sample09493,sbj3164,7,no,monocyte,28242.000000,92409.000000,30.561958
sample09556,sbj3185,7,no,monocyte,12399.000000,90501.000000,13.700401
sample09568,sbj3189,7,no,monocyte,21434.000000,105346.000000,20.346287
sample09586,sbj3195,7,no,monocyte,16906.000000,104544.000000,16.171182
sample09589,sbj3196,7,no,monocyte,27173.000000,91534.000000,29.686237
sample09628,sbj3209,7,no,monocyte,21931.000000,97655.000000,22.457631
sample09658,sbj3219,7,no,monocyte,19714.000000,105886.000000,18.618136
sample09673,sbj3224,7,no,monocyte,21808.000000,104624.000000,20.844166
sample09745,sbj3248,7,no,monocyte,14385.000000,91882.000000,15.655950
sample09757,sbj3252,7,no,monocyte,13309.000000,93793.000000,14.189758
sample09763,sbj3254,7,no,monocyte,13572.000000,110474.000000,12.285244
sample09814,sbj3271,7,no,monocyte,21841.000000,90458.000000,24.144907
sample09817,sbj3272,7,no,monocyte,16182.000000,102117.000000,15.846529
sample09871,sbj3290,7,no,monocyte,14800.000000,92318.000000,16.031543
sample09874,sbj3291,7,no,monocyte,18622.000000,99611.000000,18.694722
sample09895,sbj3298,7,no,monocyte,21397.000000,93620.000000,22.855159
sample09901,sbj3300,7,no,monocyte,19455.000000,103439.000000,18.808186
sample09904,sbj3301,7,no,monocyte,18731.000000,99947.000000,18.740933
sample09913,sbj3304,7,no,monocyte,16185.000000,107765.000000,15.018791
sample09919,sbj3306,7,no,monocyte,28899.000000,103980.000000,27.792845
sample09988,sbj3329,7,no,monocyte,25854.000000,95097.000000,27.186978
sample10000,sbj3333,7,no,monocyte,15937.000000,90086.000000,17.690873
sample10069,sbj3356,7,no,monocyte,18403.000000,105011.000000,17.524831
sample10090,sbj3363,7,no,monocyte,23401.000000,102953.000000,22.729789
sample10192,sbj3397,7,no,monocyte,22180.000000,92809.000000,23.898544
sample10231,sbj3410,7,no,monocyte,18395.000000,105117.000000,17.499548
sample10252,sbj3417,7,no,monocyte,15660.000000,106631.000000,14.686161
sample10267,sbj3422,7,no,monocyte,18282.000000,91719.000000,19.932620
sample10306,sbj3435,7,no,monocyte,16574.000000,95490.000000,17.356791
sample10321,sbj3440,7,no,monocyte,22308.000000,101600.000000,21.956693
sample10396,sbj3465,7,no,monocyte,17318.000000,102886.000000,16.832222
sample10417,sbj3472,7,no,monocyte,23165.000000,95989.000000,24.132974
sample10456,sbj3485,7,no,monocyte,18377.000000,90187.000000,20.376551
sample10471,sbj3490,7,no,monocyte,20711.000000,104288.000000,19.859428
sample10474,sbj3491,7,no,monocyte,22474.000000,108601.000000,20.694100
sample00025,sbj008,7,yes,monocyte,11789.000000,95534.000000,12.340109
sample00061,sbj020,7,yes,monocyte,18301.000000,111970.000000,16.344557
sample00067,sbj022,7,yes,monocyte,20737.000000,107589.000000,19.274275
sample00076,sbj025,7,yes,monocyte,20907.000000,110097.000000,18.989618
sample00142,sbj047,7,yes,monocyte,17299.000000,98991.000000,17.475326
sample00166,sbj055,7,yes,monocyte,26183.000000,111770.000000,23.425785
sample00169,sbj056,7,yes,monocyte,14590.000000,93829.000000,15.549564
sample00262,sbj087,7,yes,monocyte,15026.000000,99327.000000,15.127810
sample00325,sbj1007,7,yes,monocyte,23130.000000,102479.000000,22.570478
sample00328,sbj1008,7,yes,monocyte,18355.000000,96267.000000,19.066762
sample00334,sbj101,7,yes,monocyte,25713.000000,101241.000000,25.397813
sample00370,sbj1020,7,yes,monocyte,24721.000000,103267.000000,23.938916
sample00379,sbj1023,7,yes,monocyte,19469.000000,105343.000000,18.481532
sample00427,sbj1038,7,yes,monocyte,19663.000000,93526.000000,21.024100
sample00448,sbj1044,7,yes,monocyte,29611.000000,105500.000000,28.067299
sample00484,sbj1055,7,yes,monocyte,21045.000000,110072.000000,19.119304
sample00499,sbj106,7,yes,monocyte,21745.000000,92534.000000,23.499470
sample00511,sbj1063,7,yes,monocyte,21583.000000,94245.000000,22.900950
sample00538,sbj1071,7,yes,monocyte,24168.000000,101454.000000,23.821633
sample00544,sbj1073,7,yes,monocyte,17356.000000,97090.000000,17.876197
sample00556,sbj1077,7,yes,monocyte,19447.000000,104133.000000,18.675156
sample00565,sbj108,7,yes,monocyte,8042.000000,99540.000000,8.079164
sample00622,sbj1097,7,yes,monocyte,19594.000000,102226.000000,19.167335
sample00631,sbj110,7,yes,monocyte,20077.000000,98726.000000,20.336082
sample00661,sbj1109,7,yes,monocyte,22671.000000,108531.000000,20.888963
sample00676,sbj1113,7,yes,monocyte,26420.000000,108101.000000,24.440107
sample00715,sbj1125,7,yes,monocyte,18096.000000,109846.000000,16.473973
sample00754,sbj1137,7,yes,monocyte,17848.000000,109186.000000,16.346418
sample00826,sbj1159,7,yes,monocyte,15920.000000,102757.000000,15.492862
sample00841,sbj1163,7,yes,monocyte,12165.000000,108096.000000,11.253885
sample00862,sbj117,7,yes,monocyte,21751.000000,102166.000000,21.289862
sample00874,sbj1173,7,yes,monocyte,16660.000000,101456.000000,16.420912
sample00877,sbj1174,7,yes,monocyte,26794.000000,110270.000000,24.298540
sample00889,sbj1178,7,yes,monocyte,22445.000000,97987.000000,22.906100
sample00895,sbj118,7,yes,monocyte,23179.000000,103080.000000,22.486418
sample00913,sbj1185,7,yes,monocyte,21725.000000,93715.000000,23.181988
sample00916,sbj1186,7,yes,monocyte,27428.000000,104310.000000,26.294698
sample00940,sbj1193,7,yes,monocyte,15812.000000,101349.000000,15.601535
sample01009,sbj1214,7,yes,monocyte,19247.000000,92039.000000,20.911787
sample01018,sbj1217,7,yes,monocyte,22637.000000,111048.000000,20.384879
sample01069,sbj1232,7,yes,monocyte,19174.000000,108278.000000,17.708122
sample01075,sbj1234,7,yes,monocyte,21250.000000,105517.000000,20.138935
sample01081,sbj1236,7,yes,monocyte,18469.000000,102676.000000,17.987650
sample01093,sbj124,7,yes,monocyte,22231.000000,112595.000000,19.744216
sample01105,sbj1243,7,yes,monocyte,26271.000000,109818.000000,23.922308
sample01129,sbj1250,7,yes,monocyte,18097.000000,92988.000000,19.461651
sample01171,sbj1263,7,yes,monocyte,22283.000000,95844.000000,23.249238
sample01246,sbj1286,7,yes,monocyte,18918.000000,106441.000000,17.773226
sample01249,sbj1287,7,yes,monocyte,17410.000000,93814.000000,18.557998
sample01261,sbj1290,7,yes,monocyte,16468.000000,104505.000000,15.758098
sample01267,sbj1292,7,yes,monocyte,20935.000000,97482.000000,21.475760
sample01285,sbj1298,7,yes,monocyte,22800.000000,93609.000000,24.356632
sample01312,sbj1306,7,yes,monocyte,21134.000000,98679.000000,21.416917
sample01327,sbj1310,7,yes,monocyte,21152.000000,111383.000000,18.990331
sample01330,sbj1311,7,yes,monocyte,18839.000000,94424.000000,19.951495
sample01333,sbj1312,7,yes,monocyte,14146.000000,102246.000000,13.835260
sample01360,sbj1320,7,yes,monocyte,14129.000000,101085.000000,13.977346
sample01378,sbj1326,7,yes,monocyte,19539.000000,102603.000000,19.043303
sample01420,sbj1339,7,yes,monocyte,26963.000000,99012.000000,27.232053
sample01423,sbj134,7,yes,monocyte,21979.000000,102034.000000,21.540859
sample01441,sbj1345,7,yes,monocyte,19903.000000,107429.000000,18.526655
sample01459,sbj1350,7,yes,monocyte,20645.000000,94813.000000,21.774440
sample01492,sbj1360,7,yes,monocyte,19135.000000,94139.000000,20.326326
sample01498,sbj1362,7,yes,monocyte,18263.000000,106981.000000,17.071256
sample01534,sbj1373,7,yes,monocyte,21462.000000,112535.000000,19.071400
sample01537,sbj1374,7,yes,monocyte,18626.000000,92741.000000,20.083890
sample01546,sbj1377,7,yes,monocyte,17736.000000,102056.000000,17.378694
sample01603,sbj1394,7,yes,monocyte,14829.000000,100160.000000,14.805312
sample01621,sbj140,7,yes,monocyte,14369.000000,91716.000000,15.666841
sample01636,sbj1404,7,yes,monocyte,21129.000000,103079.000000,20.497871
sample01639,sbj1405,7,yes,monocyte,15684.000000,106542.000000,14.720955
sample01666,sbj1413,7,yes,monocyte,25745.000000,107196.000000,24.016754
sample01684,sbj1419,7,yes,monocyte,21104.000000,114684.000000,18.401869
sample01693,sbj1421,7,yes,monocyte,24008.000000,93232.000000,25.750815
sample01720,sbj143,7,yes,monocyte,16038.000000,92872.000000,17.268929
sample01729,sbj1432,7,yes,monocyte,22966.000000,106099.000000,21.645821
sample01756,sbj1440,7,yes,monocyte,20473.000000,112168.000000,18.252086
sample01786,sbj145,7,yes,monocyte,19188.000000,99447.000000,19.294700
sample01816,sbj1459,7,yes,monocyte,16457.000000,107508.000000,15.307698
sample01825,sbj1461,7,yes,monocyte,23127.000000,106192.000000,21.778477
sample01831,sbj1463,7,yes,monocyte,18987.000000,104882.000000,18.103202
sample01834,sbj1464,7,yes,monocyte,16632.000000,102909.000000,16.161852
sample01882,sbj1479,7,yes,monocyte,20698.000000,94313.000000,21.946073
sample01900,sbj1484,7,yes,monocyte,16363.000000,103457.000000,15.816233
sample01963,sbj154,7,yes,monocyte,16287.000000,98479.000000,16.538551
sample02038,sbj179,7,yes,monocyte,24990.000000,103411.000000,24.165708
sample02056,sbj185,7,yes,monocyte,16890.000000,102357.000000,16.501070
sample02065,sbj188,7,yes,monocyte,25263.000000,102584.000000,24.626647
sample02179,sbj226,7,yes,monocyte,20166.000000,103084.000000,19.562687
sample02197,sbj232,7,yes,monocyte,23017.000000,95055.000000,24.214402
sample02236,sbj245,7,yes,monocyte,19563.000000,101099.000000,19.350340
sample02245,sbj248,7,yes,monocyte,25246.000000,107812.000000,23.416688
sample02263,sbj254,7,yes,monocyte,17639.000000,97807.000000,18.034497
sample02341,sbj280,7,yes,monocyte,25737.000000,97105.000000,26.504299
sample02389,sbj296,7,yes,monocyte,19687.000000,108973.000000,18.065943
sample02440,sbj313,7,yes,monocyte,17523.000000,103872.000000,16.869801
sample02455,sbj318,7,yes,monocyte,13662.000000,92481.000000,14.772764
sample02467,sbj322,7,yes,monocyte,21763.000000,111457.000000,19.525916
sample02482,sbj327,7,yes,monocyte,22453.000000,103424.000000,21.709661
sample02491,sbj330,7,yes,monocyte,21329.000000,97627.000000,21.847440
sample02500,sbj333,7,yes,monocyte,18746.000000,95981.000000,19.530949
sample02518,sbj339,7,yes,monocyte,19143.000000,98934.000000,19.349263
sample02563,sbj354,7,yes,monocyte,20650.000000,103780.000000,19.897861
sample02575,sbj358,7,yes,monocyte,17297.000000,99095.000000,17.454967
sample02587,sbj362,7,yes,monocyte,14717.000000,96621.000000,15.231678
sample02590,sbj363,7,yes,monocyte,21395.000000,109595.000000,19.521876
sample02626,sbj375,7,yes,monocyte,24544.000000,111950.000000,21.924073
sample02641,sbj380,7,yes,monocyte,25826.000000,110166.000000,23.442804
sample02656,sbj385,7,yes,monocyte,18421.000000,102647.000000,17.945970
sample02674,sbj391,7,yes,monocyte,19683.000000,105240.000000,18.702965
sample02737,sbj412,7,yes,monocyte,27132.000000,103407.000000,26.238069
sample02755,sbj418,7,yes,monocyte,21598.000000,106285.000000,20.320835
sample02761,sbj420,7,yes,monocyte,22937.000000,107008.000000,21.434846
sample02767,sbj422,7,yes,monocyte,29804.000000,93215.000000,31.973395
sample02773,sbj424,7,yes,monocyte,23102.000000,108125.000000,21.366012
sample02782,sbj427,7,yes,monocyte,22660.000000,111029.000000,20.409082
sample02809,sbj436,7,yes,monocyte,20932.000000,101913.000000,20.539087
sample02824,sbj441,7,yes,monocyte,12099.000000,92506.000000,13.079152
sample02839,sbj446,7,yes,monocyte,16613.000000,106721.000000,15.566758
sample02848,sbj449,7,yes,monocyte,15461.000000,104049.000000,14.859345
sample02857,sbj452,7,yes,monocyte,18953.000000,108675.000000,17.440074
sample02875,sbj458,7,yes,monocyte,18279.000000,93275.000000,19.596891
sample02911,sbj470,7,yes,monocyte,25329.000000,109792.000000,23.069987
sample02917,sbj472,7,yes,monocyte,18007.000000,98090.000000,18.357631
sample02926,sbj475,7,yes,monocyte,17033.000000,110271.000000,15.446491
sample02929,sbj476,7,yes,monocyte,21054.000000,96572.000000,21.801350
sample02977,sbj492,7,yes,monocyte,16613.000000,98494.000000,16.867017
sample02992,sbj497,7,yes,monocyte,22662.000000,95778.000000,23.660966
sample02998,sbj499,7,yes,monocyte,21748.000000,101672.000000,21.390353
sample03001,sbj500,7,yes,monocyte,15060.000000,93364.000000,16.130414
sample03022,sbj507,7,yes,monocyte,22041.000000,98186.000000,22.448211
sample03025,sbj508,7,yes,monocyte,13855.000000,102668.000000,13.494955
sample03040,sbj513,7,yes,monocyte,25246.000000,96300.000000,26.215992
sample03067,sbj522,7,yes,monocyte,18162.000000,111291.000000,16.319379
sample03094,sbj531,7,yes,monocyte,15522.000000,101671.000000,15.266890
sample03121,sbj540,7,yes,monocyte,19526.000000,96253.000000,20.286121
sample03160,sbj553,7,yes,monocyte,16822.000000,111173.000000,15.131372
sample03184,sbj561,7,yes,monocyte,22608.000000,105655.000000,21.397946
sample03196,sbj565,7,yes,monocyte,28019.000000,96456.000000,29.048478
sample03247,sbj582,7,yes,monocyte,31303.000000,108682.000000,28.802378
sample03265,sbj588,7,yes,monocyte,11412.000000,103162.000000,11.062213
sample03268,sbj589,7,yes,monocyte,15946.000000,93984.000000,16.966718
sample03274,sbj591,7,yes,monocyte,31600.000000,110862.000000,28.503906
sample03286,sbj595,7,yes,monocyte,20747.000000,96477.000000,21.504607
sample03298,sbj599,7,yes,monocyte,19520.000000,100456.000000,19.431393
sample03304,sbj601,7,yes,monocyte,25170.000000,99353.000000,25.333910
sample03376,sbj625,7,yes,monocyte,20725.000000,100646.000000,20.591976
sample03382,sbj627,7,yes,monocyte,20320.000000,96622.000000,21.030407
sample03406,sbj635,7,yes,monocyte,22335.000000,96299.000000,23.193387
sample03454,sbj651,7,yes,monocyte,27479.000000,110461.000000,24.876653
sample03466,sbj655,7,yes,monocyte,12017.000000,104121.000000,11.541380
sample03487,sbj662,7,yes,monocyte,13553.000000,93190.000000,14.543406
sample03493,sbj664,7,yes,monocyte,26577.000000,109921.000000,24.178273
sample03532,sbj677,7,yes,monocyte,16509.000000,92562.000000,17.835613
sample03577,sbj692,7,yes,monocyte,28896.000000,103316.000000,27.968562
sample03589,sbj696,7,yes,monocyte,22896.000000,96146.000000,23.813783
sample03592,sbj697,7,yes,monocyte,26412.000000,98624.000000,26.780500
sample03622,sbj707,7,yes,monocyte,21437.000000,95897.000000,22.354193
sample03625,sbj708,7,yes,monocyte,26305.000000,97116.000000,27.086165
sample03748,sbj749,7,yes,monocyte,21508.000000,102107.000000,21.064178
sample03766,sbj755,7,yes,monocyte,21103.000000,102228.000000,20.643072
sample03790,sbj763,7,yes,monocyte,24625.000000,97521.000000,25.250972
sample03805,sbj768,7,yes,monocyte,18426.000000,104784.000000,17.584746
sample03820,sbj773,7,yes,monocyte,30939.000000,111228.000000,27.815838
sample03847,sbj782,7,yes,monocyte,16045.000000,97940.000000,16.382479
sample03853,sbj784,7,yes,monocyte,18137.000000,96680.000000,18.759826
sample03862,sbj787,7,yes,monocyte,17269.000000,105428.000000,16.379899
sample03886,sbj795,7,yes,monocyte,19442.000000,99420.000000,19.555421
sample03937,sbj812,7,yes,monocyte,27137.000000,114634.000000,23.672732
sample03943,sbj814,7,yes,monocyte,19317.000000,107899.000000,17.902854
sample03952,sbj817,7,yes,monocyte,17784.000000,95617.000000,18.599203
sample03964,sbj821,7,yes,monocyte,20036.000000,107120.000000,18.704257
sample03982,sbj827,7,yes,monocyte,18147.000000,111070.000000,16.338345
sample04015,sbj838,7,yes,monocyte,23585.000000,100823.000000,23.392480
sample04036,sbj845,7,yes,monocyte,15314.000000,104305.000000,14.681942
sample04048,sbj849,7,yes,monocyte,20117.000000,98959.000000,20.328621
sample04069,sbj856,7,yes,monocyte,15360.000000,91511.000000,16.784867
sample04129,sbj876,7,yes,monocyte,19666.000000,101874.000000,19.304239
sample04156,sbj885,7,yes,monocyte,17562.000000,98431.000000,17.841940
sample04171,sbj890,7,yes,monocyte,24530.000000,108758.000000,22.554663
sample04174,sbj891,7,yes,monocyte,28359.000000,101514.000000,27.936048
sample04189,sbj896,7,yes,monocyte,23149.000000,97436.000000,23.758159
sample04204,sbj901,7,yes,monocyte,19431.000000,103405.000000,18.791161
sample04225,sbj908,7,yes,monocyte,19958.000000,111672.000000,17.871982
sample04267,sbj922,7,yes,monocyte,21315.000000,93457.000000,22.807280
sample04285,sbj928,7,yes,monocyte,14825.000000,95740.000000,15.484646
sample04294,sbj931,7,yes,monocyte,22870.000000,106115.000000,21.552090
sample04297,sbj932,7,yes,monocyte,27126.000000,100012.000000,27.122745
sample04303,sbj934,7,yes,monocyte,20249.000000,109237.000000,18.536760
sample04348,sbj949,7,yes,monocyte,21539.000000,109764.000000,19.623009
sample04369,sbj956,7,yes,monocyte,24888.000000,100102.000000,24.862640
sample04378,sbj959,7,yes,monocyte,25803.000000,106225.000000,24.290892
sample04435,sbj978,7,yes,monocyte,19140.000000,92131.000000,20.774766
sample04462,sbj987,7,yes,monocyte,22265.000000,102811.000000,21.656243
sample04492,sbj997,7,yes,monocyte,21028.000000,104323.000000,20.156629
sample07507,sbj2502,7,yes,monocyte,28671.000000,107946.000000,26.560502
sample07528,sbj2509,7,yes,monocyte,15408.000000,92159.000000,16.718931
sample07552,sbj2517,7,yes,monocyte,13817.000000,100899.000000,13.693892
sample07561,sbj2520,7,yes,monocyte,15245.000000,95194.000000,16.014665
sample07576,sbj2525,7,yes,monocyte,17330.000000,94975.000000,18.246907
sample07588,sbj2529,7,yes,monocyte,15407.000000,102202.000000,15.075047
sample07594,sbj2531,7,yes,monocyte,26254.000000,111131.000000,23.624371
sample07615,sbj2538,7,yes,monocyte,19733.000000,98534.000000,20.026590
sample07648,sbj2549,7,yes,monocyte,33588.000000,108878.000000,30.849207
sample07666,sbj2555,7,yes,monocyte,23859.000000,100105.000000,23.833974
sample07726,sbj2575,7,yes,monocyte,22732.000000,92686.000000,24.525818
sample07762,sbj2587,7,yes,monocyte,24039.000000,98342.000000,24.444286
sample07801,sbj2600,7,yes,monocyte,24301.000000,111051.000000,21.882739
sample07822,sbj2607,7,yes,monocyte,22787.000000,112050.000000,20.336457
sample07825,sbj2608,7,yes,monocyte,14056.000000,108040.000000,13.009996
sample07828,sbj2609,7,yes,monocyte,26591.000000,94880.000000,28.025927
sample07837,sbj2612,7,yes,monocyte,20681.000000,109061.000000,18.962782
sample07906,sbj2635,7,yes,monocyte,18275.000000,92112.000000,19.839977
sample07969,sbj2656,7,yes,monocyte,29061.000000,108151.000000,26.870764
sample08041,sbj2680,7,yes,monocyte,15474.000000,94887.000000,16.307819
sample08056,sbj2685,7,yes,monocyte,25634.000000,104366.000000,24.561639
sample08086,sbj2695,7,yes,monocyte,19337.000000,97692.000000,19.793842
sample08122,sbj2707,7,yes,monocyte,33110.000000,108753.000000,30.445137
sample08128,sbj2709,7,yes,monocyte,21312.000000,107342.000000,19.854297
sample08152,sbj2717,7,yes,monocyte,26471.000000,97016.000000,27.285190
sample08167,sbj2722,7,yes,monocyte,24088.000000,99748.000000,24.148855
sample08179,sbj2726,7,yes,monocyte,28621.000000,100053.000000,28.605839
sample08200,sbj2733,7,yes,monocyte,14866.000000,99194.000000,14.986794
sample08248,sbj2749,7,yes,monocyte,18784.000000,113034.000000,16.618009
sample08275,sbj2758,7,yes,monocyte,33068.000000,108370.000000,30.513980
sample08290,sbj2763,7,yes,monocyte,22510.000000,108390.000000,20.767598
sample08299,sbj2766,7,yes,monocyte,18818.000000,103180.000000,18.238031
sample08329,sbj2776,7,yes,monocyte,16095.000000,98209.000000,16.388518
sample08338,sbj2779,7,yes,monocyte,27942.000000,105172.000000,26.567908
sample08350,sbj2783,7,yes,monocyte,13013.000000,106719.000000,12.193705
sample08353,sbj2784,7,yes,monocyte,16437.000000,104199.000000,15.774624
sample08362,sbj2787,7,yes,monocyte,18634.000000,93763.000000,19.873511
sample08389,sbj2796,7,yes,monocyte,18969.000000,97458.000000,19.463769
sample08404,sbj2801,7,yes,monocyte,23705.000000,108854.000000,21.776875
sample08443,sbj2814,7,yes,monocyte,19243.000000,97703.000000,19.695403
sample08467,sbj2822,7,yes,monocyte,26113.000000,111229.000000,23.476791
sample08482,sbj2827,7,yes,monocyte,27611.000000,101138.000000,27.300322
sample08569,sbj2856,7,yes,monocyte,20448.000000,93615.000000,21.842653
sample08584,sbj2861,7,yes,monocyte,34811.000000,106148.000000,32.794777
sample08596,sbj2865,7,yes,monocyte,18441.000000,103126.000000,17.882008
sample08611,sbj2870,7,yes,monocyte,25052.000000,100438.000000,24.942751
sample08656,sbj2885,7,yes,monocyte,18747.000000,94968.000000,19.740334
sample08686,sbj2895,7,yes,monocyte,19041.000000,95662.000000,19.904455
sample08707,sbj2902,7,yes,monocyte,21627.000000,111418.000000,19.410688
sample08719,sbj2906,7,yes,monocyte,18268.000000,111055.000000,16.449507
sample08725,sbj2908,7,yes,monocyte,18283.000000,99077.000000,18.453324
sample08770,sbj2923,7,yes,monocyte,29832.000000,110594.000000,26.974339
sample08782,sbj2927,7,yes,monocyte,17501.000000,100678.000000,17.383142
sample08830,sbj2943,7,yes,monocyte,24870.000000,94804.000000,26.233070
sample08833,sbj2944,7,yes,monocyte,16400.000000,107545.000000,15.249430
sample08854,sbj2951,7,yes,monocyte,15356.000000,101717.000000,15.096788
sample08857,sbj2952,7,yes,monocyte,12356.000000,99437.000000,12.425958
sample08896,sbj2965,7,yes,monocyte,28828.000000,109131.000000,26.415959
sample08914,sbj2971,7,yes,monocyte,22031.000000,96247.000000,22.890064
sample08926,sbj2975,7,yes,monocyte,20165.000000,108390.000000,18.604115
sample08944,sbj2981,7,yes,monocyte,41647.000000,110650.000000,37.638500
sample08947,sbj2982,7,yes,monocyte,20720.000000,97596.000000,21.230378
sample08971,sbj2990,7,yes,monocyte,9129.000000,107640.000000,8.481048
sample08980,sbj2993,7,yes,monocyte,22434.000000,110208.000000,20.356054
sample09010,sbj3003,7,yes,monocyte,11751.000000,99596.000000,11.798667
sample09019,sbj3006,7,yes,monocyte,16479.000000,100640.000000,16.374205
sample09025,sbj3008,7,yes,monocyte,17810.000000,112281.000000,15.861989
sample09073,sbj3024,7,yes,monocyte,13253.000000,94604.000000,14.008921
sample09082,sbj3027,7,yes,monocyte,16103.000000,108958.000000,14.779089
sample09088,sbj3029,7,yes,monocyte,16087.000000,104496.000000,15.394848
sample09103,sbj3034,7,yes,monocyte,14221.000000,102032.000000,13.937784
sample09115,sbj3038,7,yes,monocyte,11306.000000,91608.000000,12.341717
sample09130,sbj3043,7,yes,monocyte,17554.000000,104361.000000,16.820460
sample09145,sbj3048,7,yes,monocyte,17765.000000,110832.000000,16.028764
sample09163,sbj3054,7,yes,monocyte,23958.000000,96134.000000,24.921464
sample09172,sbj3057,7,yes,monocyte,17502.000000,104129.000000,16.807998
sample09181,sbj3060,7,yes,monocyte,19171.000000,99077.000000,19.349597
sample09199,sbj3066,7,yes,monocyte,19537.000000,109152.000000,17.898893
sample09244,sbj3081,7,yes,monocyte,14982.000000,100297.000000,14.937635
sample09301,sbj3100,7,yes,monocyte,20885.000000,100742.000000,20.731175
sample09391,sbj3130,7,yes,monocyte,28989.000000,99463.000000,29.145511
sample09394,sbj3131,7,yes,monocyte,26721.000000,103393.000000,25.844109
sample09442,sbj3147,7,yes,monocyte,20022.000000,96139.000000,20.826096
sample09451,sbj3150,7,yes,monocyte,27050.000000,94610.000000,28.591058
sample09460,sbj3153,7,yes,monocyte,21640.000000,109712.000000,19.724369
sample09469,sbj3156,7,yes,monocyte,16472.000000,95479.000000,17.251961
sample09487,sbj3162,7,yes,monocyte,14905.000000,111011.000000,13.426597
sample09490,sbj3163,7,yes,monocyte,27312.000000,98337.000000,27.773880
sample09496,sbj3165,7,yes,monocyte,25252.000000,104305.000000,24.209769
sample09514,sbj3171,7,yes,monocyte,20149.000000,95827.000000,21.026433
sample09520,sbj3173,7,yes,monocyte,22826.000000,107737.000000,21.186779
sample09547,sbj3182,7,yes,monocyte,25769.000000,101128.000000,25.481568
sample09574,sbj3191,7,yes,monocyte,19192.000000,105477.000000,18.195436
sample09580,sbj3193,7,yes,monocyte,23063.000000,106412.000000,21.673308
sample09583,sbj3194,7,yes,monocyte,27746.000000,101131.000000,27.435702
sample09592,sbj3197,7,yes,monocyte,19908.000000,105694.000000,18.835506
sample09598,sbj3199,7,yes,monocyte,21903.000000,110552.000000,19.812396
sample09607,sbj3202,7,yes,monocyte,17707.000000,96647.000000,18.321314
sample09613,sbj3204,7,yes,monocyte,17287.000000,103557.000000,16.693222
sample09616,sbj3205,7,yes,monocyte,17960.000000,99819.000000,17.992567
sample09667,sbj3222,7,yes,monocyte,15928.000000,93043.000000,17.118966
sample09691,sbj3230,7,yes,monocyte,22061.000000,99626.000000,22.143818
sample09700,sbj3233,7,yes,monocyte,17315.000000,99627.000000,17.379827
sample09706,sbj3235,7,yes,monocyte,17582.000000,99892.000000,17.601009
sample09721,sbj3240,7,yes,monocyte,21021.000000,109722.000000,19.158419
sample09784,sbj3261,7,yes,monocyte,19831.000000,102119.000000,19.419501
sample09799,sbj3266,7,yes,monocyte,21564.000000,109966.000000,19.609698
sample09910,sbj3303,7,yes,monocyte,15641.000000,99140.000000,15.776679
sample09925,sbj3308,7,yes,monocyte,19311.000000,106395.000000,18.150289
sample09964,sbj3321,7,yes,monocyte,13851.000000,92128.000000,15.034517
sample09979,sbj3326,7,yes,monocyte,14212.000000,106823.000000,13.304251
sample09991,sbj3330,7,yes,monocyte,16022.000000,102387.000000,15.648471
sample09997,sbj3332,7,yes,monocyte,14082.000000,101919.000000,13.816855
sample10039,sbj3346,7,yes,monocyte,20008.000000,111785.000000,17.898645
sample10042,sbj3347,7,yes,monocyte,27230.000000,110154.000000,24.719938
sample10096,sbj3365,7,yes,monocyte,21527.000000,97594.000000,22.057708
sample10117,sbj3372,7,yes,monocyte,21610.000000,106328.000000,20.323903
sample10126,sbj3375,7,yes,monocyte,19195.000000,94075.000000,20.403933
sample10129,sbj3376,7,yes,monocyte,17708.000000,92853.000000,19.071005
sample10132,sbj3377,7,yes,monocyte,18446.000000,91988.000000,20.052616
sample10141,sbj3380,7,yes,monocyte,23723.000000,97447.000000,24.344515
sample10180,sbj3393,7,yes,monocyte,15229.000000,99472.000000,15.309836
sample10198,sbj3399,7,yes,monocyte,14818.000000,94381.000000,15.700194
sample10234,sbj3411,7,yes,monocyte,19867.000000,102742.000000,19.336785
sample10249,sbj3416,7,yes,monocyte,18168.000000,102677.000000,17.694323
sample10324,sbj3441,7,yes,monocyte,30713.000000,111020.000000,27.664385
sample10336,sbj3445,7,yes,monocyte,14063.000000,99249.000000,14.169412
sample10342,sbj3447,7,yes,monocyte,10178.000000,109127.000000,9.326748
sample10348,sbj3449,7,yes,monocyte,20186.000000,103438.000000,19.515072
sample10357,sbj3452,7,yes,monocyte,21279.000000,106364.000000,20.005829
sample10384,sbj3461,7,yes,monocyte,13264.000000,106259.000000,12.482707
sample10387,sbj3462,7,yes,monocyte,19063.000000,99257.000000,19.205698
sample10393,sbj3464,7,yes,monocyte,27811.000000,96482.000000,28.825066
sample10411,sbj3470,7,yes,monocyte,23917.000000,110055.000000,21.731861
sample10444,sbj3481,7,yes,monocyte,17040.000000,103861.000000,16.406543
sample10492,sbj3497,7,yes,monocyte,23087.000000,113095.000000,20.413811
sample00001,sbj000,7,no,nk_cell,18170.000000,100824.000000,18.021503
sample00007,sbj002,7,no,nk_cell,22616.000000,98424.000000,22.978135
sample00010,sbj003,7,no,nk_cell,13209.000000,107537.000000,12.283214
sample00073,sbj024,7,no,nk_cell,19451.000000,104898.000000,18.542775
sample00082,sbj027,7,no,nk_cell,17900.000000,103389.000000,17.313254
sample00124,sbj041,7,no,nk_cell,12327.000000,91040.000000,13.540202
sample00154,sbj051,7,no,nk_cell,20254.000000,98244.000000,20.616017
sample00175,sbj058,7,no,nk_cell,13648.000000,107707.000000,12.671414
sample00187,sbj062,7,no,nk_cell,12980.000000,97273.000000,13.343888
sample00190,sbj063,7,no,nk_cell,13942.000000,107702.000000,12.944978
sample00214,sbj071,7,no,nk_cell,13450.000000,102152.000000,13.166654
sample00244,sbj081,7,no,nk_cell,15870.000000,97287.000000,16.312560
sample00250,sbj083,7,no,nk_cell,19347.000000,103559.000000,18.682104
sample00286,sbj095,7,no,nk_cell,16280.000000,103894.000000,15.669817
sample00403,sbj1030,7,no,nk_cell,11290.000000,104802.000000,10.772695
sample00412,sbj1033,7,no,nk_cell,18861.000000,98963.000000,19.058638
sample00415,sbj1034,7,no,nk_cell,15773.000000,106472.000000,14.814223
sample00436,sbj1040,7,no,nk_cell,17056.000000,90324.000000,18.883132
sample00460,sbj1048,7,no,nk_cell,16376.000000,101893.000000,16.071762
sample00466,sbj105,7,no,nk_cell,9291.000000,99232.000000,9.362907
sample00472,sbj1051,7,no,nk_cell,14988.000000,98089.000000,15.280001
sample00481,sbj1054,7,no,nk_cell,18750.000000,102711.000000,18.255104
sample00493,sbj1058,7,no,nk_cell,19198.000000,101317.000000,18.948449
sample00514,sbj1064,7,no,nk_cell,15855.000000,95912.000000,16.530778
sample00517,sbj1065,7,no,nk_cell,11357.000000,100185.000000,11.336028
sample00523,sbj1067,7,no,nk_cell,17742.000000,97036.000000,18.283936
sample00535,sbj1070,7,no,nk_cell,17327.000000,104896.000000,16.518266
sample00586,sbj1086,7,no,nk_cell,8215.000000,97970.000000,8.385220
sample00589,sbj1087,7,no,nk_cell,14537.000000,89545.000000,16.234296
sample00625,sbj1098,7,no,nk_cell,12948.000000,95251.000000,13.593558
sample00640,sbj1102,7,no,nk_cell,9526.000000,93280.000000,10.212264
sample00694,sbj1119,7,no,nk_cell,24409.000000,104994.000000,23.247995
sample00697,sbj112,7,no,nk_cell,15231.000000,97543.000000,15.614652
sample00718,sbj1126,7,no,nk_cell,15767.000000,109920.000000,14.344068
sample00727,sbj1129,7,no,nk_cell,18311.000000,90881.000000,20.148326
sample00757,sbj1138,7,no,nk_cell,14513.000000,100190.000000,14.485478
sample00799,sbj1150,7,no,nk_cell,12291.000000,106251.000000,11.567891
sample00808,sbj1153,7,no,nk_cell,13417.000000,89890.000000,14.926021
sample00850,sbj1166,7,no,nk_cell,18512.000000,101331.000000,18.268842
sample00868,sbj1171,7,no,nk_cell,19070.000000,94267.000000,20.229773
sample00919,sbj1187,7,no,nk_cell,16768.000000,91829.000000,18.260027
sample00967,sbj1201,7,no,nk_cell,13143.000000,94282.000000,13.940095
sample00988,sbj1208,7,no,nk_cell,22256.000000,104779.000000,21.240898
sample01012,sbj1215,7,no,nk_cell,16719.000000,104388.000000,16.016209
sample01024,sbj1219,7,no,nk_cell,10648.000000,100987.000000,10.543931
sample01042,sbj1224,7,no,nk_cell,13406.000000,97518.000000,13.747206
sample01054,sbj1228,7,no,nk_cell,13464.000000,88554.000000,15.204282
sample01063,sbj1230,7,no,nk_cell,25124.000000,97268.000000,25.829666
sample01111,sbj1245,7,no,nk_cell,15877.000000,96363.000000,16.476241
sample01135,sbj1252,7,no,nk_cell,18282.000000,103817.000000,17.609833
sample01138,sbj1253,7,no,nk_cell,12229.000000,90280.000000,13.545636
sample01144,sbj1255,7,no,nk_cell,11719.000000,104632.000000,11.200206
sample01153,sbj1258,7,no,nk_cell,11594.000000,97580.000000,11.881533
sample01162,sbj1260,7,no,nk_cell,17758.000000,104496.000000,16.993952
sample01219,sbj1278,7,no,nk_cell,10509.000000,98404.000000,10.679444
sample01228,sbj1280,7,no,nk_cell,14708.000000,98579.000000,14.920013
sample01231,sbj1281,7,no,nk_cell,11670.000000,92143.000000,12.665097
sample01243,sbj1285,7,no,nk_cell,10811.000000,94742.000000,11.410990
sample01315,sbj1307,7,no,nk_cell,18679.000000,106330.000000,17.567008
sample01345,sbj1316,7,no,nk_cell,15854.000000,95834.000000,16.543189
sample01387,sbj1329,7,no,nk_cell,10664.000000,101280.000000,10.529226
sample01396,sbj1331,7,no,nk_cell,9665.000000,97473.000000,9.915566
sample01414,sbj1337,7,no,nk_cell,13500.000000,91947.000000,14.682371
sample01432,sbj1342,7,no,nk_cell,16345.000000,99842.000000,16.370866
sample01543,sbj1376,7,no,nk_cell,10594.000000,98030.000000,10.806896
sample01555,sbj138,7,no,nk_cell,7447.000000,102116.000000,7.292687
sample01588,sbj139,7,no,nk_cell,8829.000000,105620.000000,8.359212
sample01612,sbj1397,7,no,nk_cell,14392.000000,99916.000000,14.404099
sample01675,sbj1416,7,no,nk_cell,12199.000000,91225.000000,13.372431
sample01681,sbj1418,7,no,nk_cell,13537.000000,107066.000000,12.643603
sample01687,sbj142,7,no,nk_cell,15928.000000,101578.000000,15.680561
sample01702,sbj1424,7,no,nk_cell,20218.000000,105733.000000,19.121750
sample01723,sbj1430,7,no,nk_cell,8230.000000,108032.000000,7.618113
sample01753,sbj144,7,no,nk_cell,14996.000000,103066.000000,14.549900
sample01768,sbj1444,7,no,nk_cell,15574.000000,101408.000000,15.357763
sample01804,sbj1455,7,no,nk_cell,21733.000000,93139.000000,23.333942
sample01810,sbj1457,7,no,nk_cell,14937.000000,109048.000000,13.697638
sample01813,sbj1458,7,no,nk_cell,13750.000000,103589.000000,13.273610
sample01849,sbj1469,7,no,nk_cell,16838.000000,97926.000000,17.194616
sample01867,sbj1474,7,no,nk_cell,19526.000000,96340.000000,20.267802
sample01876,sbj1477,7,no,nk_cell,15149.000000,101993.000000,14.852980
sample01885,sbj148,7,no,nk_cell,13146.000000,93311.000000,14.088371
sample01894,sbj1482,7,no,nk_cell,10928.000000,91447.000000,11.950091
sample01915,sbj1489,7,no,nk_cell,24710.000000,109559.000000,22.554058
sample01927,sbj1492,7,no,nk_cell,16668.000000,106368.000000,15.670126
sample01933,sbj1494,7,no,nk_cell,11865.000000,94240.000000,12.590195
sample01969,sbj156,7,no,nk_cell,17293.000000,90954.000000,19.012908
sample01987,sbj162,7,no,nk_cell,22389.000000,107565.000000,20.814391
sample01993,sbj164,7,no,nk_cell,12128.000000,100357.000000,12.084857
sample02011,sbj170,7,no,nk_cell,7563.000000,96495.000000,7.837712
sample02017,sbj172,7,no,nk_cell,9711.000000,102520.000000,9.472298
sample02041,sbj180,7,no,nk_cell,16105.000000,93976.000000,17.137354
sample02047,sbj182,7,no,nk_cell,21307.000000,93320.000000,22.832190
sample02062,sbj187,7,no,nk_cell,17418.000000,84530.000000,20.605702
sample02110,sbj203,7,no,nk_cell,16542.000000,89935.000000,18.393284
sample02149,sbj216,7,no,nk_cell,19304.000000,96388.000000,20.027389
sample02170,sbj223,7,no,nk_cell,16081.000000,101575.000000,15.831651
sample02206,sbj235,7,no,nk_cell,13169.000000,105374.000000,12.497390
sample02215,sbj238,7,no,nk_cell,16868.000000,105421.000000,16.000607
sample02233,sbj244,7,no,nk_cell,12118.000000,97633.000000,12.411787
sample02254,sbj251,7,no,nk_cell,14295.000000,90324.000000,15.826358
sample02287,sbj262,7,no,nk_cell,16309.000000,103590.000000,15.743798
sample02290,sbj263,7,no,nk_cell,6731.000000,95861.000000,7.021625
sample02320,sbj273,7,no,nk_cell,13169.000000,106326.000000,12.385494
sample02335,sbj278,7,no,nk_cell,9304.000000,94814.000000,9.812897
sample02356,sbj285,7,no,nk_cell,15107.000000,104627.000000,14.438912
sample02365,sbj288,7,no,nk_cell,16030.000000,92126.000000,17.400082
sample02413,sbj304,7,no,nk_cell,17386.000000,90050.000000,19.307052
sample02431,sbj310,7,no,nk_cell,15620.000000,108736.000000,14.365068
sample02437,sbj312,7,no,nk_cell,10491.000000,95522.000000,10.982810
sample02479,sbj326,7,no,nk_cell,18573.000000,90381.000000,20.549673
sample02542,sbj347,7,no,nk_cell,11120.000000,104032.000000,10.689019
sample02584,sbj361,7,no,nk_cell,17464.000000,94002.000000,18.578328
sample02593,sbj364,7,no,nk_cell,8519.000000,103176.000000,8.256765
sample02620,sbj373,7,no,nk_cell,10842.000000,106958.000000,10.136689
sample02647,sbj382,7,no,nk_cell,12746.000000,96996.000000,13.140748
sample02662,sbj387,7,no,nk_cell,10152.000000,91765.000000,11.063041
sample02665,sbj388,7,no,nk_cell,15985.000000,92723.000000,17.239520
sample02668,sbj389,7,no,nk_cell,13325.000000,90039.000000,14.799143
sample02683,sbj394,7,no,nk_cell,10676.000000,96098.000000,11.109492
sample02701,sbj400,7,no,nk_cell,14097.000000,108275.000000,13.019626
sample02707,sbj402,7,no,nk_cell,8754.000000,96394.000000,9.081478
sample02719,sbj406,7,no,nk_cell,16787.000000,106129.000000,15.817543
sample02743,sbj414,7,no,nk_cell,7740.000000,96458.000000,8.024218
sample02776,sbj425,7,no,nk_cell,13901.000000,98069.000000,14.174714
sample02800,sbj433,7,no,nk_cell,19279.000000,104863.000000,18.384940
sample02812,sbj437,7,no,nk_cell,11845.000000,97219.000000,12.183832
sample02830,sbj443,7,no,nk_cell,19150.000000,104310.000000,18.358738
sample02887,sbj462,7,no,nk_cell,14924.000000,96314.000000,15.495151
sample02890,sbj463,7,no,nk_cell,20230.000000,105908.000000,19.101484
sample02902,sbj467,7,no,nk_cell,11857.000000,95611.000000,12.401293
sample02962,sbj487,7,no,nk_cell,20983.000000,106937.000000,19.621833
sample02971,sbj490,7,no,nk_cell,17682.000000,91716.000000,19.279079
sample03007,sbj502,7,no,nk_cell,14816.000000,101602.000000,14.582390
sample03031,sbj510,7,no,nk_cell,12360.000000,104706.000000,11.804481
sample03052,sbj517,7,no,nk_cell,15118.000000,98858.000000,15.292642
sample03097,sbj532,7,no,nk_cell,11160.000000,95349.000000,11.704370
sample03109,sbj536,7,no,nk_cell,10458.000000,94419.000000,11.076161
sample03133,sbj544,7,no,nk_cell,11047.000000,95973.000000,11.510529
sample03187,sbj562,7,no,nk_cell,12014.000000,104464.000000,11.500613
sample03199,sbj566,7,no,nk_cell,14258.000000,88236.000000,16.158937
sample03214,sbj571,7,no,nk_cell,19874.000000,102545.000000,19.380760
sample03253,sbj584,7,no,nk_cell,16781.000000,107739.000000,15.575604
sample03259,sbj586,7,no,nk_cell,15333.000000,102565.000000,14.949544
sample03319,sbj606,7,no,nk_cell,11901.000000,98064.000000,12.135952
sample03322,sbj607,7,no,nk_cell,14546.000000,89278.000000,16.292928
sample03334,sbj611,7,no,nk_cell,20776.000000,112131.000000,18.528328
sample03364,sbj621,7,no,nk_cell,5997.000000,94541.000000,6.343280
sample03385,sbj628,7,no,nk_cell,11644.000000,107308.000000,10.851008
sample03391,sbj630,7,no,nk_cell,13335.000000,102547.000000,13.003793
sample03403,sbj634,7,no,nk_cell,10881.000000,101005.000000,10.772734
sample03415,sbj638,7,no,nk_cell,14479.000000,101306.000000,14.292342
sample03421,sbj640,7,no,nk_cell,19642.000000,103617.000000,18.956349
sample03433,sbj644,7,no,nk_cell,16776.000000,107729.000000,15.572409
sample03475,sbj658,7,no,nk_cell,18341.000000,102867.000000,17.829819
sample03490,sbj663,7,no,nk_cell,13256.000000,94186.000000,14.074279
sample03553,sbj684,7,no,nk_cell,16944.000000,109484.000000,15.476234
sample03580,sbj693,7,no,nk_cell,14998.000000,106786.000000,14.044912
sample03616,sbj705,7,no,nk_cell,14179.000000,86781.000000,16.338830
sample03634,sbj711,7,no,nk_cell,10535.000000,98349.000000,10.711853
sample03667,sbj722,7,no,nk_cell,15032.000000,106760.000000,14.080180
sample03682,sbj727,7,no,nk_cell,21093.000000,100770.000000,20.931825
sample03685,sbj728,7,no,nk_cell,20605.000000,94128.000000,21.890405
sample03700,sbj733,7,no,nk_cell,10024.000000,90851.000000,11.033450
sample03718,sbj739,7,no,nk_cell,22829.000000,109810.000000,20.789546
sample03721,sbj740,7,no,nk_cell,15192.000000,91924.000000,16.526696
sample03739,sbj746,7,no,nk_cell,16545.000000,101861.000000,16.242723
sample03769,sbj756,7,no,nk_cell,8988.000000,92439.000000,9.723169
sample03775,sbj758,7,no,nk_cell,21530.000000,92404.000000,23.299857
sample03817,sbj772,7,no,nk_cell,14175.000000,93187.000000,15.211349
sample03892,sbj797,7,no,nk_cell,11515.000000,105690.000000,10.895070
sample03940,sbj813,7,no,nk_cell,17583.000000,90148.000000,19.504592
sample03973,sbj824,7,no,nk_cell,19527.000000,99843.000000,19.557706
sample04063,sbj854,7,no,nk_cell,14261.000000,99320.000000,14.358639
sample04075,sbj858,7,no,nk_cell,14485.000000,97286.000000,14.889090
sample04096,sbj865,7,no,nk_cell,15113.000000,107377.000000,14.074709
sample04135,sbj878,7,no,nk_cell,7914.000000,88790.000000,8.913166
sample04144,sbj881,7,no,nk_cell,18393.000000,92629.000000,19.856632
sample04183,sbj894,7,no,nk_cell,16631.000000,89786.000000,18.522932
sample04192,sbj897,7,no,nk_cell,20152.000000,94596.000000,21.303226
sample04201,sbj900,7,no,nk_cell,12365.000000,102540.000000,12.058709
sample04207,sbj902,7,no,nk_cell,16449.000000,94247.000000,17.453075
sample04210,sbj903,7,no,nk_cell,10270.000000,91876.000000,11.178110
sample04279,sbj926,7,no,nk_cell,15723.000000,96342.000000,16.319985
sample04309,sbj936,7,no,nk_cell,19821.000000,107469.000000,18.443458
sample04339,sbj946,7,no,nk_cell,21567.000000,98623.000000,21.868124
sample04420,sbj973,7,no,nk_cell,22121.000000,106926.000000,20.688139
sample04429,sbj976,7,no,nk_cell,14729.000000,104527.000000,14.091096
sample04450,sbj983,7,no,nk_cell,9021.000000,91422.000000,9.867428
sample07504,sbj2501,7,no,nk_cell,20347.000000,96051.000000,21.183538
sample07516,sbj2505,7,no,nk_cell,20221.000000,105587.000000,19.151032
sample07543,sbj2514,7,no,nk_cell,20658.000000,91956.000000,22.465092
sample07621,sbj2540,7,no,nk_cell,19046.000000,95097.000000,20.027971
sample07633,sbj2544,7,no,nk_cell,12210.000000,94189.000000,12.963297
sample07645,sbj2548,7,no,nk_cell,16798.000000,100782.000000,16.667659
sample07654,sbj2551,7,no,nk_cell,9276.000000,93506.000000,9.920219
sample07675,sbj2558,7,no,nk_cell,11880.000000,98448.000000,12.067284
sample07699,sbj2566,7,no,nk_cell,15337.000000,104553.000000,14.669115
sample07711,sbj2570,7,no,nk_cell,14566.000000,104373.000000,13.955717
sample07723,sbj2574,7,no,nk_cell,15937.000000,89478.000000,17.811082
sample07735,sbj2578,7,no,nk_cell,20690.000000,101982.000000,20.287894
sample07747,sbj2582,7,no,nk_cell,15861.000000,107851.000000,14.706400
sample07810,sbj2603,7,no,nk_cell,20318.000000,104887.000000,19.371323
sample07816,sbj2605,7,no,nk_cell,10149.000000,91370.000000,11.107585
sample07819,sbj2606,7,no,nk_cell,12496.000000,97331.000000,12.838664
sample07834,sbj2611,7,no,nk_cell,18081.000000,101117.000000,17.881266
sample07873,sbj2624,7,no,nk_cell,20586.000000,98847.000000,20.826125
sample07900,sbj2633,7,no,nk_cell,20444.000000,102718.000000,19.903035
sample07927,sbj2642,7,no,nk_cell,13343.000000,101441.000000,13.153459
sample07930,sbj2643,7,no,nk_cell,9547.000000,96101.000000,9.934340
sample07933,sbj2644,7,no,nk_cell,19430.000000,99124.000000,19.601711
sample07942,sbj2647,7,no,nk_cell,19345.000000,101253.000000,19.105607
sample07960,sbj2653,7,no,nk_cell,23399.000000,105859.000000,22.103931
sample08005,sbj2668,7,no,nk_cell,18946.000000,109359.000000,17.324591
sample08014,sbj2671,7,no,nk_cell,21036.000000,101723.000000,20.679689
sample08029,sbj2676,7,no,nk_cell,17844.000000,100947.000000,17.676603
sample08050,sbj2683,7,no,nk_cell,8652.000000,92489.000000,9.354626
sample08065,sbj2688,7,no,nk_cell,12965.000000,102539.000000,12.643970
sample08077,sbj2692,7,no,nk_cell,15344.000000,103065.000000,14.887692
sample08119,sbj2706,7,no,nk_cell,12497.000000,97880.000000,12.767675
sample08134,sbj2711,7,no,nk_cell,16487.000000,101696.000000,16.212044
sample08143,sbj2714,7,no,nk_cell,18921.000000,100918.000000,18.748885
sample08161,sbj2720,7,no,nk_cell,9780.000000,97216.000000,10.060072
sample08185,sbj2728,7,no,nk_cell,10476.000000,97157.000000,10.782548
sample08215,sbj2738,7,no,nk_cell,16704.000000,102929.000000,16.228662
sample08278,sbj2759,7,no,nk_cell,10948.000000,96037.000000,11.399773
sample08305,sbj2768,7,no,nk_cell,19603.000000,96591.000000,20.294851
sample08314,sbj2771,7,no,nk_cell,13981.000000,101696.000000,13.747837
sample08326,sbj2775,7,no,nk_cell,16401.000000,98590.000000,16.635561
sample08332,sbj2777,7,no,nk_cell,20742.000000,93704.000000,22.135661
sample08335,sbj2778,7,no,nk_cell,12660.000000,93631.000000,13.521163
sample08368,sbj2789,7,no,nk_cell,19346.000000,97680.000000,19.805487
sample08398,sbj2799,7,no,nk_cell,19731.000000,99216.000000,19.886913
sample08413,sbj2804,7,no,nk_cell,14914.000000,100798.000000,14.795928
sample08416,sbj2805,7,no,nk_cell,17931.000000,94865.000000,18.901597
sample08422,sbj2807,7,no,nk_cell,18943.000000,102202.000000,18.534862
sample08434,sbj2811,7,no,nk_cell,9990.000000,91503.000000,10.917675
sample08437,sbj2812,7,no,nk_cell,12168.000000,92202.000000,13.197111
sample08440,sbj2813,7,no,nk_cell,11810.000000,91043.000000,12.971892
sample08461,sbj2820,7,no,nk_cell,15765.000000,95568.000000,16.496107
sample08473,sbj2824,7,no,nk_cell,11666.000000,90837.000000,12.842784
sample08494,sbj2831,7,no,nk_cell,13610.000000,92977.000000,14.638029
sample08503,sbj2834,7,no,nk_cell,12121.000000,100452.000000,12.066460
sample08521,sbj2840,7,no,nk_cell,15787.000000,105113.000000,15.019075
sample08527,sbj2842,7,no,nk_cell,12263.000000,92604.000000,13.242409
sample08542,sbj2847,7,no,nk_cell,12303.000000,102838.000000,11.963477
sample08557,sbj2852,7,no,nk_cell,15093.000000,101132.000000,14.924060
sample08560,sbj2853,7,no,nk_cell,12215.000000,91733.000000,13.315819
sample08590,sbj2863,7,no,nk_cell,15698.000000,92492.000000,16.972279
sample08638,sbj2879,7,no,nk_cell,23703.000000,101737.000000,23.298308
sample08662,sbj2887,7,no,nk_cell,12535.000000,89148.000000,14.060888
sample08665,sbj2888,7,no,nk_cell,11875.000000,98481.000000,12.058164
sample08713,sbj2904,7,no,nk_cell,12310.000000,96240.000000,12.790939
sample08731,sbj2910,7,no,nk_cell,9251.000000,95080.000000,9.729701
sample08752,sbj2917,7,no,nk_cell,12481.000000,107776.000000,11.580500
sample08764,sbj2921,7,no,nk_cell,11071.000000,92494.000000,11.969425
sample08806,sbj2935,7,no,nk_cell,17984.000000,103040.000000,17.453416
sample08875,sbj2958,7,no,nk_cell,12803.000000,95037.000000,13.471595
sample08920,sbj2973,7,no,nk_cell,15134.000000,101758.000000,14.872541
sample08953,sbj2984,7,no,nk_cell,21181.000000,92258.000000,22.958443
sample08959,sbj2986,7,no,nk_cell,13159.000000,90992.000000,14.461711
sample08968,sbj2989,7,no,nk_cell,9690.000000,97306.000000,9.958276
sample08977,sbj2992,7,no,nk_cell,13041.000000,98624.000000,13.222948
sample09004,sbj3001,7,no,nk_cell,10615.000000,107876.000000,9.840001
sample09031,sbj3010,7,no,nk_cell,15381.000000,91958.000000,16.726114
sample09037,sbj3012,7,no,nk_cell,16935.000000,89384.000000,18.946344
sample09040,sbj3013,7,no,nk_cell,20625.000000,108345.000000,19.036411
sample09049,sbj3016,7,no,nk_cell,13236.000000,107439.000000,12.319549
sample09061,sbj3020,7,no,nk_cell,13732.000000,102124.000000,13.446398
sample09067,sbj3022,7,no,nk_cell,20753.000000,95054.000000,21.832853
sample09151,sbj3050,7,no,nk_cell,13653.000000,96085.000000,14.209294
sample09160,sbj3053,7,no,nk_cell,15747.000000,108090.000000,14.568415
sample09184,sbj3061,7,no,nk_cell,12520.000000,94743.000000,13.214697
sample09214,sbj3071,7,no,nk_cell,11814.000000,98687.000000,11.971182
sample09247,sbj3082,7,no,nk_cell,17101.000000,103596.000000,16.507394
sample09250,sbj3083,7,no,nk_cell,14475.000000,106607.000000,13.577908
sample09289,sbj3096,7,no,nk_cell,10318.000000,111141.000000,9.283703
sample09295,sbj3098,7,no,nk_cell,10866.000000,101776.000000,10.676387
sample09304,sbj3101,7,no,nk_cell,10009.000000,101122.000000,9.897945
sample09355,sbj3118,7,no,nk_cell,14665.000000,93474.000000,15.688855
sample09364,sbj3121,7,no,nk_cell,16763.000000,93421.000000,17.943503
sample09379,sbj3126,7,no,nk_cell,16706.000000,98872.000000,16.896594
sample09385,sbj3128,7,no,nk_cell,14516.000000,107634.000000,13.486445
sample09388,sbj3129,7,no,nk_cell,22105.000000,103563.000000,21.344496
sample09415,sbj3138,7,no,nk_cell,16789.000000,108376.000000,15.491437
sample09421,sbj3140,7,no,nk_cell,11954.000000,95799.000000,12.478210
sample09430,sbj3143,7,no,nk_cell,12507.000000,96628.000000,12.943453
sample09433,sbj3144,7,no,nk_cell,16066.000000,96915.000000,16.577413
sample09478,sbj3159,7,no,nk_cell,19108.000000,96193.000000,19.864231
sample09484,sbj3161,7,no,nk_cell,9151.000000,104821.000000,8.730121
sample09493,sbj3164,7,no,nk_cell,8894.000000,92409.000000,9.624604
sample09556,sbj3185,7,no,nk_cell,17887.000000,90501.000000,19.764422
sample09568,sbj3189,7,no,nk_cell,20760.000000,105346.000000,19.706491
sample09586,sbj3195,7,no,nk_cell,9396.000000,104544.000000,8.987603
sample09589,sbj3196,7,no,nk_cell,14602.000000,91534.000000,15.952542
sample09628,sbj3209,7,no,nk_cell,14637.000000,97655.000000,14.988480
sample09658,sbj3219,7,no,nk_cell,15697.000000,105886.000000,14.824434
sample09673,sbj3224,7,no,nk_cell,11282.000000,104624.000000,10.783377
sample09745,sbj3248,7,no,nk_cell,11912.000000,91882.000000,12.964454
sample09757,sbj3252,7,no,nk_cell,15111.000000,93793.000000,16.111010
sample09763,sbj3254,7,no,nk_cell,11567.000000,110474.000000,10.470337
sample09814,sbj3271,7,no,nk_cell,12811.000000,90458.000000,14.162374
sample09817,sbj3272,7,no,nk_cell,13109.000000,102117.000000,12.837236
sample09871,sbj3290,7,no,nk_cell,9955.000000,92318.000000,10.783379
sample09874,sbj3291,7,no,nk_cell,24050.000000,99611.000000,24.143920
sample09895,sbj3298,7,no,nk_cell,7708.000000,93620.000000,8.233283
sample09901,sbj3300,7,no,nk_cell,15553.000000,103439.000000,15.035915
sample09904,sbj3301,7,no,nk_cell,17520.000000,99947.000000,17.529291
sample09913,sbj3304,7,no,nk_cell,21609.000000,107765.000000,20.051965
sample09919,sbj3306,7,no,nk_cell,13883.000000,103980.000000,13.351606
sample09988,sbj3329,7,no,nk_cell,7216.000000,95097.000000,7.588042
sample10000,sbj3333,7,no,nk_cell,11637.000000,90086.000000,12.917656
sample10069,sbj3356,7,no,nk_cell,13991.000000,105011.000000,13.323366
sample10090,sbj3363,7,no,nk_cell,10679.000000,102953.000000,10.372694
sample10192,sbj3397,7,no,nk_cell,12520.000000,92809.000000,13.490071
sample10231,sbj3410,7,no,nk_cell,12237.000000,105117.000000,11.641314
sample10252,sbj3417,7,no,nk_cell,14465.000000,106631.000000,13.565473
sample10267,sbj3422,7,no,nk_cell,13397.000000,91719.000000,14.606570
sample10306,sbj3435,7,no,nk_cell,13254.000000,95490.000000,13.879987
sample10321,sbj3440,7,no,nk_cell,13093.000000,101600.000000,12.886811
sample10396,sbj3465,7,no,nk_cell,16859.000000,102886.000000,16.386097
sample10417,sbj3472,7,no,nk_cell,22005.000000,95989.000000,22.924502
sample10456,sbj3485,7,no,nk_cell,14462.000000,90187.000000,16.035571
sample10471,sbj3490,7,no,nk_cell,22601.000000,104288.000000,21.671717
sample10474,sbj3491,7,no,nk_cell,13293.000000,108601.000000,12.240219
sample00025,sbj008,7,yes,nk_cell,20301.000000,95534.000000,21.250026
sample00061,sbj020,7,yes,nk_cell,16013.000000,111970.000000,14.301152
sample00067,sbj022,7,yes,nk_cell,21402.000000,107589.000000,19.892368
sample00076,sbj025,7,yes,nk_cell,15701.000000,110097.000000,14.261061
sample00142,sbj047,7,yes,nk_cell,12124.000000,98991.000000,12.247578
sample00166,sbj055,7,yes,nk_cell,21756.000000,111770.000000,19.464973
sample00169,sbj056,7,yes,nk_cell,14682.000000,93829.000000,15.647614
sample00262,sbj087,7,yes,nk_cell,13342.000000,99327.000000,13.432400
sample00325,sbj1007,7,yes,nk_cell,18187.000000,102479.000000,17.747051
sample00328,sbj1008,7,yes,nk_cell,16105.000000,96267.000000,16.729513
sample00334,sbj101,7,yes,nk_cell,13175.000000,101241.000000,13.013502
sample00370,sbj1020,7,yes,nk_cell,14608.000000,103267.000000,14.145855
sample00379,sbj1023,7,yes,nk_cell,12748.000000,105343.000000,12.101421
sample00427,sbj1038,7,yes,nk_cell,13820.000000,93526.000000,14.776640
sample00448,sbj1044,7,yes,nk_cell,11781.000000,105500.000000,11.166825
sample00484,sbj1055,7,yes,nk_cell,9352.000000,110072.000000,8.496257
sample00499,sbj106,7,yes,nk_cell,13243.000000,92534.000000,14.311496
sample00511,sbj1063,7,yes,nk_cell,10340.000000,94245.000000,10.971404
sample00538,sbj1071,7,yes,nk_cell,16240.000000,101454.000000,16.007255
sample00544,sbj1073,7,yes,nk_cell,16068.000000,97090.000000,16.549593
sample00556,sbj1077,7,yes,nk_cell,19635.000000,104133.000000,18.855694
sample00565,sbj108,7,yes,nk_cell,17199.000000,99540.000000,17.278481
sample00622,sbj1097,7,yes,nk_cell,17827.000000,102226.000000,17.438812
sample00631,sbj110,7,yes,nk_cell,12909.000000,98726.000000,13.075583
sample00661,sbj1109,7,yes,nk_cell,20153.000000,108531.000000,18.568888
sample00676,sbj1113,7,yes,nk_cell,16664.000000,108101.000000,15.415214
sample00715,sbj1125,7,yes,nk_cell,17976.000000,109846.000000,16.364729
sample00754,sbj1137,7,yes,nk_cell,12095.000000,109186.000000,11.077428
sample00826,sbj1159,7,yes,nk_cell,16273.000000,102757.000000,15.836391
sample00841,sbj1163,7,yes,nk_cell,21363.000000,108096.000000,19.762988
sample00862,sbj117,7,yes,nk_cell,19744.000000,102166.000000,19.325412
sample00874,sbj1173,7,yes,nk_cell,10837.000000,101456.000000,10.681478
sample00877,sbj1174,7,yes,nk_cell,19927.000000,110270.000000,18.071098
sample00889,sbj1178,7,yes,nk_cell,9584.000000,97987.000000,9.780889
sample00895,sbj118,7,yes,nk_cell,17789.000000,103080.000000,17.257470
sample00913,sbj1185,7,yes,nk_cell,10188.000000,93715.000000,10.871259
sample00916,sbj1186,7,yes,nk_cell,19445.000000,104310.000000,18.641549
sample00940,sbj1193,7,yes,nk_cell,12045.000000,101349.000000,11.884676
sample01009,sbj1214,7,yes,nk_cell,10099.000000,92039.000000,10.972523
sample01018,sbj1217,7,yes,nk_cell,9496.000000,111048.000000,8.551257
sample01069,sbj1232,7,yes,nk_cell,11459.000000,108278.000000,10.582944
sample01075,sbj1234,7,yes,nk_cell,16045.000000,105517.000000,15.206081
sample01081,sbj1236,7,yes,nk_cell,11752.000000,102676.000000,11.445713
sample01093,sbj124,7,yes,nk_cell,13308.000000,112595.000000,11.819353
sample01105,sbj1243,7,yes,nk_cell,22873.000000,109818.000000,20.828097
sample01129,sbj1250,7,yes,nk_cell,14673.000000,92988.000000,15.779455
sample01171,sbj1263,7,yes,nk_cell,13107.000000,95844.000000,13.675347
sample01246,sbj1286,7,yes,nk_cell,16738.000000,106441.000000,15.725144
sample01249,sbj1287,7,yes,nk_cell,16202.000000,93814.000000,17.270343
sample01261,sbj1290,7,yes,nk_cell,19148.000000,104505.000000,18.322568
sample01267,sbj1292,7,yes,nk_cell,9218.000000,97482.000000,9.456105
sample01285,sbj1298,7,yes,nk_cell,12147.000000,93609.000000,12.976316
sample01312,sbj1306,7,yes,nk_cell,12758.000000,98679.000000,12.928789
sample01327,sbj1310,7,yes,nk_cell,12505.000000,111383.000000,11.227027
sample01330,sbj1311,7,yes,nk_cell,13699.000000,94424.000000,14.507964
sample01333,sbj1312,7,yes,nk_cell,11265.000000,102246.000000,11.017546
sample01360,sbj1320,7,yes,nk_cell,16049.000000,101085.000000,15.876737
sample01378,sbj1326,7,yes,nk_cell,11370.000000,102603.000000,11.081547
sample01420,sbj1339,7,yes,nk_cell,7518.000000,99012.000000,7.593019
sample01423,sbj134,7,yes,nk_cell,21375.000000,102034.000000,20.948899
sample01441,sbj1345,7,yes,nk_cell,26148.000000,107429.000000,24.339797
sample01459,sbj1350,7,yes,nk_cell,16331.000000,94813.000000,17.224431
sample01492,sbj1360,7,yes,nk_cell,11966.000000,94139.000000,12.710991
sample01498,sbj1362,7,yes,nk_cell,12923.000000,106981.000000,12.079715
sample01534,sbj1373,7,yes,nk_cell,27344.000000,112535.000000,24.298218
sample01537,sbj1374,7,yes,nk_cell,12763.000000,92741.000000,13.761982
sample01546,sbj1377,7,yes,nk_cell,11291.000000,102056.000000,11.063534
sample01603,sbj1394,7,yes,nk_cell,14222.000000,100160.000000,14.199281
sample01621,sbj140,7,yes,nk_cell,13479.000000,91716.000000,14.696454
sample01636,sbj1404,7,yes,nk_cell,12941.000000,103079.000000,12.554449
sample01639,sbj1405,7,yes,nk_cell,14194.000000,106542.000000,13.322446
sample01666,sbj1413,7,yes,nk_cell,16108.000000,107196.000000,15.026680
sample01684,sbj1419,7,yes,nk_cell,17145.000000,114684.000000,14.949775
sample01693,sbj1421,7,yes,nk_cell,17895.000000,93232.000000,19.194054
sample01720,sbj143,7,yes,nk_cell,16606.000000,92872.000000,17.880524
sample01729,sbj1432,7,yes,nk_cell,14853.000000,106099.000000,13.999189
sample01756,sbj1440,7,yes,nk_cell,18288.000000,112168.000000,16.304115
sample01786,sbj145,7,yes,nk_cell,15327.000000,99447.000000,15.412230
sample01816,sbj1459,7,yes,nk_cell,15948.000000,107508.000000,14.834245
sample01825,sbj1461,7,yes,nk_cell,19154.000000,106192.000000,18.037140
sample01831,sbj1463,7,yes,nk_cell,17253.000000,104882.000000,16.449915
sample01834,sbj1464,7,yes,nk_cell,17641.000000,102909.000000,17.142330
sample01882,sbj1479,7,yes,nk_cell,7710.000000,94313.000000,8.174907
sample01900,sbj1484,7,yes,nk_cell,11872.000000,103457.000000,11.475299
sample01963,sbj154,7,yes,nk_cell,13393.000000,98479.000000,13.599854
sample02038,sbj179,7,yes,nk_cell,10114.000000,103411.000000,9.780391
sample02056,sbj185,7,yes,nk_cell,19443.000000,102357.000000,18.995281
sample02065,sbj188,7,yes,nk_cell,12017.000000,102584.000000,11.714302
sample02179,sbj226,7,yes,nk_cell,15464.000000,103084.000000,15.001358
sample02197,sbj232,7,yes,nk_cell,8069.000000,95055.000000,8.488770
sample02236,sbj245,7,yes,nk_cell,21945.000000,101099.000000,21.706446
sample02245,sbj248,7,yes,nk_cell,10897.000000,107812.000000,10.107409
sample02263,sbj254,7,yes,nk_cell,15350.000000,97807.000000,15.694173
sample02341,sbj280,7,yes,nk_cell,5929.000000,97105.000000,6.105762
sample02389,sbj296,7,yes,nk_cell,22233.000000,108973.000000,20.402301
sample02440,sbj313,7,yes,nk_cell,19293.000000,103872.000000,18.573822
sample02455,sbj318,7,yes,nk_cell,14659.000000,92481.000000,15.850823
sample02467,sbj322,7,yes,nk_cell,20498.000000,111457.000000,18.390949
sample02482,sbj327,7,yes,nk_cell,11475.000000,103424.000000,11.095104
sample02491,sbj330,7,yes,nk_cell,13143.000000,97627.000000,13.462464
sample02500,sbj333,7,yes,nk_cell,16393.000000,95981.000000,17.079422
sample02518,sbj339,7,yes,nk_cell,13926.000000,98934.000000,14.076051
sample02563,sbj354,7,yes,nk_cell,10232.000000,103780.000000,9.859318
sample02575,sbj358,7,yes,nk_cell,14984.000000,99095.000000,15.120844
sample02587,sbj362,7,yes,nk_cell,10971.000000,96621.000000,11.354674
sample02590,sbj363,7,yes,nk_cell,15153.000000,109595.000000,13.826361
sample02626,sbj375,7,yes,nk_cell,23521.000000,111950.000000,21.010272
sample02641,sbj380,7,yes,nk_cell,10315.000000,110166.000000,9.363143
sample02656,sbj385,7,yes,nk_cell,17158.000000,102647.000000,16.715540
sample02674,sbj391,7,yes,nk_cell,24749.000000,105240.000000,23.516724
sample02737,sbj412,7,yes,nk_cell,19087.000000,103407.000000,18.458131
sample02755,sbj418,7,yes,nk_cell,17603.000000,106285.000000,16.562074
sample02761,sbj420,7,yes,nk_cell,27345.000000,107008.000000,25.554164
sample02767,sbj422,7,yes,nk_cell,10814.000000,93215.000000,11.601137
sample02773,sbj424,7,yes,nk_cell,17831.000000,108125.000000,16.491098
sample02782,sbj427,7,yes,nk_cell,19931.000000,111029.000000,17.951166
sample02809,sbj436,7,yes,nk_cell,19120.000000,101913.000000,18.761100
sample02824,sbj441,7,yes,nk_cell,15413.000000,92506.000000,16.661622
sample02839,sbj446,7,yes,nk_cell,13666.000000,106721.000000,12.805352
sample02848,sbj449,7,yes,nk_cell,22543.000000,104049.000000,21.665754
sample02857,sbj452,7,yes,nk_cell,16310.000000,108675.000000,15.008052
sample02875,sbj458,7,yes,nk_cell,9982.000000,93275.000000,10.701689
sample02911,sbj470,7,yes,nk_cell,17882.000000,109792.000000,16.287161
sample02917,sbj472,7,yes,nk_cell,18662.000000,98090.000000,19.025385
sample02926,sbj475,7,yes,nk_cell,19225.000000,110271.000000,17.434321
sample02929,sbj476,7,yes,nk_cell,7226.000000,96572.000000,7.482500
sample02977,sbj492,7,yes,nk_cell,20996.000000,98494.000000,21.317035
sample02992,sbj497,7,yes,nk_cell,6863.000000,95778.000000,7.165529
sample02998,sbj499,7,yes,nk_cell,11869.000000,101672.000000,11.673814
sample03001,sbj500,7,yes,nk_cell,9680.000000,93364.000000,10.368022
sample03022,sbj507,7,yes,nk_cell,14933.000000,98186.000000,15.208889
sample03025,sbj508,7,yes,nk_cell,11220.000000,102668.000000,10.928430
sample03040,sbj513,7,yes,nk_cell,8677.000000,96300.000000,9.010384
sample03067,sbj522,7,yes,nk_cell,18913.000000,111291.000000,16.994186
sample03094,sbj531,7,yes,nk_cell,10576.000000,101671.000000,10.402180
sample03121,sbj540,7,yes,nk_cell,8696.000000,96253.000000,9.034524
sample03160,sbj553,7,yes,nk_cell,15372.000000,111173.000000,13.827098
sample03184,sbj561,7,yes,nk_cell,14771.000000,105655.000000,13.980408
sample03196,sbj565,7,yes,nk_cell,7713.000000,96456.000000,7.996392
sample03247,sbj582,7,yes,nk_cell,20778.000000,108682.000000,19.118161
sample03265,sbj588,7,yes,nk_cell,20165.000000,103162.000000,19.546926
sample03268,sbj589,7,yes,nk_cell,12125.000000,93984.000000,12.901132
sample03274,sbj591,7,yes,nk_cell,12036.000000,110862.000000,10.856741
sample03286,sbj595,7,yes,nk_cell,11783.000000,96477.000000,12.213274
sample03298,sbj599,7,yes,nk_cell,7834.000000,100456.000000,7.798439
sample03304,sbj601,7,yes,nk_cell,11513.000000,99353.000000,11.587974
sample03376,sbj625,7,yes,nk_cell,21698.000000,100646.000000,21.558731
sample03382,sbj627,7,yes,nk_cell,20062.000000,96622.000000,20.763387
sample03406,sbj635,7,yes,nk_cell,14507.000000,96299.000000,15.064539
sample03454,sbj651,7,yes,nk_cell,12186.000000,110461.000000,11.031948
sample03466,sbj655,7,yes,nk_cell,19242.000000,104121.000000,18.480422
sample03487,sbj662,7,yes,nk_cell,13965.000000,93190.000000,14.985513
sample03493,sbj664,7,yes,nk_cell,15414.000000,109921.000000,14.022798
sample03532,sbj677,7,yes,nk_cell,24424.000000,92562.000000,26.386638
sample03577,sbj692,7,yes,nk_cell,9530.000000,103316.000000,9.224128
sample03589,sbj696,7,yes,nk_cell,12707.000000,96146.000000,13.216358
sample03592,sbj697,7,yes,nk_cell,9377.000000,98624.000000,9.507828
sample03622,sbj707,7,yes,nk_cell,13256.000000,95897.000000,13.823164
sample03625,sbj708,7,yes,nk_cell,14331.000000,97116.000000,14.756580
sample03748,sbj749,7,yes,nk_cell,11700.000000,102107.000000,11.458568
sample03766,sbj755,7,yes,nk_cell,16835.000000,102228.000000,16.468091
sample03790,sbj763,7,yes,nk_cell,15688.000000,97521.000000,16.086792
sample03805,sbj768,7,yes,nk_cell,16161.000000,104784.000000,15.423156
sample03820,sbj773,7,yes,nk_cell,27729.000000,111228.000000,24.929874
sample03847,sbj782,7,yes,nk_cell,15685.000000,97940.000000,16.014907
sample03853,sbj784,7,yes,nk_cell,23183.000000,96680.000000,23.979106
sample03862,sbj787,7,yes,nk_cell,15706.000000,105428.000000,14.897371
sample03886,sbj795,7,yes,nk_cell,11604.000000,99420.000000,11.671696
sample03937,sbj812,7,yes,nk_cell,19776.000000,114634.000000,17.251426
sample03943,sbj814,7,yes,nk_cell,16360.000000,107899.000000,15.162328
sample03952,sbj817,7,yes,nk_cell,9046.000000,95617.000000,9.460661
sample03964,sbj821,7,yes,nk_cell,14162.000000,107120.000000,13.220687
sample03982,sbj827,7,yes,nk_cell,15438.000000,111070.000000,13.899343
sample04015,sbj838,7,yes,nk_cell,15966.000000,100823.000000,15.835672
sample04036,sbj845,7,yes,nk_cell,19196.000000,104305.000000,18.403720
sample04048,sbj849,7,yes,nk_cell,10380.000000,98959.000000,10.489192
sample04069,sbj856,7,yes,nk_cell,9111.000000,91511.000000,9.956180
sample04129,sbj876,7,yes,nk_cell,10924.000000,101874.000000,10.723050
sample04156,sbj885,7,yes,nk_cell,15539.000000,98431.000000,15.786693
sample04171,sbj890,7,yes,nk_cell,10681.000000,108758.000000,9.820887
sample04174,sbj891,7,yes,nk_cell,10694.000000,101514.000000,10.534508
sample04189,sbj896,7,yes,nk_cell,10609.000000,97436.000000,10.888173
sample04204,sbj901,7,yes,nk_cell,8414.000000,103405.000000,8.136937
sample04225,sbj908,7,yes,nk_cell,15456.000000,111672.000000,13.840533
sample04267,sbj922,7,yes,nk_cell,14994.000000,93457.000000,16.043742
sample04285,sbj928,7,yes,nk_cell,13852.000000,95740.000000,14.468352
sample04294,sbj931,7,yes,nk_cell,12485.000000,106115.000000,11.765537
sample04297,sbj932,7,yes,nk_cell,18694.000000,100012.000000,18.691757
sample04303,sbj934,7,yes,nk_cell,18637.000000,109237.000000,17.061069
sample04348,sbj949,7,yes,nk_cell,11770.000000,109764.000000,10.723006
sample04369,sbj956,7,yes,nk_cell,11217.000000,100102.000000,11.205570
sample04378,sbj959,7,yes,nk_cell,19121.000000,106225.000000,18.000471
sample04435,sbj978,7,yes,nk_cell,12764.000000,92131.000000,13.854186
sample04462,sbj987,7,yes,nk_cell,19706.000000,102811.000000,19.167210
sample04492,sbj997,7,yes,nk_cell,11325.000000,104323.000000,10.855708
sample07507,sbj2502,7,yes,nk_cell,20342.000000,107946.000000,18.844607
sample07528,sbj2509,7,yes,nk_cell,12393.000000,92159.000000,13.447412
sample07552,sbj2517,7,yes,nk_cell,11433.000000,100899.000000,11.331133
sample07561,sbj2520,7,yes,nk_cell,17936.000000,95194.000000,18.841524
sample07576,sbj2525,7,yes,nk_cell,18309.000000,94975.000000,19.277705
sample07588,sbj2529,7,yes,nk_cell,15818.000000,102202.000000,15.477192
sample07594,sbj2531,7,yes,nk_cell,13218.000000,111131.000000,11.894071
sample07615,sbj2538,7,yes,nk_cell,27780.000000,98534.000000,28.193314
sample07648,sbj2549,7,yes,nk_cell,9635.000000,108878.000000,8.849354
sample07666,sbj2555,7,yes,nk_cell,9666.000000,100105.000000,9.655861
sample07726,sbj2575,7,yes,nk_cell,13783.000000,92686.000000,14.870638
sample07762,sbj2587,7,yes,nk_cell,14859.000000,98342.000000,15.109516
sample07801,sbj2600,7,yes,nk_cell,16264.000000,111051.000000,14.645523
sample07822,sbj2607,7,yes,nk_cell,16591.000000,112050.000000,14.806783
sample07825,sbj2608,7,yes,nk_cell,25756.000000,108040.000000,23.839319
sample07828,sbj2609,7,yes,nk_cell,11813.000000,94880.000000,12.450464
sample07837,sbj2612,7,yes,nk_cell,17252.000000,109061.000000,15.818670
sample07906,sbj2635,7,yes,nk_cell,21703.000000,92112.000000,23.561534
sample07969,sbj2656,7,yes,nk_cell,9645.000000,108151.000000,8.918087
sample08041,sbj2680,7,yes,nk_cell,19668.000000,94887.000000,20.727813
sample08056,sbj2685,7,yes,nk_cell,14175.000000,104366.000000,13.582009
sample08086,sbj2695,7,yes,nk_cell,14605.000000,97692.000000,14.950047
sample08122,sbj2707,7,yes,nk_cell,17072.000000,108753.000000,15.697958
sample08128,sbj2709,7,yes,nk_cell,17507.000000,107342.000000,16.309553
sample08152,sbj2717,7,yes,nk_cell,11819.000000,97016.000000,12.182527
sample08167,sbj2722,7,yes,nk_cell,15695.000000,99748.000000,15.734651
sample08179,sbj2726,7,yes,nk_cell,12705.000000,100053.000000,12.698270
sample08200,sbj2733,7,yes,nk_cell,10469.000000,99194.000000,10.554066
sample08248,sbj2749,7,yes,nk_cell,27708.000000,113034.000000,24.512978
sample08275,sbj2758,7,yes,nk_cell,20491.000000,108370.000000,18.908369
sample08290,sbj2763,7,yes,nk_cell,15578.000000,108390.000000,14.372175
sample08299,sbj2766,7,yes,nk_cell,10797.000000,103180.000000,10.464237
sample08329,sbj2776,7,yes,nk_cell,13381.000000,98209.000000,13.625024
sample08338,sbj2779,7,yes,nk_cell,10028.000000,105172.000000,9.534857
sample08350,sbj2783,7,yes,nk_cell,17213.000000,106719.000000,16.129274
sample08353,sbj2784,7,yes,nk_cell,8458.000000,104199.000000,8.117160
sample08362,sbj2787,7,yes,nk_cell,14823.000000,93763.000000,15.809008
sample08389,sbj2796,7,yes,nk_cell,15201.000000,97458.000000,15.597488
sample08404,sbj2801,7,yes,nk_cell,17475.000000,108854.000000,16.053613
sample08443,sbj2814,7,yes,nk_cell,20344.000000,97703.000000,20.822288
sample08467,sbj2822,7,yes,nk_cell,14437.000000,111229.000000,12.979529
sample08482,sbj2827,7,yes,nk_cell,17006.000000,101138.000000,16.814649
sample08569,sbj2856,7,yes,nk_cell,17389.000000,93615.000000,18.575015
sample08584,sbj2861,7,yes,nk_cell,10888.000000,106148.000000,10.257376
sample08596,sbj2865,7,yes,nk_cell,17205.000000,103126.000000,16.683475
sample08611,sbj2870,7,yes,nk_cell,17371.000000,100438.000000,17.295247
sample08656,sbj2885,7,yes,nk_cell,10409.000000,94968.000000,10.960534
sample08686,sbj2895,7,yes,nk_cell,9405.000000,95662.000000,9.831490
sample08707,sbj2902,7,yes,nk_cell,23429.000000,111418.000000,21.028021
sample08719,sbj2906,7,yes,nk_cell,7401.000000,111055.000000,6.664265
sample08725,sbj2908,7,yes,nk_cell,13797.000000,99077.000000,13.925533
sample08770,sbj2923,7,yes,nk_cell,8961.000000,110594.000000,8.102610
sample08782,sbj2927,7,yes,nk_cell,13367.000000,100678.000000,13.276982
sample08830,sbj2943,7,yes,nk_cell,16358.000000,94804.000000,17.254546
sample08833,sbj2944,7,yes,nk_cell,16153.000000,107545.000000,15.019759
sample08854,sbj2951,7,yes,nk_cell,10482.000000,101717.000000,10.305062
sample08857,sbj2952,7,yes,nk_cell,15107.000000,99437.000000,15.192534
sample08896,sbj2965,7,yes,nk_cell,14069.000000,109131.000000,12.891846
sample08914,sbj2971,7,yes,nk_cell,13216.000000,96247.000000,13.731337
sample08926,sbj2975,7,yes,nk_cell,15152.000000,108390.000000,13.979149
sample08944,sbj2981,7,yes,nk_cell,12193.000000,110650.000000,11.019431
sample08947,sbj2982,7,yes,nk_cell,14456.000000,97596.000000,14.812082
sample08971,sbj2990,7,yes,nk_cell,23383.000000,107640.000000,21.723337
sample08980,sbj2993,7,yes,nk_cell,15364.000000,110208.000000,13.940912
sample09010,sbj3003,7,yes,nk_cell,19439.000000,99596.000000,19.517852
sample09019,sbj3006,7,yes,nk_cell,13281.000000,100640.000000,13.196542
sample09025,sbj3008,7,yes,nk_cell,12325.000000,112281.000000,10.976924
sample09073,sbj3024,7,yes,nk_cell,19962.000000,94604.000000,21.100588
sample09082,sbj3027,7,yes,nk_cell,18467.000000,108958.000000,16.948733
sample09088,sbj3029,7,yes,nk_cell,17564.000000,104496.000000,16.808299
sample09103,sbj3034,7,yes,nk_cell,13221.000000,102032.000000,12.957700
sample09115,sbj3038,7,yes,nk_cell,10242.000000,91608.000000,11.180246
sample09130,sbj3043,7,yes,nk_cell,23199.000000,104361.000000,22.229569
sample09145,sbj3048,7,yes,nk_cell,11496.000000,110832.000000,10.372456
sample09163,sbj3054,7,yes,nk_cell,7764.000000,96134.000000,8.076227
sample09172,sbj3057,7,yes,nk_cell,14015.000000,104129.000000,13.459267
sample09181,sbj3060,7,yes,nk_cell,24614.000000,99077.000000,24.843304
sample09199,sbj3066,7,yes,nk_cell,19204.000000,109152.000000,17.593814
sample09244,sbj3081,7,yes,nk_cell,19670.000000,100297.000000,19.611753
sample09301,sbj3100,7,yes,nk_cell,15320.000000,100742.000000,15.207163
sample09391,sbj3130,7,yes,nk_cell,17158.000000,99463.000000,17.250636
sample09394,sbj3131,7,yes,nk_cell,17278.000000,103393.000000,16.710996
sample09442,sbj3147,7,yes,nk_cell,7170.000000,96139.000000,7.457952
sample09451,sbj3150,7,yes,nk_cell,11269.000000,94610.000000,11.911003
sample09460,sbj3153,7,yes,nk_cell,23565.000000,109712.000000,21.478963
sample09469,sbj3156,7,yes,nk_cell,17675.000000,95479.000000,18.511924
sample09487,sbj3162,7,yes,nk_cell,17319.000000,111011.000000,15.601157
sample09490,sbj3163,7,yes,nk_cell,13552.000000,98337.000000,13.781181
sample09496,sbj3165,7,yes,nk_cell,17584.000000,104305.000000,16.858252
sample09514,sbj3171,7,yes,nk_cell,10594.000000,95827.000000,11.055339
sample09520,sbj3173,7,yes,nk_cell,18708.000000,107737.000000,17.364508
sample09547,sbj3182,7,yes,nk_cell,15509.000000,101128.000000,15.336010
sample09574,sbj3191,7,yes,nk_cell,18079.000000,105477.000000,17.140230
sample09580,sbj3193,7,yes,nk_cell,15718.000000,106412.000000,14.770891
sample09583,sbj3194,7,yes,nk_cell,10019.000000,101131.000000,9.906952
sample09592,sbj3197,7,yes,nk_cell,14735.000000,105694.000000,13.941189
sample09598,sbj3199,7,yes,nk_cell,15564.000000,110552.000000,14.078443
sample09607,sbj3202,7,yes,nk_cell,8779.000000,96647.000000,9.083572
sample09613,sbj3204,7,yes,nk_cell,8458.000000,103557.000000,8.167483
sample09616,sbj3205,7,yes,nk_cell,14058.000000,99819.000000,14.083491
sample09667,sbj3222,7,yes,nk_cell,15826.000000,93043.000000,17.009340
sample09691,sbj3230,7,yes,nk_cell,19720.000000,99626.000000,19.794030
sample09700,sbj3233,7,yes,nk_cell,12433.000000,99627.000000,12.479549
sample09706,sbj3235,7,yes,nk_cell,11419.000000,99892.000000,11.431346
sample09721,sbj3240,7,yes,nk_cell,13186.000000,109722.000000,12.017645
sample09784,sbj3261,7,yes,nk_cell,17480.000000,102119.000000,17.117285
sample09799,sbj3266,7,yes,nk_cell,15121.000000,109966.000000,13.750614
sample09910,sbj3303,7,yes,nk_cell,10796.000000,99140.000000,10.889651
sample09925,sbj3308,7,yes,nk_cell,12607.000000,106395.000000,11.849241
sample09964,sbj3321,7,yes,nk_cell,8650.000000,92128.000000,9.389111
sample09979,sbj3326,7,yes,nk_cell,24495.000000,106823.000000,22.930455
sample09991,sbj3330,7,yes,nk_cell,14764.000000,102387.000000,14.419799
sample09997,sbj3332,7,yes,nk_cell,11027.000000,101919.000000,10.819376
sample10039,sbj3346,7,yes,nk_cell,17621.000000,111785.000000,15.763296
sample10042,sbj3347,7,yes,nk_cell,14514.000000,110154.000000,13.176099
sample10096,sbj3365,7,yes,nk_cell,16882.000000,97594.000000,17.298195
sample10117,sbj3372,7,yes,nk_cell,12009.000000,106328.000000,11.294297
sample10126,sbj3375,7,yes,nk_cell,12650.000000,94075.000000,13.446718
sample10129,sbj3376,7,yes,nk_cell,12702.000000,92853.000000,13.679687
sample10132,sbj3377,7,yes,nk_cell,18794.000000,91988.000000,20.430926
sample10141,sbj3380,7,yes,nk_cell,17015.000000,97447.000000,17.460774
sample10180,sbj3393,7,yes,nk_cell,13980.000000,99472.000000,14.054206
sample10198,sbj3399,7,yes,nk_cell,13128.000000,94381.000000,13.909579
sample10234,sbj3411,7,yes,nk_cell,11091.000000,102742.000000,10.795001
sample10249,sbj3416,7,yes,nk_cell,7898.000000,102677.000000,7.692083
sample10324,sbj3441,7,yes,nk_cell,16530.000000,111020.000000,14.889209
sample10336,sbj3445,7,yes,nk_cell,15241.000000,99249.000000,15.356326
sample10342,sbj3447,7,yes,nk_cell,14570.000000,109127.000000,13.351416
sample10348,sbj3449,7,yes,nk_cell,17074.000000,103438.000000,16.506506
sample10357,sbj3452,7,yes,nk_cell,18412.000000,106364.000000,17.310368
sample10384,sbj3461,7,yes,nk_cell,7898.000000,106259.000000,7.432782
sample10387,sbj3462,7,yes,nk_cell,8764.000000,99257.000000,8.829604
sample10393,sbj3464,7,yes,nk_cell,10498.000000,96482.000000,10.880786
sample10411,sbj3470,7,yes,nk_cell,12248.000000,110055.000000,11.128981
sample10444,sbj3481,7,yes,nk_cell,13701.000000,103861.000000,13.191670
sample10492,sbj3497,7,yes,nk_cell,23485.000000,113095.000000,20.765728
sample00002,sbj000,14,no,b_cell,9794.000000,92822.000000,10.551378
sample00008,sbj002,14,no,b_cell,8829.000000,90353.000000,9.771673
sample00011,sbj003,14,no,b_cell,10621.000000,89815.000000,11.825419
sample00074,sbj024,14,no,b_cell,13166.000000,92232.000000,14.274872
sample00083,sbj027,14,no,b_cell,7306.000000,88242.000000,8.279504
sample00125,sbj041,14,no,b_cell,18039.000000,108174.000000,16.675911
sample00155,sbj051,14,no,b_cell,9098.000000,98358.000000,9.249883
sample00176,sbj058,14,no,b_cell,7371.000000,97220.000000,7.581773
sample00188,sbj062,14,no,b_cell,10012.000000,93651.000000,10.690756
sample00191,sbj063,14,no,b_cell,10650.000000,97633.000000,10.908197
sample00215,sbj071,14,no,b_cell,8136.000000,90715.000000,8.968748
sample00245,sbj081,14,no,b_cell,12390.000000,96046.000000,12.900069
sample00251,sbj083,14,no,b_cell,8751.000000,98386.000000,8.894558
sample00287,sbj095,14,no,b_cell,8995.000000,96806.000000,9.291779
sample00404,sbj1030,14,no,b_cell,8705.000000,95275.000000,9.136710
sample00413,sbj1033,14,no,b_cell,8386.000000,110787.000000,7.569480
sample00416,sbj1034,14,no,b_cell,6873.000000,90342.000000,7.607757
sample00437,sbj1040,14,no,b_cell,9752.000000,97610.000000,9.990780
sample00461,sbj1048,14,no,b_cell,12744.000000,101052.000000,12.611329
sample00467,sbj105,14,no,b_cell,14650.000000,93276.000000,15.706077
sample00473,sbj1051,14,no,b_cell,8540.000000,90146.000000,9.473521
sample00482,sbj1054,14,no,b_cell,12509.000000,109915.000000,11.380612
sample00494,sbj1058,14,no,b_cell,8531.000000,105084.000000,8.118267
sample00515,sbj1064,14,no,b_cell,6356.000000,100291.000000,6.337558
sample00518,sbj1065,14,no,b_cell,11422.000000,97914.000000,11.665339
sample00524,sbj1067,14,no,b_cell,8609.000000,100342.000000,8.579658
sample00536,sbj1070,14,no,b_cell,9388.000000,95929.000000,9.786405
sample00587,sbj1086,14,no,b_cell,6919.000000,104607.000000,6.614280
sample00590,sbj1087,14,no,b_cell,13074.000000,90170.000000,14.499279
sample00626,sbj1098,14,no,b_cell,7896.000000,109633.000000,7.202211
sample00641,sbj1102,14,no,b_cell,9515.000000,102643.000000,9.269994
sample00695,sbj1119,14,no,b_cell,6475.000000,102297.000000,6.329609
sample00698,sbj112,14,no,b_cell,4173.000000,103883.000000,4.017019
sample00719,sbj1126,14,no,b_cell,6772.000000,106712.000000,6.346053
sample00728,sbj1129,14,no,b_cell,5798.000000,94780.000000,6.117324
sample00758,sbj1138,14,no,b_cell,8063.000000,94013.000000,8.576473
sample00800,sbj1150,14,no,b_cell,11163.000000,100075.000000,11.154634
sample00809,sbj1153,14,no,b_cell,17200.000000,110157.000000,15.614078
sample00851,sbj1166,14,no,b_cell,13998.000000,107901.000000,12.973003
sample00869,sbj1171,14,no,b_cell,10357.000000,101421.000000,10.211889
sample00920,sbj1187,14,no,b_cell,8568.000000,92268.000000,9.285993
sample00968,sbj1201,14,no,b_cell,13506.000000,100283.000000,13.467886
sample00989,sbj1208,14,no,b_cell,11739.000000,108673.000000,10.802131
sample01013,sbj1215,14,no,b_cell,7164.000000,102053.000000,7.019882
sample01025,sbj1219,14,no,b_cell,7414.000000,90423.000000,8.199241
sample01043,sbj1224,14,no,b_cell,9175.000000,91328.000000,10.046207
sample01055,sbj1228,14,no,b_cell,7943.000000,93852.000000,8.463325
sample01064,sbj1230,14,no,b_cell,14204.000000,96127.000000,14.776286
sample01112,sbj1245,14,no,b_cell,16923.000000,92176.000000,18.359443
sample01136,sbj1252,14,no,b_cell,8595.000000,101744.000000,8.447673
sample01139,sbj1253,14,no,b_cell,4818.000000,106313.000000,4.531901
sample01145,sbj1255,14,no,b_cell,14392.000000,107253.000000,13.418739
sample01154,sbj1258,14,no,b_cell,12105.000000,103873.000000,11.653654
sample01163,sbj1260,14,no,b_cell,6911.000000,90914.000000,7.601690
sample01220,sbj1278,14,no,b_cell,8877.000000,105486.000000,8.415335
sample01229,sbj1280,14,no,b_cell,5573.000000,104556.000000,5.330158
sample01232,sbj1281,14,no,b_cell,12706.000000,91803.000000,13.840506
sample01244,sbj1285,14,no,b_cell,11819.000000,98943.000000,11.945261
sample01316,sbj1307,14,no,b_cell,10247.000000,96957.000000,10.568603
sample01346,sbj1316,14,no,b_cell,10353.000000,95894.000000,10.796296
sample01388,sbj1329,14,no,b_cell,9208.000000,107400.000000,8.573557
sample01397,sbj1331,14,no,b_cell,5435.000000,92581.000000,5.870535
sample01415,sbj1337,14,no,b_cell,16692.000000,89404.000000,18.670306
sample01433,sbj1342,14,no,b_cell,6015.000000,98465.000000,6.108770
sample01544,sbj1376,14,no,b_cell,13133.000000,100029.000000,13.129193
sample01556,sbj138,14,no,b_cell,4282.000000,100287.000000,4.269746
sample01589,sbj139,14,no,b_cell,5956.000000,92792.000000,6.418657
sample01613,sbj1397,14,no,b_cell,5604.000000,91122.000000,6.149997
sample01676,sbj1416,14,no,b_cell,7187.000000,103515.000000,6.942955
sample01682,sbj1418,14,no,b_cell,11007.000000,96735.000000,11.378508
sample01688,sbj142,14,no,b_cell,12577.000000,101006.000000,12.451736
sample01703,sbj1424,14,no,b_cell,15884.000000,91828.000000,17.297556
sample01724,sbj1430,14,no,b_cell,6961.000000,95018.000000,7.325980
sample01754,sbj144,14,no,b_cell,9375.000000,93898.000000,9.984238
sample01769,sbj1444,14,no,b_cell,11781.000000,97311.000000,12.106545
sample01805,sbj1455,14,no,b_cell,11407.000000,106453.000000,10.715527
sample01811,sbj1457,14,no,b_cell,11764.000000,96001.000000,12.254039
sample01814,sbj1458,14,no,b_cell,12762.000000,102763.000000,12.418867
sample01850,sbj1469,14,no,b_cell,7752.000000,93842.000000,8.260694
sample01868,sbj1474,14,no,b_cell,11529.000000,104815.000000,10.999380
sample01877,sbj1477,14,no,b_cell,18562.000000,102549.000000,18.100615
sample01886,sbj148,14,no,b_cell,7666.000000,89534.000000,8.562110
sample01895,sbj1482,14,no,b_cell,19756.000000,103250.000000,19.134140
sample01916,sbj1489,14,no,b_cell,15329.000000,88605.000000,17.300378
sample01928,sbj1492,14,no,b_cell,10128.000000,102620.000000,9.869421
sample01934,sbj1494,14,no,b_cell,10489.000000,91009.000000,11.525234
sample01970,sbj156,14,no,b_cell,4842.000000,97035.000000,4.989952
sample01988,sbj162,14,no,b_cell,11219.000000,104688.000000,10.716606
sample01994,sbj164,14,no,b_cell,10958.000000,98507.000000,11.124083
sample02012,sbj170,14,no,b_cell,10039.000000,104191.000000,9.635189
sample02018,sbj172,14,no,b_cell,10793.000000,93989.000000,11.483259
sample02042,sbj180,14,no,b_cell,9773.000000,101714.000000,9.608314
sample02048,sbj182,14,no,b_cell,7722.000000,106264.000000,7.266807
sample02063,sbj187,14,no,b_cell,9621.000000,102881.000000,9.351581
sample02111,sbj203,14,no,b_cell,9425.000000,109056.000000,8.642349
sample02150,sbj216,14,no,b_cell,10208.000000,101260.000000,10.080980
sample02171,sbj223,14,no,b_cell,6285.000000,95918.000000,6.552472
sample02207,sbj235,14,no,b_cell,15963.000000,98748.000000,16.165391
sample02216,sbj238,14,no,b_cell,7967.000000,98927.000000,8.053413
sample02234,sbj244,14,no,b_cell,6698.000000,94074.000000,7.119927
sample02255,sbj251,14,no,b_cell,13794.000000,104735.000000,13.170382
sample02288,sbj262,14,no,b_cell,9679.000000,91577.000000,10.569248
sample02291,sbj263,14,no,b_cell,3679.000000,91213.000000,4.033416
sample02321,sbj273,14,no,b_cell,11563.000000,105163.000000,10.995312
sample02336,sbj278,14,no,b_cell,14680.000000,105649.000000,13.895068
sample02357,sbj285,14,no,b_cell,7785.000000,92077.000000,8.454880
sample02366,sbj288,14,no,b_cell,6804.000000,90039.000000,7.556725
sample02414,sbj304,14,no,b_cell,11866.000000,106565.000000,11.134988
sample02432,sbj310,14,no,b_cell,9020.000000,92882.000000,9.711247
sample02438,sbj312,14,no,b_cell,14120.000000,102941.000000,13.716595
sample02480,sbj326,14,no,b_cell,12482.000000,98695.000000,12.647044
sample02543,sbj347,14,no,b_cell,8651.000000,96093.000000,9.002737
sample02585,sbj361,14,no,b_cell,7975.000000,99132.000000,8.044829
sample02594,sbj364,14,no,b_cell,9332.000000,91047.000000,10.249651
sample02621,sbj373,14,no,b_cell,11611.000000,101615.000000,11.426463
sample02648,sbj382,14,no,b_cell,9903.000000,95230.000000,10.399034
sample02663,sbj387,14,no,b_cell,12954.000000,91496.000000,14.157996
sample02666,sbj388,14,no,b_cell,6660.000000,100607.000000,6.619818
sample02669,sbj389,14,no,b_cell,7314.000000,108133.000000,6.763893
sample02684,sbj394,14,no,b_cell,9972.000000,107673.000000,9.261375
sample02702,sbj400,14,no,b_cell,8217.000000,91635.000000,8.967098
sample02708,sbj402,14,no,b_cell,10100.000000,96350.000000,10.482615
sample02720,sbj406,14,no,b_cell,7761.000000,86650.000000,8.956722
sample02744,sbj414,14,no,b_cell,9125.000000,102996.000000,8.859567
sample02777,sbj425,14,no,b_cell,11657.000000,92883.000000,12.550198
sample02801,sbj433,14,no,b_cell,13098.000000,96440.000000,13.581501
sample02813,sbj437,14,no,b_cell,6720.000000,96600.000000,6.956522
sample02831,sbj443,14,no,b_cell,8227.000000,90279.000000,9.112861
sample02888,sbj462,14,no,b_cell,8399.000000,91484.000000,9.180840
sample02891,sbj463,14,no,b_cell,11699.000000,89620.000000,13.054006
sample02903,sbj467,14,no,b_cell,9130.000000,102009.000000,8.950191
sample02963,sbj487,14,no,b_cell,3908.000000,85355.000000,4.578525
sample02972,sbj490,14,no,b_cell,5133.000000,100224.000000,5.121528
sample03008,sbj502,14,no,b_cell,8097.000000,88537.000000,9.145329
sample03032,sbj510,14,no,b_cell,12884.000000,102321.000000,12.591746
sample03053,sbj517,14,no,b_cell,15552.000000,92544.000000,16.804979
sample03098,sbj532,14,no,b_cell,5336.000000,92740.000000,5.753720
sample03110,sbj536,14,no,b_cell,10457.000000,105259.000000,9.934542
sample03134,sbj544,14,no,b_cell,11013.000000,102745.000000,10.718770
sample03188,sbj562,14,no,b_cell,11985.000000,91491.000000,13.099649
sample03200,sbj566,14,no,b_cell,9878.000000,92864.000000,10.637061
sample03215,sbj571,14,no,b_cell,11629.000000,108078.000000,10.759822
sample03254,sbj584,14,no,b_cell,8524.000000,96330.000000,8.848749
sample03260,sbj586,14,no,b_cell,8388.000000,93710.000000,8.951019
sample03320,sbj606,14,no,b_cell,10564.000000,102769.000000,10.279364
sample03323,sbj607,14,no,b_cell,5814.000000,104189.000000,5.580244
sample03335,sbj611,14,no,b_cell,7289.000000,108158.000000,6.739215
sample03365,sbj621,14,no,b_cell,5326.000000,96622.000000,5.512202
sample03386,sbj628,14,no,b_cell,20043.000000,106367.000000,18.843250
sample03392,sbj630,14,no,b_cell,10313.000000,92777.000000,11.115902
sample03404,sbj634,14,no,b_cell,7355.000000,104117.000000,7.064168
sample03416,sbj638,14,no,b_cell,9330.000000,89584.000000,10.414806
sample03422,sbj640,14,no,b_cell,7476.000000,94751.000000,7.890154
sample03434,sbj644,14,no,b_cell,4767.000000,101888.000000,4.678667
sample03476,sbj658,14,no,b_cell,8982.000000,89285.000000,10.059920
sample03491,sbj663,14,no,b_cell,13692.000000,89067.000000,15.372697
sample03554,sbj684,14,no,b_cell,11237.000000,90562.000000,12.408074
sample03581,sbj693,14,no,b_cell,12785.000000,98239.000000,13.014180
sample03617,sbj705,14,no,b_cell,11272.000000,107712.000000,10.464944
sample03635,sbj711,14,no,b_cell,6151.000000,103725.000000,5.930104
sample03668,sbj722,14,no,b_cell,11748.000000,102934.000000,11.413139
sample03683,sbj727,14,no,b_cell,10351.000000,101517.000000,10.196322
sample03686,sbj728,14,no,b_cell,5596.000000,100694.000000,5.557431
sample03701,sbj733,14,no,b_cell,6843.000000,105327.000000,6.496910
sample03719,sbj739,14,no,b_cell,14439.000000,99366.000000,14.531127
sample03722,sbj740,14,no,b_cell,10093.000000,104536.000000,9.655047
sample03740,sbj746,14,no,b_cell,7502.000000,98516.000000,7.615007
sample03770,sbj756,14,no,b_cell,8038.000000,89002.000000,9.031258
sample03776,sbj758,14,no,b_cell,12934.000000,100480.000000,12.872213
sample03818,sbj772,14,no,b_cell,9566.000000,104612.000000,9.144266
sample03893,sbj797,14,no,b_cell,12366.000000,89473.000000,13.820929
sample03941,sbj813,14,no,b_cell,11612.000000,93507.000000,12.418322
sample03974,sbj824,14,no,b_cell,4001.000000,107136.000000,3.734506
sample04064,sbj854,14,no,b_cell,8677.000000,90827.000000,9.553327
sample04076,sbj858,14,no,b_cell,11420.000000,101344.000000,11.268551
sample04097,sbj865,14,no,b_cell,18946.000000,108545.000000,17.454512
sample04136,sbj878,14,no,b_cell,13873.000000,88915.000000,15.602542
sample04145,sbj881,14,no,b_cell,11543.000000,101485.000000,11.374095
sample04184,sbj894,14,no,b_cell,14109.000000,92900.000000,15.187298
sample04193,sbj897,14,no,b_cell,10894.000000,94420.000000,11.537810
sample04202,sbj900,14,no,b_cell,7918.000000,99751.000000,7.937765
sample04208,sbj902,14,no,b_cell,11527.000000,98206.000000,11.737572
sample04211,sbj903,14,no,b_cell,11651.000000,98625.000000,11.813435
sample04280,sbj926,14,no,b_cell,11727.000000,99292.000000,11.810619
sample04310,sbj936,14,no,b_cell,14441.000000,97721.000000,14.777786
sample04340,sbj946,14,no,b_cell,8805.000000,93171.000000,9.450365
sample04421,sbj973,14,no,b_cell,8821.000000,91067.000000,9.686275
sample04430,sbj976,14,no,b_cell,11253.000000,89691.000000,12.546409
sample04451,sbj983,14,no,b_cell,16414.000000,105296.000000,15.588436
sample07505,sbj2501,14,no,b_cell,6955.000000,103364.000000,6.728648
sample07517,sbj2505,14,no,b_cell,8127.000000,101396.000000,8.015109
sample07544,sbj2514,14,no,b_cell,5055.000000,104144.000000,4.853856
sample07622,sbj2540,14,no,b_cell,11091.000000,93577.000000,11.852271
sample07634,sbj2544,14,no,b_cell,9188.000000,103231.000000,8.900427
sample07646,sbj2548,14,no,b_cell,7663.000000,96494.000000,7.941426
sample07655,sbj2551,14,no,b_cell,7664.000000,90225.000000,8.494320
sample07676,sbj2558,14,no,b_cell,7832.000000,97725.000000,8.014326
sample07700,sbj2566,14,no,b_cell,12877.000000,108119.000000,11.910025
sample07712,sbj2570,14,no,b_cell,10534.000000,105842.000000,9.952571
sample07724,sbj2574,14,no,b_cell,9742.000000,104246.000000,9.345203
sample07736,sbj2578,14,no,b_cell,10265.000000,97518.000000,10.526262
sample07748,sbj2582,14,no,b_cell,6080.000000,92772.000000,6.553702
sample07811,sbj2603,14,no,b_cell,4479.000000,103371.000000,4.332937
sample07817,sbj2605,14,no,b_cell,11479.000000,92347.000000,12.430290
sample07820,sbj2606,14,no,b_cell,10689.000000,95441.000000,11.199589
sample07835,sbj2611,14,no,b_cell,6283.000000,106507.000000,5.899143
sample07874,sbj2624,14,no,b_cell,10232.000000,101362.000000,10.094513
sample07901,sbj2633,14,no,b_cell,12660.000000,98876.000000,12.803916
sample07928,sbj2642,14,no,b_cell,8596.000000,108547.000000,7.919150
sample07931,sbj2643,14,no,b_cell,11308.000000,94946.000000,11.909928
sample07934,sbj2644,14,no,b_cell,15776.000000,97171.000000,16.235297
sample07943,sbj2647,14,no,b_cell,7757.000000,96982.000000,7.998391
sample07961,sbj2653,14,no,b_cell,12023.000000,102393.000000,11.742014
sample08006,sbj2668,14,no,b_cell,9672.000000,104642.000000,9.242943
sample08015,sbj2671,14,no,b_cell,12870.000000,103548.000000,12.429018
sample08030,sbj2676,14,no,b_cell,14646.000000,98181.000000,14.917347
sample08051,sbj2683,14,no,b_cell,11344.000000,92654.000000,12.243400
sample08066,sbj2688,14,no,b_cell,7097.000000,102946.000000,6.893906
sample08078,sbj2692,14,no,b_cell,5602.000000,90609.000000,6.182609
sample08120,sbj2706,14,no,b_cell,9674.000000,91973.000000,10.518304
sample08135,sbj2711,14,no,b_cell,11098.000000,103351.000000,10.738164
sample08144,sbj2714,14,no,b_cell,19121.000000,103566.000000,18.462623
sample08162,sbj2720,14,no,b_cell,8068.000000,104789.000000,7.699281
sample08186,sbj2728,14,no,b_cell,11499.000000,108140.000000,10.633438
sample08216,sbj2738,14,no,b_cell,6069.000000,98092.000000,6.187049
sample08279,sbj2759,14,no,b_cell,7864.000000,92248.000000,8.524846
sample08306,sbj2768,14,no,b_cell,9183.000000,92929.000000,9.881738
sample08315,sbj2771,14,no,b_cell,9652.000000,101310.000000,9.527194
sample08327,sbj2775,14,no,b_cell,12984.000000,100877.000000,12.871120
sample08333,sbj2777,14,no,b_cell,16190.000000,98652.000000,16.411223
sample08336,sbj2778,14,no,b_cell,11006.000000,103955.000000,10.587273
sample08369,sbj2789,14,no,b_cell,7158.000000,101892.000000,7.025085
sample08399,sbj2799,14,no,b_cell,5441.000000,96601.000000,5.632447
sample08414,sbj2804,14,no,b_cell,4842.000000,99121.000000,4.884939
sample08417,sbj2805,14,no,b_cell,8291.000000,96559.000000,8.586460
sample08423,sbj2807,14,no,b_cell,15491.000000,92217.000000,16.798421
sample08435,sbj2811,14,no,b_cell,9930.000000,94108.000000,10.551707
sample08438,sbj2812,14,no,b_cell,12634.000000,96152.000000,13.139612
sample08441,sbj2813,14,no,b_cell,4068.000000,95799.000000,4.246391
sample08462,sbj2820,14,no,b_cell,6416.000000,103663.000000,6.189286
sample08474,sbj2824,14,no,b_cell,8503.000000,99502.000000,8.545557
sample08495,sbj2831,14,no,b_cell,6647.000000,100948.000000,6.584578
sample08504,sbj2834,14,no,b_cell,10003.000000,101687.000000,9.837049
sample08522,sbj2840,14,no,b_cell,8928.000000,89493.000000,9.976199
sample08528,sbj2842,14,no,b_cell,7806.000000,99766.000000,7.824309
sample08543,sbj2847,14,no,b_cell,5300.000000,93350.000000,5.677558
sample08558,sbj2852,14,no,b_cell,9619.000000,105622.000000,9.107004
sample08561,sbj2853,14,no,b_cell,9913.000000,101886.000000,9.729502
sample08591,sbj2863,14,no,b_cell,12522.000000,88260.000000,14.187627
sample08639,sbj2879,14,no,b_cell,13033.000000,100579.000000,12.957973
sample08663,sbj2887,14,no,b_cell,7168.000000,87150.000000,8.224900
sample08666,sbj2888,14,no,b_cell,9018.000000,99309.000000,9.080748
sample08714,sbj2904,14,no,b_cell,12058.000000,100982.000000,11.940742
sample08732,sbj2910,14,no,b_cell,7436.000000,96924.000000,7.671990
sample08753,sbj2917,14,no,b_cell,6559.000000,96609.000000,6.789223
sample08765,sbj2921,14,no,b_cell,14082.000000,96530.000000,14.588211
sample08807,sbj2935,14,no,b_cell,9971.000000,99616.000000,10.009436
sample08876,sbj2958,14,no,b_cell,5206.000000,92898.000000,5.603996
sample08921,sbj2973,14,no,b_cell,10516.000000,105610.000000,9.957390
sample08954,sbj2984,14,no,b_cell,6578.000000,106043.000000,6.203144
sample08960,sbj2986,14,no,b_cell,15162.000000,106928.000000,14.179635
sample08969,sbj2989,14,no,b_cell,9743.000000,92795.000000,10.499488
sample08978,sbj2992,14,no,b_cell,6841.000000,89742.000000,7.622964
sample09005,sbj3001,14,no,b_cell,5951.000000,96249.000000,6.182921
sample09032,sbj3010,14,no,b_cell,14375.000000,90253.000000,15.927448
sample09038,sbj3012,14,no,b_cell,6916.000000,92290.000000,7.493770
sample09041,sbj3013,14,no,b_cell,8849.000000,92805.000000,9.535047
sample09050,sbj3016,14,no,b_cell,9981.000000,92368.000000,10.805690
sample09062,sbj3020,14,no,b_cell,10435.000000,105611.000000,9.880600
sample09068,sbj3022,14,no,b_cell,11366.000000,105653.000000,10.757858
sample09152,sbj3050,14,no,b_cell,7939.000000,93197.000000,8.518515
sample09161,sbj3053,14,no,b_cell,5842.000000,95179.000000,6.137909
sample09185,sbj3061,14,no,b_cell,11085.000000,106505.000000,10.407962
sample09215,sbj3071,14,no,b_cell,7168.000000,94756.000000,7.564692
sample09248,sbj3082,14,no,b_cell,9088.000000,91693.000000,9.911335
sample09251,sbj3083,14,no,b_cell,10742.000000,96242.000000,11.161447
sample09290,sbj3096,14,no,b_cell,10130.000000,104172.000000,9.724302
sample09296,sbj3098,14,no,b_cell,6487.000000,105907.000000,6.125185
sample09305,sbj3101,14,no,b_cell,14166.000000,105056.000000,13.484237
sample09356,sbj3118,14,no,b_cell,13298.000000,110624.000000,12.020900
sample09365,sbj3121,14,no,b_cell,10136.000000,103759.000000,9.768791
sample09380,sbj3126,14,no,b_cell,8296.000000,101569.000000,8.167846
sample09386,sbj3128,14,no,b_cell,9176.000000,102555.000000,8.947394
sample09389,sbj3129,14,no,b_cell,11661.000000,107114.000000,10.886532
sample09416,sbj3138,14,no,b_cell,12222.000000,92668.000000,13.189019
sample09422,sbj3140,14,no,b_cell,14813.000000,92730.000000,15.974334
sample09431,sbj3143,14,no,b_cell,17801.000000,109166.000000,16.306359
sample09434,sbj3144,14,no,b_cell,8111.000000,106134.000000,7.642226
sample09479,sbj3159,14,no,b_cell,9430.000000,91143.000000,10.346379
sample09485,sbj3161,14,no,b_cell,6906.000000,89487.000000,7.717322
sample09494,sbj3164,14,no,b_cell,10310.000000,99359.000000,10.376513
sample09557,sbj3185,14,no,b_cell,9829.000000,97063.000000,10.126413
sample09569,sbj3189,14,no,b_cell,8047.000000,90128.000000,8.928413
sample09587,sbj3195,14,no,b_cell,12127.000000,100968.000000,12.010736
sample09590,sbj3196,14,no,b_cell,11178.000000,98985.000000,11.292620
sample09629,sbj3209,14,no,b_cell,10394.000000,90723.000000,11.456852
sample09659,sbj3219,14,no,b_cell,10198.000000,104502.000000,9.758665
sample09674,sbj3224,14,no,b_cell,8516.000000,102113.000000,8.339780
sample09746,sbj3248,14,no,b_cell,11866.000000,91888.000000,12.913547
sample09758,sbj3252,14,no,b_cell,10564.000000,93732.000000,11.270431
sample09764,sbj3254,14,no,b_cell,8798.000000,104839.000000,8.391915
sample09815,sbj3271,14,no,b_cell,10432.000000,97468.000000,10.703000
sample09818,sbj3272,14,no,b_cell,9235.000000,98119.000000,9.412040
sample09872,sbj3290,14,no,b_cell,9475.000000,109000.000000,8.692661
sample09875,sbj3291,14,no,b_cell,12439.000000,102969.000000,12.080335
sample09896,sbj3298,14,no,b_cell,13079.000000,91620.000000,14.275267
sample09902,sbj3300,14,no,b_cell,8082.000000,94318.000000,8.568884
sample09905,sbj3301,14,no,b_cell,9752.000000,94844.000000,10.282148
sample09914,sbj3304,14,no,b_cell,8133.000000,97204.000000,8.366940
sample09920,sbj3306,14,no,b_cell,7630.000000,99134.000000,7.696653
sample09989,sbj3329,14,no,b_cell,9507.000000,100426.000000,9.466672
sample10001,sbj3333,14,no,b_cell,6881.000000,89337.000000,7.702296
sample10070,sbj3356,14,no,b_cell,4380.000000,93243.000000,4.697404
sample10091,sbj3363,14,no,b_cell,9649.000000,109783.000000,8.789157
sample10193,sbj3397,14,no,b_cell,7453.000000,89936.000000,8.287004
sample10232,sbj3410,14,no,b_cell,6784.000000,101602.000000,6.677034
sample10253,sbj3417,14,no,b_cell,8125.000000,91020.000000,8.926610
sample10268,sbj3422,14,no,b_cell,15048.000000,91032.000000,16.530451
sample10307,sbj3435,14,no,b_cell,10988.000000,103741.000000,10.591762
sample10322,sbj3440,14,no,b_cell,8012.000000,102500.000000,7.816585
sample10397,sbj3465,14,no,b_cell,10047.000000,104962.000000,9.572036
sample10418,sbj3472,14,no,b_cell,6156.000000,97502.000000,6.313717
sample10457,sbj3485,14,no,b_cell,13023.000000,98292.000000,13.249298
sample10472,sbj3490,14,no,b_cell,20462.000000,104967.000000,19.493746
sample10475,sbj3491,14,no,b_cell,12583.000000,85810.000000,14.663792
sample00026,sbj008,14,yes,b_cell,7936.000000,95777.000000,8.285914
sample00062,sbj020,14,yes,b_cell,10066.000000,95286.000000,10.563986
sample00068,sbj022,14,yes,b_cell,10501.000000,110245.000000,9.525149
sample00077,sbj025,14,yes,b_cell,9602.000000,105432.000000,9.107292
sample00143,sbj047,14,yes,b_cell,7954.000000,95184.000000,8.356446
sample00167,sbj055,14,yes,b_cell,9538.000000,108425.000000,8.796864
sample00170,sbj056,14,yes,b_cell,7984.000000,98457.000000,8.109124
sample00263,sbj087,14,yes,b_cell,10125.000000,97454.000000,10.389517
sample00326,sbj1007,14,yes,b_cell,12099.000000,97661.000000,12.388773
sample00329,sbj1008,14,yes,b_cell,10454.000000,107732.000000,9.703709
sample00335,sbj101,14,yes,b_cell,9604.000000,102261.000000,9.391655
sample00371,sbj1020,14,yes,b_cell,3757.000000,94340.000000,3.982404
sample00380,sbj1023,14,yes,b_cell,5710.000000,95275.000000,5.993178
sample00428,sbj1038,14,yes,b_cell,3953.000000,93130.000000,4.244604
sample00449,sbj1044,14,yes,b_cell,8797.000000,99023.000000,8.883795
sample00485,sbj1055,14,yes,b_cell,10786.000000,102542.000000,10.518617
sample00500,sbj106,14,yes,b_cell,9346.000000,92267.000000,10.129299
sample00512,sbj1063,14,yes,b_cell,8104.000000,105031.000000,7.715817
sample00539,sbj1071,14,yes,b_cell,4590.000000,112399.000000,4.083666
sample00545,sbj1073,14,yes,b_cell,17635.000000,103635.000000,17.016452
sample00557,sbj1077,14,yes,b_cell,10701.000000,104558.000000,10.234511
sample00566,sbj108,14,yes,b_cell,13525.000000,98928.000000,13.671559
sample00623,sbj1097,14,yes,b_cell,7292.000000,100146.000000,7.281369
sample00632,sbj110,14,yes,b_cell,11420.000000,92195.000000,12.386789
sample00662,sbj1109,14,yes,b_cell,6493.000000,98068.000000,6.620916
sample00677,sbj1113,14,yes,b_cell,11827.000000,96411.000000,12.267272
sample00716,sbj1125,14,yes,b_cell,18762.000000,111411.000000,16.840348
sample00755,sbj1137,14,yes,b_cell,6774.000000,97992.000000,6.912809
sample00827,sbj1159,14,yes,b_cell,8126.000000,98597.000000,8.241630
sample00842,sbj1163,14,yes,b_cell,5751.000000,104754.000000,5.490005
sample00863,sbj117,14,yes,b_cell,2413.000000,101651.000000,2.373808
sample00875,sbj1173,14,yes,b_cell,12312.000000,106472.000000,11.563604
sample00878,sbj1174,14,yes,b_cell,6631.000000,93168.000000,7.117251
sample00890,sbj1178,14,yes,b_cell,12647.000000,100665.000000,12.563453
sample00896,sbj118,14,yes,b_cell,11286.000000,102348.000000,11.027084
sample00914,sbj1185,14,yes,b_cell,9435.000000,95778.000000,9.850905
sample00917,sbj1186,14,yes,b_cell,7142.000000,105075.000000,6.797050
sample00941,sbj1193,14,yes,b_cell,9518.000000,100542.000000,9.466691
sample01010,sbj1214,14,yes,b_cell,8314.000000,101492.000000,8.191779
sample01019,sbj1217,14,yes,b_cell,4611.000000,99306.000000,4.643224
sample01070,sbj1232,14,yes,b_cell,10381.000000,108844.000000,9.537503
sample01076,sbj1234,14,yes,b_cell,10581.000000,106152.000000,9.967782
sample01082,sbj1236,14,yes,b_cell,9436.000000,104619.000000,9.019394
sample01094,sbj124,14,yes,b_cell,5718.000000,111273.000000,5.138713
sample01106,sbj1243,14,yes,b_cell,8173.000000,95116.000000,8.592666
sample01130,sbj1250,14,yes,b_cell,13387.000000,106266.000000,12.597632
sample01172,sbj1263,14,yes,b_cell,5988.000000,99022.000000,6.047141
sample01247,sbj1286,14,yes,b_cell,6941.000000,96431.000000,7.197893
sample01250,sbj1287,14,yes,b_cell,6883.000000,94327.000000,7.296956
sample01262,sbj1290,14,yes,b_cell,14490.000000,98411.000000,14.723964
sample01268,sbj1292,14,yes,b_cell,8186.000000,92304.000000,8.868521
sample01286,sbj1298,14,yes,b_cell,8931.000000,99219.000000,9.001300
sample01313,sbj1306,14,yes,b_cell,6971.000000,107635.000000,6.476518
sample01328,sbj1310,14,yes,b_cell,10873.000000,106081.000000,10.249715
sample01331,sbj1311,14,yes,b_cell,11284.000000,98623.000000,11.441550
sample01334,sbj1312,14,yes,b_cell,7656.000000,109803.000000,6.972487
sample01361,sbj1320,14,yes,b_cell,9563.000000,102423.000000,9.336770
sample01379,sbj1326,14,yes,b_cell,11035.000000,96861.000000,11.392614
sample01421,sbj1339,14,yes,b_cell,13139.000000,92764.000000,14.163900
sample01424,sbj134,14,yes,b_cell,7469.000000,99345.000000,7.518245
sample01442,sbj1345,14,yes,b_cell,16149.000000,108646.000000,14.863870
sample01460,sbj1350,14,yes,b_cell,13661.000000,109277.000000,12.501258
sample01493,sbj1360,14,yes,b_cell,8822.000000,104531.000000,8.439602
sample01499,sbj1362,14,yes,b_cell,10671.000000,101999.000000,10.461867
sample01535,sbj1373,14,yes,b_cell,8366.000000,102823.000000,8.136312
sample01538,sbj1374,14,yes,b_cell,13810.000000,94072.000000,14.680245
sample01547,sbj1377,14,yes,b_cell,8980.000000,95205.000000,9.432278
sample01604,sbj1394,14,yes,b_cell,9540.000000,109316.000000,8.726993
sample01622,sbj140,14,yes,b_cell,9667.000000,101351.000000,9.538140
sample01637,sbj1404,14,yes,b_cell,11457.000000,105257.000000,10.884787
sample01640,sbj1405,14,yes,b_cell,19671.000000,98315.000000,20.008137
sample01667,sbj1413,14,yes,b_cell,6043.000000,97142.000000,6.220790
sample01685,sbj1419,14,yes,b_cell,12696.000000,93146.000000,13.630215
sample01694,sbj1421,14,yes,b_cell,13456.000000,98678.000000,13.636272
sample01721,sbj143,14,yes,b_cell,16543.000000,96252.000000,17.187175
sample01730,sbj1432,14,yes,b_cell,15069.000000,106929.000000,14.092529
sample01757,sbj1440,14,yes,b_cell,7239.000000,109764.000000,6.595058
sample01787,sbj145,14,yes,b_cell,6297.000000,105827.000000,5.950277
sample01817,sbj1459,14,yes,b_cell,7981.000000,102908.000000,7.755471
sample01826,sbj1461,14,yes,b_cell,8470.000000,111533.000000,7.594165
sample01832,sbj1463,14,yes,b_cell,6361.000000,103134.000000,6.167704
sample01835,sbj1464,14,yes,b_cell,13960.000000,94836.000000,14.720148
sample01883,sbj1479,14,yes,b_cell,8533.000000,98681.000000,8.647055
sample01901,sbj1484,14,yes,b_cell,6199.000000,106020.000000,5.847010
sample01964,sbj154,14,yes,b_cell,11696.000000,102231.000000,11.440757
sample02039,sbj179,14,yes,b_cell,8420.000000,106824.000000,7.882124
sample02057,sbj185,14,yes,b_cell,10969.000000,100927.000000,10.868251
sample02066,sbj188,14,yes,b_cell,11346.000000,102644.000000,11.053739
sample02180,sbj226,14,yes,b_cell,8504.000000,107565.000000,7.905917
sample02198,sbj232,14,yes,b_cell,5648.000000,94020.000000,6.007233
sample02237,sbj245,14,yes,b_cell,13592.000000,106187.000000,12.800060
sample02246,sbj248,14,yes,b_cell,3815.000000,95934.000000,3.976692
sample02264,sbj254,14,yes,b_cell,5200.000000,105832.000000,4.913448
sample02342,sbj280,14,yes,b_cell,12235.000000,110313.000000,11.091168
sample02390,sbj296,14,yes,b_cell,8821.000000,89190.000000,9.890122
sample02441,sbj313,14,yes,b_cell,6808.000000,107771.000000,6.317098
sample02456,sbj318,14,yes,b_cell,12628.000000,103408.000000,12.211821
sample02468,sbj322,14,yes,b_cell,6925.000000,103442.000000,6.694573
sample02483,sbj327,14,yes,b_cell,8027.000000,94166.000000,8.524308
sample02492,sbj330,14,yes,b_cell,8226.000000,110915.000000,7.416490
sample02501,sbj333,14,yes,b_cell,9442.000000,96176.000000,9.817418
sample02519,sbj339,14,yes,b_cell,17892.000000,110636.000000,16.171951
sample02564,sbj354,14,yes,b_cell,4620.000000,100787.000000,4.583925
sample02576,sbj358,14,yes,b_cell,14823.000000,112012.000000,13.233404
sample02588,sbj362,14,yes,b_cell,9707.000000,99688.000000,9.737381
sample02591,sbj363,14,yes,b_cell,9671.000000,104087.000000,9.291266
sample02627,sbj375,14,yes,b_cell,7286.000000,103558.000000,7.035671
sample02642,sbj380,14,yes,b_cell,7394.000000,92204.000000,8.019175
sample02657,sbj385,14,yes,b_cell,13034.000000,107830.000000,12.087545
sample02675,sbj391,14,yes,b_cell,7286.000000,109520.000000,6.652666
sample02738,sbj412,14,yes,b_cell,7083.000000,95263.000000,7.435206
sample02756,sbj418,14,yes,b_cell,8067.000000,96104.000000,8.394031
sample02762,sbj420,14,yes,b_cell,3665.000000,102034.000000,3.591940
sample02768,sbj422,14,yes,b_cell,11482.000000,99922.000000,11.490963
sample02774,sbj424,14,yes,b_cell,10372.000000,98364.000000,10.544508
sample02783,sbj427,14,yes,b_cell,15923.000000,98298.000000,16.198702
sample02810,sbj436,14,yes,b_cell,7766.000000,108117.000000,7.182959
sample02825,sbj441,14,yes,b_cell,12200.000000,101097.000000,12.067618
sample02840,sbj446,14,yes,b_cell,6008.000000,91985.000000,6.531500
sample02849,sbj449,14,yes,b_cell,9929.000000,110004.000000,9.026035
sample02858,sbj452,14,yes,b_cell,7975.000000,108805.000000,7.329626
sample02876,sbj458,14,yes,b_cell,10696.000000,110266.000000,9.700180
sample02912,sbj470,14,yes,b_cell,7007.000000,108860.000000,6.436708
sample02918,sbj472,14,yes,b_cell,9811.000000,107332.000000,9.140797
sample02927,sbj475,14,yes,b_cell,11330.000000,97155.000000,11.661778
sample02930,sbj476,14,yes,b_cell,7552.000000,99254.000000,7.608761
sample02978,sbj492,14,yes,b_cell,9570.000000,107263.000000,8.921995
sample02993,sbj497,14,yes,b_cell,11565.000000,100518.000000,11.505402
sample02999,sbj499,14,yes,b_cell,12168.000000,93914.000000,12.956535
sample03002,sbj500,14,yes,b_cell,9127.000000,101025.000000,9.034397
sample03023,sbj507,14,yes,b_cell,10199.000000,95652.000000,10.662610
sample03026,sbj508,14,yes,b_cell,4490.000000,91163.000000,4.925244
sample03041,sbj513,14,yes,b_cell,7879.000000,106424.000000,7.403405
sample03068,sbj522,14,yes,b_cell,8205.000000,103278.000000,7.944577
sample03095,sbj531,14,yes,b_cell,5353.000000,107388.000000,4.984728
sample03122,sbj540,14,yes,b_cell,10233.000000,110501.000000,9.260550
sample03161,sbj553,14,yes,b_cell,8322.000000,99108.000000,8.396900
sample03185,sbj561,14,yes,b_cell,16023.000000,99815.000000,16.052697
sample03197,sbj565,14,yes,b_cell,5715.000000,94407.000000,6.053577
sample03248,sbj582,14,yes,b_cell,5463.000000,93048.000000,5.871163
sample03266,sbj588,14,yes,b_cell,12948.000000,101227.000000,12.791054
sample03269,sbj589,14,yes,b_cell,10226.000000,105647.000000,9.679404
sample03275,sbj591,14,yes,b_cell,15316.000000,95210.000000,16.086546
sample03287,sbj595,14,yes,b_cell,19949.000000,108609.000000,18.367723
sample03299,sbj599,14,yes,b_cell,10407.000000,109354.000000,9.516799
sample03305,sbj601,14,yes,b_cell,12864.000000,106083.000000,12.126354
sample03377,sbj625,14,yes,b_cell,8291.000000,101050.000000,8.204849
sample03383,sbj627,14,yes,b_cell,11414.000000,107112.000000,10.656136
sample03407,sbj635,14,yes,b_cell,11860.000000,105278.000000,11.265412
sample03455,sbj651,14,yes,b_cell,12333.000000,104408.000000,11.812313
sample03467,sbj655,14,yes,b_cell,13853.000000,106721.000000,12.980576
sample03488,sbj662,14,yes,b_cell,7057.000000,93683.000000,7.532850
sample03494,sbj664,14,yes,b_cell,12662.000000,111627.000000,11.343134
sample03533,sbj677,14,yes,b_cell,16242.000000,102535.000000,15.840445
sample03578,sbj692,14,yes,b_cell,8883.000000,92344.000000,9.619466
sample03590,sbj696,14,yes,b_cell,6425.000000,100387.000000,6.400231
sample03593,sbj697,14,yes,b_cell,7755.000000,92322.000000,8.399948
sample03623,sbj707,14,yes,b_cell,14173.000000,108938.000000,13.010153
sample03626,sbj708,14,yes,b_cell,12555.000000,110815.000000,11.329694
sample03749,sbj749,14,yes,b_cell,10031.000000,101769.000000,9.856636
sample03767,sbj755,14,yes,b_cell,8029.000000,107850.000000,7.444599
sample03791,sbj763,14,yes,b_cell,12462.000000,110161.000000,11.312533
sample03806,sbj768,14,yes,b_cell,8104.000000,97154.000000,8.341396
sample03821,sbj773,14,yes,b_cell,7732.000000,104432.000000,7.403861
sample03848,sbj782,14,yes,b_cell,10981.000000,109847.000000,9.996632
sample03854,sbj784,14,yes,b_cell,6922.000000,96613.000000,7.164667
sample03863,sbj787,14,yes,b_cell,7048.000000,95804.000000,7.356687
sample03887,sbj795,14,yes,b_cell,10634.000000,93930.000000,11.321197
sample03938,sbj812,14,yes,b_cell,12959.000000,98992.000000,13.090957
sample03944,sbj814,14,yes,b_cell,8233.000000,113114.000000,7.278498
sample03953,sbj817,14,yes,b_cell,6340.000000,91762.000000,6.909178
sample03965,sbj821,14,yes,b_cell,7859.000000,108858.000000,7.219497
sample03983,sbj827,14,yes,b_cell,6900.000000,104813.000000,6.583153
sample04016,sbj838,14,yes,b_cell,18124.000000,111287.000000,16.285820
sample04037,sbj845,14,yes,b_cell,13721.000000,95425.000000,14.378832
sample04049,sbj849,14,yes,b_cell,9418.000000,95378.000000,9.874395
sample04070,sbj856,14,yes,b_cell,15906.000000,103842.000000,15.317502
sample04130,sbj876,14,yes,b_cell,7250.000000,98134.000000,7.387857
sample04157,sbj885,14,yes,b_cell,9465.000000,100599.000000,9.408642
sample04172,sbj890,14,yes,b_cell,7609.000000,92925.000000,8.188324
sample04175,sbj891,14,yes,b_cell,8108.000000,97702.000000,8.298704
sample04190,sbj896,14,yes,b_cell,8140.000000,92747.000000,8.776564
sample04205,sbj901,14,yes,b_cell,9889.000000,111662.000000,8.856191
sample04226,sbj908,14,yes,b_cell,6181.000000,101870.000000,6.067537
sample04268,sbj922,14,yes,b_cell,8586.000000,108632.000000,7.903748
sample04286,sbj928,14,yes,b_cell,5740.000000,108621.000000,5.284429
sample04295,sbj931,14,yes,b_cell,12612.000000,105510.000000,11.953369
sample04298,sbj932,14,yes,b_cell,16908.000000,108568.000000,15.573650
sample04304,sbj934,14,yes,b_cell,7032.000000,98648.000000,7.128376
sample04349,sbj949,14,yes,b_cell,12648.000000,96741.000000,13.074084
sample04370,sbj956,14,yes,b_cell,13599.000000,99005.000000,13.735670
sample04379,sbj959,14,yes,b_cell,11004.000000,92605.000000,11.882728
sample04436,sbj978,14,yes,b_cell,3423.000000,107254.000000,3.191489
sample04463,sbj987,14,yes,b_cell,8567.000000,103405.000000,8.284899
sample04493,sbj997,14,yes,b_cell,12084.000000,94992.000000,12.721071
sample07508,sbj2502,14,yes,b_cell,17593.000000,101838.000000,17.275477
sample07529,sbj2509,14,yes,b_cell,7441.000000,92996.000000,8.001419
sample07553,sbj2517,14,yes,b_cell,6360.000000,91151.000000,6.977433
sample07562,sbj2520,14,yes,b_cell,9789.000000,101792.000000,9.616669
sample07577,sbj2525,14,yes,b_cell,6834.000000,108626.000000,6.291311
sample07589,sbj2529,14,yes,b_cell,10300.000000,96060.000000,10.722465
sample07595,sbj2531,14,yes,b_cell,15351.000000,100255.000000,15.311955
sample07616,sbj2538,14,yes,b_cell,12009.000000,111422.000000,10.777943
sample07649,sbj2549,14,yes,b_cell,6605.000000,96059.000000,6.875982
sample07667,sbj2555,14,yes,b_cell,17745.000000,112151.000000,15.822418
sample07727,sbj2575,14,yes,b_cell,10733.000000,95436.000000,11.246280
sample07763,sbj2587,14,yes,b_cell,9501.000000,99029.000000,9.594159
sample07802,sbj2600,14,yes,b_cell,8193.000000,95342.000000,8.593275
sample07823,sbj2607,14,yes,b_cell,9852.000000,107664.000000,9.150691
sample07826,sbj2608,14,yes,b_cell,6700.000000,95474.000000,7.017617
sample07829,sbj2609,14,yes,b_cell,12648.000000,92306.000000,13.702251
sample07838,sbj2612,14,yes,b_cell,6744.000000,100157.000000,6.733429
sample07907,sbj2635,14,yes,b_cell,5576.000000,93169.000000,5.984823
sample07970,sbj2656,14,yes,b_cell,17805.000000,100212.000000,17.767333
sample08042,sbj2680,14,yes,b_cell,12863.000000,103315.000000,12.450273
sample08057,sbj2685,14,yes,b_cell,10734.000000,98727.000000,10.872406
sample08087,sbj2695,14,yes,b_cell,7657.000000,109839.000000,6.971112
sample08123,sbj2707,14,yes,b_cell,7307.000000,107879.000000,6.773329
sample08129,sbj2709,14,yes,b_cell,9749.000000,107931.000000,9.032623
sample08153,sbj2717,14,yes,b_cell,6245.000000,101829.000000,6.132831
sample08168,sbj2722,14,yes,b_cell,6514.000000,106473.000000,6.117983
sample08180,sbj2726,14,yes,b_cell,6149.000000,99311.000000,6.191661
sample08201,sbj2733,14,yes,b_cell,6432.000000,94484.000000,6.807502
sample08249,sbj2749,14,yes,b_cell,11026.000000,94422.000000,11.677363
sample08276,sbj2758,14,yes,b_cell,12570.000000,98707.000000,12.734659
sample08291,sbj2763,14,yes,b_cell,13507.000000,111328.000000,12.132617
sample08300,sbj2766,14,yes,b_cell,15584.000000,95440.000000,16.328583
sample08330,sbj2776,14,yes,b_cell,3972.000000,103501.000000,3.837644
sample08339,sbj2779,14,yes,b_cell,15566.000000,99255.000000,15.682837
sample08351,sbj2783,14,yes,b_cell,8861.000000,97897.000000,9.051350
sample08354,sbj2784,14,yes,b_cell,10902.000000,106650.000000,10.222222
sample08363,sbj2787,14,yes,b_cell,10200.000000,93327.000000,10.929313
sample08390,sbj2796,14,yes,b_cell,14418.000000,104120.000000,13.847484
sample08405,sbj2801,14,yes,b_cell,7329.000000,98635.000000,7.430425
sample08444,sbj2814,14,yes,b_cell,10952.000000,109275.000000,10.022420
sample08468,sbj2822,14,yes,b_cell,11735.000000,105290.000000,11.145408
sample08483,sbj2827,14,yes,b_cell,10459.000000,111646.000000,9.368002
sample08570,sbj2856,14,yes,b_cell,9852.000000,96610.000000,10.197702
sample08585,sbj2861,14,yes,b_cell,9421.000000,101409.000000,9.290102
sample08597,sbj2865,14,yes,b_cell,12922.000000,94536.000000,13.668867
sample08612,sbj2870,14,yes,b_cell,9544.000000,98046.000000,9.734206
sample08657,sbj2885,14,yes,b_cell,11025.000000,105817.000000,10.418931
sample08687,sbj2895,14,yes,b_cell,3015.000000,92803.000000,3.248817
sample08708,sbj2902,14,yes,b_cell,7081.000000,100379.000000,7.054264
sample08720,sbj2906,14,yes,b_cell,5178.000000,102366.000000,5.058320
sample08726,sbj2908,14,yes,b_cell,8173.000000,102919.000000,7.941196
sample08771,sbj2923,14,yes,b_cell,9351.000000,98836.000000,9.461128
sample08783,sbj2927,14,yes,b_cell,6749.000000,104558.000000,6.454791
sample08831,sbj2943,14,yes,b_cell,6758.000000,105627.000000,6.397985
sample08834,sbj2944,14,yes,b_cell,7361.000000,92594.000000,7.949759
sample08855,sbj2951,14,yes,b_cell,14668.000000,95964.000000,15.284899
sample08858,sbj2952,14,yes,b_cell,5701.000000,92774.000000,6.145041
sample08897,sbj2965,14,yes,b_cell,6638.000000,91809.000000,7.230228
sample08915,sbj2971,14,yes,b_cell,15961.000000,96577.000000,16.526709
sample08927,sbj2975,14,yes,b_cell,9133.000000,101930.000000,8.960071
sample08945,sbj2981,14,yes,b_cell,5691.000000,103206.000000,5.514214
sample08948,sbj2982,14,yes,b_cell,5527.000000,107096.000000,5.160790
sample08972,sbj2990,14,yes,b_cell,9546.000000,108008.000000,8.838234
sample08981,sbj2993,14,yes,b_cell,7596.000000,107277.000000,7.080735
sample09011,sbj3003,14,yes,b_cell,11483.000000,112421.000000,10.214284
sample09020,sbj3006,14,yes,b_cell,10901.000000,107800.000000,10.112245
sample09026,sbj3008,14,yes,b_cell,15366.000000,97245.000000,15.801327
sample09074,sbj3024,14,yes,b_cell,7060.000000,95498.000000,7.392825
sample09083,sbj3027,14,yes,b_cell,14879.000000,100856.000000,14.752717
sample09089,sbj3029,14,yes,b_cell,10329.000000,94333.000000,10.949509
sample09104,sbj3034,14,yes,b_cell,6754.000000,99830.000000,6.765501
sample09116,sbj3038,14,yes,b_cell,11354.000000,110131.000000,10.309540
sample09131,sbj3043,14,yes,b_cell,3344.000000,99591.000000,3.357733
sample09146,sbj3048,14,yes,b_cell,8435.000000,107504.000000,7.846220
sample09164,sbj3054,14,yes,b_cell,5261.000000,100549.000000,5.232275
sample09173,sbj3057,14,yes,b_cell,11727.000000,100489.000000,11.669934
sample09182,sbj3060,14,yes,b_cell,8108.000000,104757.000000,7.739817
sample09200,sbj3066,14,yes,b_cell,13722.000000,94536.000000,14.515105
sample09245,sbj3081,14,yes,b_cell,6202.000000,93440.000000,6.637414
sample09302,sbj3100,14,yes,b_cell,5558.000000,106533.000000,5.217163
sample09392,sbj3130,14,yes,b_cell,6979.000000,108674.000000,6.421959
sample09395,sbj3131,14,yes,b_cell,9315.000000,95935.000000,9.709699
sample09443,sbj3147,14,yes,b_cell,14713.000000,103353.000000,14.235678
sample09452,sbj3150,14,yes,b_cell,2690.000000,92876.000000,2.896335
sample09461,sbj3153,14,yes,b_cell,14531.000000,101217.000000,14.356284
sample09470,sbj3156,14,yes,b_cell,6586.000000,109864.000000,5.994684
sample09488,sbj3162,14,yes,b_cell,6970.000000,108066.000000,6.449762
sample09491,sbj3163,14,yes,b_cell,7675.000000,100726.000000,7.619681
sample09497,sbj3165,14,yes,b_cell,9406.000000,110268.000000,8.530127
sample09515,sbj3171,14,yes,b_cell,3785.000000,97005.000000,3.901861
sample09521,sbj3173,14,yes,b_cell,10859.000000,102947.000000,10.548146
sample09548,sbj3182,14,yes,b_cell,7064.000000,98015.000000,7.207060
sample09575,sbj3191,14,yes,b_cell,12720.000000,107198.000000,11.865893
sample09581,sbj3193,14,yes,b_cell,7308.000000,99145.000000,7.371022
sample09584,sbj3194,14,yes,b_cell,10228.000000,101480.000000,10.078833
sample09593,sbj3197,14,yes,b_cell,7549.000000,107572.000000,7.017625
sample09599,sbj3199,14,yes,b_cell,9963.000000,104265.000000,9.555460
sample09608,sbj3202,14,yes,b_cell,10804.000000,108213.000000,9.984013
sample09614,sbj3204,14,yes,b_cell,4922.000000,92323.000000,5.331283
sample09617,sbj3205,14,yes,b_cell,14206.000000,102767.000000,13.823504
sample09668,sbj3222,14,yes,b_cell,13952.000000,100620.000000,13.866031
sample09692,sbj3230,14,yes,b_cell,7728.000000,103828.000000,7.443079
sample09701,sbj3233,14,yes,b_cell,7009.000000,93749.000000,7.476346
sample09707,sbj3235,14,yes,b_cell,7036.000000,98782.000000,7.122755
sample09722,sbj3240,14,yes,b_cell,8812.000000,104846.000000,8.404708
sample09785,sbj3261,14,yes,b_cell,9928.000000,95332.000000,10.414132
sample09800,sbj3266,14,yes,b_cell,7020.000000,92693.000000,7.573387
sample09911,sbj3303,14,yes,b_cell,19313.000000,107537.000000,17.959400
sample09926,sbj3308,14,yes,b_cell,14111.000000,108489.000000,13.006849
sample09965,sbj3321,14,yes,b_cell,9071.000000,103409.000000,8.771964
sample09980,sbj3326,14,yes,b_cell,10814.000000,99241.000000,10.896706
sample09992,sbj3330,14,yes,b_cell,11047.000000,105603.000000,10.460877
sample09998,sbj3332,14,yes,b_cell,16477.000000,108863.000000,15.135537
sample10040,sbj3346,14,yes,b_cell,6777.000000,91522.000000,7.404777
sample10043,sbj3347,14,yes,b_cell,11509.000000,110107.000000,10.452560
sample10097,sbj3365,14,yes,b_cell,9494.000000,105465.000000,9.002039
sample10118,sbj3372,14,yes,b_cell,6877.000000,103612.000000,6.637262
sample10127,sbj3375,14,yes,b_cell,7563.000000,95263.000000,7.939074
sample10130,sbj3376,14,yes,b_cell,14412.000000,104918.000000,13.736442
sample10133,sbj3377,14,yes,b_cell,12146.000000,104724.000000,11.598105
sample10142,sbj3380,14,yes,b_cell,9638.000000,105826.000000,9.107403
sample10181,sbj3393,14,yes,b_cell,13008.000000,106200.000000,12.248588
sample10199,sbj3399,14,yes,b_cell,14646.000000,107661.000000,13.603812
sample10235,sbj3411,14,yes,b_cell,8354.000000,92824.000000,8.999828
sample10250,sbj3416,14,yes,b_cell,10441.000000,109400.000000,9.543876
sample10325,sbj3441,14,yes,b_cell,10430.000000,101237.000000,10.302557
sample10337,sbj3445,14,yes,b_cell,5246.000000,104553.000000,5.017551
sample10343,sbj3447,14,yes,b_cell,4521.000000,98504.000000,4.589661
sample10349,sbj3449,14,yes,b_cell,15134.000000,104959.000000,14.418964
sample10358,sbj3452,14,yes,b_cell,8915.000000,103852.000000,8.584332
sample10385,sbj3461,14,yes,b_cell,8313.000000,96594.000000,8.606125
sample10388,sbj3462,14,yes,b_cell,5795.000000,92497.000000,6.265068
sample10394,sbj3464,14,yes,b_cell,3978.000000,112461.000000,3.537226
sample10412,sbj3470,14,yes,b_cell,17463.000000,94308.000000,18.516987
sample10445,sbj3481,14,yes,b_cell,16486.000000,107554.000000,15.328114
sample10493,sbj3497,14,yes,b_cell,9683.000000,93386.000000,10.368792
sample00002,sbj000,14,no,cd4_t_cell,24274.000000,92822.000000,26.151128
sample00008,sbj002,14,no,cd4_t_cell,21307.000000,90353.000000,23.581951
sample00011,sbj003,14,no,cd4_t_cell,29391.000000,89815.000000,32.723933
sample00074,sbj024,14,no,cd4_t_cell,33699.000000,92232.000000,36.537211
sample00083,sbj027,14,no,cd4_t_cell,23762.000000,88242.000000,26.928220
sample00125,sbj041,14,no,cd4_t_cell,27052.000000,108174.000000,25.007858
sample00155,sbj051,14,no,cd4_t_cell,29519.000000,98358.000000,30.011794
sample00176,sbj058,14,no,cd4_t_cell,31741.000000,97220.000000,32.648632
sample00188,sbj062,14,no,cd4_t_cell,30565.000000,93651.000000,32.637131
sample00191,sbj063,14,no,cd4_t_cell,25785.000000,97633.000000,26.410128
sample00215,sbj071,14,no,cd4_t_cell,28823.000000,90715.000000,31.773136
sample00245,sbj081,14,no,cd4_t_cell,32230.000000,96046.000000,33.556837
sample00251,sbj083,14,no,cd4_t_cell,29765.000000,98386.000000,30.253288
sample00287,sbj095,14,no,cd4_t_cell,22642.000000,96806.000000,23.389046
sample00404,sbj1030,14,no,cd4_t_cell,27367.000000,95275.000000,28.724219
sample00413,sbj1033,14,no,cd4_t_cell,38387.000000,110787.000000,34.649372
sample00416,sbj1034,14,no,cd4_t_cell,35468.000000,90342.000000,39.259702
sample00437,sbj1040,14,no,cd4_t_cell,26190.000000,97610.000000,26.831267
sample00461,sbj1048,14,no,cd4_t_cell,32549.000000,101052.000000,32.210149
sample00467,sbj105,14,no,cd4_t_cell,23113.000000,93276.000000,24.779150
sample00473,sbj1051,14,no,cd4_t_cell,29430.000000,90146.000000,32.647039
sample00482,sbj1054,14,no,cd4_t_cell,31739.000000,109915.000000,28.875950
sample00494,sbj1058,14,no,cd4_t_cell,30162.000000,105084.000000,28.702752
sample00515,sbj1064,14,no,cd4_t_cell,31016.000000,100291.000000,30.926005
sample00518,sbj1065,14,no,cd4_t_cell,30377.000000,97914.000000,31.024164
sample00524,sbj1067,14,no,cd4_t_cell,37945.000000,100342.000000,37.815670
sample00536,sbj1070,14,no,cd4_t_cell,25325.000000,95929.000000,26.399733
sample00587,sbj1086,14,no,cd4_t_cell,30706.000000,104607.000000,29.353676
sample00590,sbj1087,14,no,cd4_t_cell,27114.000000,90170.000000,30.069868
sample00626,sbj1098,14,no,cd4_t_cell,42872.000000,109633.000000,39.105014
sample00641,sbj1102,14,no,cd4_t_cell,29355.000000,102643.000000,28.599125
sample00695,sbj1119,14,no,cd4_t_cell,23432.000000,102297.000000,22.905853
sample00698,sbj112,14,no,cd4_t_cell,34274.000000,103883.000000,32.992886
sample00719,sbj1126,14,no,cd4_t_cell,37520.000000,106712.000000,35.160057
sample00728,sbj1129,14,no,cd4_t_cell,33125.000000,94780.000000,34.949356
sample00758,sbj1138,14,no,cd4_t_cell,29566.000000,94013.000000,31.448842
sample00800,sbj1150,14,no,cd4_t_cell,19758.000000,100075.000000,19.743193
sample00809,sbj1153,14,no,cd4_t_cell,29353.000000,110157.000000,26.646514
sample00851,sbj1166,14,no,cd4_t_cell,33163.000000,107901.000000,30.734655
sample00869,sbj1171,14,no,cd4_t_cell,33830.000000,101421.000000,33.356011
sample00920,sbj1187,14,no,cd4_t_cell,28675.000000,92268.000000,31.077947
sample00968,sbj1201,14,no,cd4_t_cell,28017.000000,100283.000000,27.937936
sample00989,sbj1208,14,no,cd4_t_cell,28751.000000,108673.000000,26.456434
sample01013,sbj1215,14,no,cd4_t_cell,33480.000000,102053.000000,32.806483
sample01025,sbj1219,14,no,cd4_t_cell,23381.000000,90423.000000,25.857359
sample01043,sbj1224,14,no,cd4_t_cell,28781.000000,91328.000000,31.513884
sample01055,sbj1228,14,no,cd4_t_cell,24505.000000,93852.000000,26.110259
sample01064,sbj1230,14,no,cd4_t_cell,23781.000000,96127.000000,24.739147
sample01112,sbj1245,14,no,cd4_t_cell,21829.000000,92176.000000,23.681869
sample01136,sbj1252,14,no,cd4_t_cell,32788.000000,101744.000000,32.225979
sample01139,sbj1253,14,no,cd4_t_cell,39444.000000,106313.000000,37.101766
sample01145,sbj1255,14,no,cd4_t_cell,29528.000000,107253.000000,27.531165
sample01154,sbj1258,14,no,cd4_t_cell,31568.000000,103873.000000,30.390958
sample01163,sbj1260,14,no,cd4_t_cell,31544.000000,90914.000000,34.696526
sample01220,sbj1278,14,no,cd4_t_cell,36715.000000,105486.000000,34.805567
sample01229,sbj1280,14,no,cd4_t_cell,40658.000000,104556.000000,38.886338
sample01232,sbj1281,14,no,cd4_t_cell,23370.000000,91803.000000,25.456684
sample01244,sbj1285,14,no,cd4_t_cell,28936.000000,98943.000000,29.245121
sample01316,sbj1307,14,no,cd4_t_cell,35225.000000,96957.000000,36.330538
sample01346,sbj1316,14,no,cd4_t_cell,25791.000000,95894.000000,26.895322
sample01388,sbj1329,14,no,cd4_t_cell,24134.000000,107400.000000,22.471136
sample01397,sbj1331,14,no,cd4_t_cell,25466.000000,92581.000000,27.506724
sample01415,sbj1337,14,no,cd4_t_cell,23560.000000,89404.000000,26.352288
sample01433,sbj1342,14,no,cd4_t_cell,32397.000000,98465.000000,32.902046
sample01544,sbj1376,14,no,cd4_t_cell,32358.000000,100029.000000,32.348619
sample01556,sbj138,14,no,cd4_t_cell,25566.000000,100287.000000,25.492836
sample01589,sbj139,14,no,cd4_t_cell,31183.000000,92792.000000,33.605268
sample01613,sbj1397,14,no,cd4_t_cell,19905.000000,91122.000000,21.844341
sample01676,sbj1416,14,no,cd4_t_cell,28230.000000,103515.000000,27.271410
sample01682,sbj1418,14,no,cd4_t_cell,25949.000000,96735.000000,26.824831
sample01688,sbj142,14,no,cd4_t_cell,26251.000000,101006.000000,25.989545
sample01703,sbj1424,14,no,cd4_t_cell,25493.000000,91828.000000,27.761685
sample01724,sbj1430,14,no,cd4_t_cell,32888.000000,95018.000000,34.612389
sample01754,sbj144,14,no,cd4_t_cell,28807.000000,93898.000000,30.679035
sample01769,sbj1444,14,no,cd4_t_cell,38934.000000,97311.000000,40.009865
sample01805,sbj1455,14,no,cd4_t_cell,43407.000000,106453.000000,40.775741
sample01811,sbj1457,14,no,cd4_t_cell,26991.000000,96001.000000,28.115332
sample01814,sbj1458,14,no,cd4_t_cell,31034.000000,102763.000000,30.199585
sample01850,sbj1469,14,no,cd4_t_cell,27335.000000,93842.000000,29.128748
sample01868,sbj1474,14,no,cd4_t_cell,32771.000000,104815.000000,31.265563
sample01877,sbj1477,14,no,cd4_t_cell,20739.000000,102549.000000,20.223503
sample01886,sbj148,14,no,cd4_t_cell,38373.000000,89534.000000,42.858579
sample01895,sbj1482,14,no,cd4_t_cell,24197.000000,103250.000000,23.435351
sample01916,sbj1489,14,no,cd4_t_cell,27650.000000,88605.000000,31.205914
sample01928,sbj1492,14,no,cd4_t_cell,30445.000000,102620.000000,29.667706
sample01934,sbj1494,14,no,cd4_t_cell,32610.000000,91009.000000,35.831621
sample01970,sbj156,14,no,cd4_t_cell,32032.000000,97035.000000,33.010769
sample01988,sbj162,14,no,cd4_t_cell,34063.000000,104688.000000,32.537636
sample01994,sbj164,14,no,cd4_t_cell,33987.000000,98507.000000,34.502117
sample02012,sbj170,14,no,cd4_t_cell,25680.000000,104191.000000,24.647042
sample02018,sbj172,14,no,cd4_t_cell,28434.000000,93989.000000,30.252476
sample02042,sbj180,14,no,cd4_t_cell,31298.000000,101714.000000,30.770592
sample02048,sbj182,14,no,cd4_t_cell,39457.000000,106264.000000,37.131107
sample02063,sbj187,14,no,cd4_t_cell,36210.000000,102881.000000,35.196003
sample02111,sbj203,14,no,cd4_t_cell,25866.000000,109056.000000,23.718090
sample02150,sbj216,14,no,cd4_t_cell,31302.000000,101260.000000,30.912502
sample02171,sbj223,14,no,cd4_t_cell,26631.000000,95918.000000,27.764340
sample02207,sbj235,14,no,cd4_t_cell,25423.000000,98748.000000,25.745332
sample02216,sbj238,14,no,cd4_t_cell,25978.000000,98927.000000,26.259767
sample02234,sbj244,14,no,cd4_t_cell,24443.000000,94074.000000,25.982737
sample02255,sbj251,14,no,cd4_t_cell,34354.000000,104735.000000,32.800878
sample02288,sbj262,14,no,cd4_t_cell,24106.000000,91577.000000,26.323203
sample02291,sbj263,14,no,cd4_t_cell,27872.000000,91213.000000,30.557048
sample02321,sbj273,14,no,cd4_t_cell,36057.000000,105163.000000,34.286774
sample02336,sbj278,14,no,cd4_t_cell,23858.000000,105649.000000,22.582324
sample02357,sbj285,14,no,cd4_t_cell,28901.000000,92077.000000,31.387860
sample02366,sbj288,14,no,cd4_t_cell,26988.000000,90039.000000,29.973678
sample02414,sbj304,14,no,cd4_t_cell,29147.000000,106565.000000,27.351382
sample02432,sbj310,14,no,cd4_t_cell,17018.000000,92882.000000,18.322172
sample02438,sbj312,14,no,cd4_t_cell,34572.000000,102941.000000,33.584286
sample02480,sbj326,14,no,cd4_t_cell,31787.000000,98695.000000,32.207305
sample02543,sbj347,14,no,cd4_t_cell,24764.000000,96093.000000,25.770868
sample02585,sbj361,14,no,cd4_t_cell,32300.000000,99132.000000,32.582819
sample02594,sbj364,14,no,cd4_t_cell,25988.000000,91047.000000,28.543500
sample02621,sbj373,14,no,cd4_t_cell,23204.000000,101615.000000,22.835211
sample02648,sbj382,14,no,cd4_t_cell,25558.000000,95230.000000,26.838181
sample02663,sbj387,14,no,cd4_t_cell,33913.000000,91496.000000,37.065008
sample02666,sbj388,14,no,cd4_t_cell,23672.000000,100607.000000,23.529178
sample02669,sbj389,14,no,cd4_t_cell,26961.000000,108133.000000,24.933184
sample02684,sbj394,14,no,cd4_t_cell,27284.000000,107673.000000,25.339686
sample02702,sbj400,14,no,cd4_t_cell,20844.000000,91635.000000,22.746767
sample02708,sbj402,14,no,cd4_t_cell,28394.000000,96350.000000,29.469642
sample02720,sbj406,14,no,cd4_t_cell,33557.000000,86650.000000,38.727063
sample02744,sbj414,14,no,cd4_t_cell,25965.000000,102996.000000,25.209717
sample02777,sbj425,14,no,cd4_t_cell,23185.000000,92883.000000,24.961511
sample02801,sbj433,14,no,cd4_t_cell,35670.000000,96440.000000,36.986727
sample02813,sbj437,14,no,cd4_t_cell,34990.000000,96600.000000,36.221532
sample02831,sbj443,14,no,cd4_t_cell,27804.000000,90279.000000,30.797860
sample02888,sbj462,14,no,cd4_t_cell,20068.000000,91484.000000,21.936076
sample02891,sbj463,14,no,cd4_t_cell,24861.000000,89620.000000,27.740460
sample02903,sbj467,14,no,cd4_t_cell,35415.000000,102009.000000,34.717525
sample02963,sbj487,14,no,cd4_t_cell,26168.000000,85355.000000,30.657841
sample02972,sbj490,14,no,cd4_t_cell,35152.000000,100224.000000,35.073436
sample03008,sbj502,14,no,cd4_t_cell,33003.000000,88537.000000,37.275941
sample03032,sbj510,14,no,cd4_t_cell,33512.000000,102321.000000,32.751830
sample03053,sbj517,14,no,cd4_t_cell,23984.000000,92544.000000,25.916321
sample03098,sbj532,14,no,cd4_t_cell,31326.000000,92740.000000,33.778305
sample03110,sbj536,14,no,cd4_t_cell,30476.000000,105259.000000,28.953344
sample03134,sbj544,14,no,cd4_t_cell,26480.000000,102745.000000,25.772544
sample03188,sbj562,14,no,cd4_t_cell,21896.000000,91491.000000,23.932409
sample03200,sbj566,14,no,cd4_t_cell,24880.000000,92864.000000,26.791868
sample03215,sbj571,14,no,cd4_t_cell,32028.000000,108078.000000,29.634153
sample03254,sbj584,14,no,cd4_t_cell,28803.000000,96330.000000,29.900343
sample03260,sbj586,14,no,cd4_t_cell,18277.000000,93710.000000,19.503788
sample03320,sbj606,14,no,cd4_t_cell,33683.000000,102769.000000,32.775448
sample03323,sbj607,14,no,cd4_t_cell,30511.000000,104189.000000,29.284281
sample03335,sbj611,14,no,cd4_t_cell,35795.000000,108158.000000,33.095102
sample03365,sbj621,14,no,cd4_t_cell,31804.000000,96622.000000,32.915899
sample03386,sbj628,14,no,cd4_t_cell,32874.000000,106367.000000,30.906202
sample03392,sbj630,14,no,cd4_t_cell,26931.000000,92777.000000,29.027668
sample03404,sbj634,14,no,cd4_t_cell,29405.000000,104117.000000,28.242266
sample03416,sbj638,14,no,cd4_t_cell,31123.000000,89584.000000,34.741695
sample03422,sbj640,14,no,cd4_t_cell,26560.000000,94751.000000,28.031366
sample03434,sbj644,14,no,cd4_t_cell,31287.000000,101888.000000,30.707247
sample03476,sbj658,14,no,cd4_t_cell,25133.000000,89285.000000,28.149185
sample03491,sbj663,14,no,cd4_t_cell,27839.000000,89067.000000,31.256245
sample03554,sbj684,14,no,cd4_t_cell,31974.000000,90562.000000,35.306199
sample03581,sbj693,14,no,cd4_t_cell,23115.000000,98239.000000,23.529352
sample03617,sbj705,14,no,cd4_t_cell,33028.000000,107712.000000,30.663250
sample03635,sbj711,14,no,cd4_t_cell,33974.000000,103725.000000,32.753917
sample03668,sbj722,14,no,cd4_t_cell,38545.000000,102934.000000,37.446325
sample03683,sbj727,14,no,cd4_t_cell,25246.000000,101517.000000,24.868741
sample03686,sbj728,14,no,cd4_t_cell,26437.000000,100694.000000,26.254792
sample03701,sbj733,14,no,cd4_t_cell,35103.000000,105327.000000,33.327637
sample03719,sbj739,14,no,cd4_t_cell,35332.000000,99366.000000,35.557434
sample03722,sbj740,14,no,cd4_t_cell,26663.000000,104536.000000,25.506046
sample03740,sbj746,14,no,cd4_t_cell,32936.000000,98516.000000,33.432133
sample03770,sbj756,14,no,cd4_t_cell,30980.000000,89002.000000,34.808207
sample03776,sbj758,14,no,cd4_t_cell,35338.000000,100480.000000,35.169188
sample03818,sbj772,14,no,cd4_t_cell,38608.000000,104612.000000,36.905900
sample03893,sbj797,14,no,cd4_t_cell,27463.000000,89473.000000,30.694176
sample03941,sbj813,14,no,cd4_t_cell,28467.000000,93507.000000,30.443710
sample03974,sbj824,14,no,cd4_t_cell,44435.000000,107136.000000,41.475321
sample04064,sbj854,14,no,cd4_t_cell,33173.000000,90827.000000,36.523281
sample04076,sbj858,14,no,cd4_t_cell,20963.000000,101344.000000,20.684994
sample04097,sbj865,14,no,cd4_t_cell,27979.000000,108545.000000,25.776406
sample04136,sbj878,14,no,cd4_t_cell,22546.000000,88915.000000,25.356801
sample04145,sbj881,14,no,cd4_t_cell,23122.000000,101485.000000,22.783663
sample04184,sbj894,14,no,cd4_t_cell,32427.000000,92900.000000,34.905274
sample04193,sbj897,14,no,cd4_t_cell,26140.000000,94420.000000,27.684813
sample04202,sbj900,14,no,cd4_t_cell,31375.000000,99751.000000,31.453319
sample04208,sbj902,14,no,cd4_t_cell,28951.000000,98206.000000,29.479869
sample04211,sbj903,14,no,cd4_t_cell,23147.000000,98625.000000,23.469708
sample04280,sbj926,14,no,cd4_t_cell,28150.000000,99292.000000,28.350723
sample04310,sbj936,14,no,cd4_t_cell,35026.000000,97721.000000,35.842859
sample04340,sbj946,14,no,cd4_t_cell,27790.000000,93171.000000,29.826877
sample04421,sbj973,14,no,cd4_t_cell,33257.000000,91067.000000,36.519266
sample04430,sbj976,14,no,cd4_t_cell,27675.000000,89691.000000,30.855939
sample04451,sbj983,14,no,cd4_t_cell,33040.000000,105296.000000,31.378210
sample07505,sbj2501,14,no,cd4_t_cell,46789.000000,103364.000000,45.266244
sample07517,sbj2505,14,no,cd4_t_cell,24877.000000,101396.000000,24.534498
sample07544,sbj2514,14,no,cd4_t_cell,35356.000000,104144.000000,33.949147
sample07622,sbj2540,14,no,cd4_t_cell,28038.000000,93577.000000,29.962491
sample07634,sbj2544,14,no,cd4_t_cell,29921.000000,103231.000000,28.984510
sample07646,sbj2548,14,no,cd4_t_cell,27933.000000,96494.000000,28.947914
sample07655,sbj2551,14,no,cd4_t_cell,33125.000000,90225.000000,36.713771
sample07676,sbj2558,14,no,cd4_t_cell,22500.000000,97725.000000,23.023791
sample07700,sbj2566,14,no,cd4_t_cell,22535.000000,108119.000000,20.842775
sample07712,sbj2570,14,no,cd4_t_cell,36537.000000,105842.000000,34.520323
sample07724,sbj2574,14,no,cd4_t_cell,26011.000000,104246.000000,24.951557
sample07736,sbj2578,14,no,cd4_t_cell,22561.000000,97518.000000,23.135216
sample07748,sbj2582,14,no,cd4_t_cell,24812.000000,92772.000000,26.745139
sample07811,sbj2603,14,no,cd4_t_cell,37231.000000,103371.000000,36.016871
sample07817,sbj2605,14,no,cd4_t_cell,26418.000000,92347.000000,28.607318
sample07820,sbj2606,14,no,cd4_t_cell,28263.000000,95441.000000,29.613059
sample07835,sbj2611,14,no,cd4_t_cell,41153.000000,106507.000000,38.638775
sample07874,sbj2624,14,no,cd4_t_cell,38237.000000,101362.000000,37.723210
sample07901,sbj2633,14,no,cd4_t_cell,23885.000000,98876.000000,24.156519
sample07928,sbj2642,14,no,cd4_t_cell,36769.000000,108547.000000,33.873806
sample07931,sbj2643,14,no,cd4_t_cell,23079.000000,94946.000000,24.307501
sample07934,sbj2644,14,no,cd4_t_cell,21376.000000,97171.000000,21.998333
sample07943,sbj2647,14,no,cd4_t_cell,27844.000000,96982.000000,28.710482
sample07961,sbj2653,14,no,cd4_t_cell,34306.000000,102393.000000,33.504243
sample08006,sbj2668,14,no,cd4_t_cell,36329.000000,104642.000000,34.717417
sample08015,sbj2671,14,no,cd4_t_cell,28221.000000,103548.000000,27.254027
sample08030,sbj2676,14,no,cd4_t_cell,24611.000000,98181.000000,25.066968
sample08051,sbj2683,14,no,cd4_t_cell,29358.000000,92654.000000,31.685626
sample08066,sbj2688,14,no,cd4_t_cell,35172.000000,102946.000000,34.165485
sample08078,sbj2692,14,no,cd4_t_cell,24197.000000,90609.000000,26.704853
sample08120,sbj2706,14,no,cd4_t_cell,33114.000000,91973.000000,36.004045
sample08135,sbj2711,14,no,cd4_t_cell,32735.000000,103351.000000,31.673617
sample08144,sbj2714,14,no,cd4_t_cell,30469.000000,103566.000000,29.419887
sample08162,sbj2720,14,no,cd4_t_cell,34456.000000,104789.000000,32.881314
sample08186,sbj2728,14,no,cd4_t_cell,24012.000000,108140.000000,22.204550
sample08216,sbj2738,14,no,cd4_t_cell,43157.000000,98092.000000,43.996452
sample08279,sbj2759,14,no,cd4_t_cell,24909.000000,92248.000000,27.002211
sample08306,sbj2768,14,no,cd4_t_cell,23996.000000,92929.000000,25.821864
sample08315,sbj2771,14,no,cd4_t_cell,32094.000000,101310.000000,31.679005
sample08327,sbj2775,14,no,cd4_t_cell,33072.000000,100877.000000,32.784480
sample08333,sbj2777,14,no,cd4_t_cell,25085.000000,98652.000000,25.427766
sample08336,sbj2778,14,no,cd4_t_cell,33609.000000,103955.000000,32.330335
sample08369,sbj2789,14,no,cd4_t_cell,37417.000000,101892.000000,36.722216
sample08399,sbj2799,14,no,cd4_t_cell,37624.000000,96601.000000,38.947837
sample08414,sbj2804,14,no,cd4_t_cell,18949.000000,99121.000000,19.117039
sample08417,sbj2805,14,no,cd4_t_cell,19519.000000,96559.000000,20.214584
sample08423,sbj2807,14,no,cd4_t_cell,21491.000000,92217.000000,23.304814
sample08435,sbj2811,14,no,cd4_t_cell,32738.000000,94108.000000,34.787691
sample08438,sbj2812,14,no,cd4_t_cell,27954.000000,96152.000000,29.072718
sample08441,sbj2813,14,no,cd4_t_cell,39785.000000,95799.000000,41.529661
sample08462,sbj2820,14,no,cd4_t_cell,29395.000000,103663.000000,28.356308
sample08474,sbj2824,14,no,cd4_t_cell,31511.000000,99502.000000,31.668710
sample08495,sbj2831,14,no,cd4_t_cell,32660.000000,100948.000000,32.353291
sample08504,sbj2834,14,no,cd4_t_cell,30878.000000,101687.000000,30.365730
sample08522,sbj2840,14,no,cd4_t_cell,21122.000000,89493.000000,23.601846
sample08528,sbj2842,14,no,cd4_t_cell,28551.000000,99766.000000,28.617966
sample08543,sbj2847,14,no,cd4_t_cell,36715.000000,93350.000000,39.330477
sample08558,sbj2852,14,no,cd4_t_cell,27134.000000,105622.000000,25.689724
sample08561,sbj2853,14,no,cd4_t_cell,34001.000000,101886.000000,33.371611
sample08591,sbj2863,14,no,cd4_t_cell,23682.000000,88260.000000,26.832087
sample08639,sbj2879,14,no,cd4_t_cell,33674.000000,100579.000000,33.480150
sample08663,sbj2887,14,no,cd4_t_cell,27205.000000,87150.000000,31.216294
sample08666,sbj2888,14,no,cd4_t_cell,33887.000000,99309.000000,34.122788
sample08714,sbj2904,14,no,cd4_t_cell,35353.000000,100982.000000,35.009210
sample08732,sbj2910,14,no,cd4_t_cell,30068.000000,96924.000000,31.022244
sample08753,sbj2917,14,no,cd4_t_cell,28101.000000,96609.000000,29.087352
sample08765,sbj2921,14,no,cd4_t_cell,32412.000000,96530.000000,33.577126
sample08807,sbj2935,14,no,cd4_t_cell,36911.000000,99616.000000,37.053285
sample08876,sbj2958,14,no,cd4_t_cell,25551.000000,92898.000000,27.504360
sample08921,sbj2973,14,no,cd4_t_cell,37883.000000,105610.000000,35.870656
sample08954,sbj2984,14,no,cd4_t_cell,42521.000000,106043.000000,40.097885
sample08960,sbj2986,14,no,cd4_t_cell,35076.000000,106928.000000,32.803382
sample08969,sbj2989,14,no,cd4_t_cell,31716.000000,92795.000000,34.178566
sample08978,sbj2992,14,no,cd4_t_cell,24484.000000,89742.000000,27.282655
sample09005,sbj3001,14,no,cd4_t_cell,22346.000000,96249.000000,23.216865
sample09032,sbj3010,14,no,cd4_t_cell,22996.000000,90253.000000,25.479485
sample09038,sbj3012,14,no,cd4_t_cell,26903.000000,92290.000000,29.150504
sample09041,sbj3013,14,no,cd4_t_cell,22220.000000,92805.000000,23.942676
sample09050,sbj3016,14,no,cd4_t_cell,34128.000000,92368.000000,36.947861
sample09062,sbj3020,14,no,cd4_t_cell,36035.000000,105611.000000,34.120499
sample09068,sbj3022,14,no,cd4_t_cell,31217.000000,105653.000000,29.546724
sample09152,sbj3050,14,no,cd4_t_cell,27640.000000,93197.000000,29.657607
sample09161,sbj3053,14,no,cd4_t_cell,29926.000000,95179.000000,31.441810
sample09185,sbj3061,14,no,cd4_t_cell,31235.000000,106505.000000,29.327262
sample09215,sbj3071,14,no,cd4_t_cell,27344.000000,94756.000000,28.857276
sample09248,sbj3082,14,no,cd4_t_cell,24406.000000,91693.000000,26.617081
sample09251,sbj3083,14,no,cd4_t_cell,34970.000000,96242.000000,36.335488
sample09290,sbj3096,14,no,cd4_t_cell,33167.000000,104172.000000,31.838690
sample09296,sbj3098,14,no,cd4_t_cell,26464.000000,105907.000000,24.987961
sample09305,sbj3101,14,no,cd4_t_cell,27423.000000,105056.000000,26.103221
sample09356,sbj3118,14,no,cd4_t_cell,37799.000000,110624.000000,34.168896
sample09365,sbj3121,14,no,cd4_t_cell,28267.000000,103759.000000,27.242938
sample09380,sbj3126,14,no,cd4_t_cell,33746.000000,101569.000000,33.224704
sample09386,sbj3128,14,no,cd4_t_cell,19113.000000,102555.000000,18.636829
sample09389,sbj3129,14,no,cd4_t_cell,45347.000000,107114.000000,42.335269
sample09416,sbj3138,14,no,cd4_t_cell,26810.000000,92668.000000,28.931238
sample09422,sbj3140,14,no,cd4_t_cell,34391.000000,92730.000000,37.087243
sample09431,sbj3143,14,no,cd4_t_cell,37066.000000,109166.000000,33.953795
sample09434,sbj3144,14,no,cd4_t_cell,27919.000000,106134.000000,26.305425
sample09479,sbj3159,14,no,cd4_t_cell,28055.000000,91143.000000,30.781300
sample09485,sbj3161,14,no,cd4_t_cell,28358.000000,89487.000000,31.689519
sample09494,sbj3164,14,no,cd4_t_cell,28716.000000,99359.000000,28.901257
sample09557,sbj3185,14,no,cd4_t_cell,31903.000000,97063.000000,32.868343
sample09569,sbj3189,14,no,cd4_t_cell,24473.000000,90128.000000,27.153604
sample09587,sbj3195,14,no,cd4_t_cell,36310.000000,100968.000000,35.961889
sample09590,sbj3196,14,no,cd4_t_cell,31403.000000,98985.000000,31.725009
sample09629,sbj3209,14,no,cd4_t_cell,24586.000000,90723.000000,27.100074
sample09659,sbj3219,14,no,cd4_t_cell,36171.000000,104502.000000,34.612735
sample09674,sbj3224,14,no,cd4_t_cell,28431.000000,102113.000000,27.842684
sample09746,sbj3248,14,no,cd4_t_cell,26851.000000,91888.000000,29.221443
sample09758,sbj3252,14,no,cd4_t_cell,26514.000000,93732.000000,28.287031
sample09764,sbj3254,14,no,cd4_t_cell,32026.000000,104839.000000,30.547792
sample09815,sbj3271,14,no,cd4_t_cell,33795.000000,97468.000000,34.672918
sample09818,sbj3272,14,no,cd4_t_cell,34293.000000,98119.000000,34.950417
sample09872,sbj3290,14,no,cd4_t_cell,38607.000000,109000.000000,35.419266
sample09875,sbj3291,14,no,cd4_t_cell,32183.000000,102969.000000,31.255038
sample09896,sbj3298,14,no,cd4_t_cell,21582.000000,91620.000000,23.555992
sample09902,sbj3300,14,no,cd4_t_cell,28300.000000,94318.000000,30.004877
sample09905,sbj3301,14,no,cd4_t_cell,24367.000000,94844.000000,25.691662
sample09914,sbj3304,14,no,cd4_t_cell,29181.000000,97204.000000,30.020370
sample09920,sbj3306,14,no,cd4_t_cell,27264.000000,99134.000000,27.502169
sample09989,sbj3329,14,no,cd4_t_cell,25683.000000,100426.000000,25.574055
sample10001,sbj3333,14,no,cd4_t_cell,23288.000000,89337.000000,26.067587
sample10070,sbj3356,14,no,cd4_t_cell,33840.000000,93243.000000,36.292269
sample10091,sbj3363,14,no,cd4_t_cell,19214.000000,109783.000000,17.501799
sample10193,sbj3397,14,no,cd4_t_cell,25410.000000,89936.000000,28.253425
sample10232,sbj3410,14,no,cd4_t_cell,35514.000000,101602.000000,34.954036
sample10253,sbj3417,14,no,cd4_t_cell,33537.000000,91020.000000,36.845748
sample10268,sbj3422,14,no,cd4_t_cell,26627.000000,91032.000000,29.250154
sample10307,sbj3435,14,no,cd4_t_cell,34837.000000,103741.000000,33.580744
sample10322,sbj3440,14,no,cd4_t_cell,26388.000000,102500.000000,25.744390
sample10397,sbj3465,14,no,cd4_t_cell,24277.000000,104962.000000,23.129323
sample10418,sbj3472,14,no,cd4_t_cell,27789.000000,97502.000000,28.500954
sample10457,sbj3485,14,no,cd4_t_cell,30066.000000,98292.000000,30.588451
sample10472,sbj3490,14,no,cd4_t_cell,26214.000000,104967.000000,24.973563
sample10475,sbj3491,14,no,cd4_t_cell,26446.000000,85810.000000,30.819252
sample00026,sbj008,14,yes,cd4_t_cell,34545.000000,95777.000000,36.068158
sample00062,sbj020,14,yes,cd4_t_cell,21554.000000,95286.000000,22.620322
sample00068,sbj022,14,yes,cd4_t_cell,35458.000000,110245.000000,32.162910
sample00077,sbj025,14,yes,cd4_t_cell,42528.000000,105432.000000,40.336900
sample00143,sbj047,14,yes,cd4_t_cell,24873.000000,95184.000000,26.131493
sample00167,sbj055,14,yes,cd4_t_cell,26658.000000,108425.000000,24.586581
sample00170,sbj056,14,yes,cd4_t_cell,26639.000000,98457.000000,27.056482
sample00263,sbj087,14,yes,cd4_t_cell,31442.000000,97454.000000,32.263427
sample00326,sbj1007,14,yes,cd4_t_cell,36551.000000,97661.000000,37.426404
sample00329,sbj1008,14,yes,cd4_t_cell,35118.000000,107732.000000,32.597557
sample00335,sbj101,14,yes,cd4_t_cell,33271.000000,102261.000000,32.535375
sample00371,sbj1020,14,yes,cd4_t_cell,29999.000000,94340.000000,31.798813
sample00380,sbj1023,14,yes,cd4_t_cell,34343.000000,95275.000000,36.046182
sample00428,sbj1038,14,yes,cd4_t_cell,35237.000000,93130.000000,37.836358
sample00449,sbj1044,14,yes,cd4_t_cell,30689.000000,99023.000000,30.991790
sample00485,sbj1055,14,yes,cd4_t_cell,30280.000000,102542.000000,29.529364
sample00500,sbj106,14,yes,cd4_t_cell,32952.000000,92267.000000,35.713744
sample00512,sbj1063,14,yes,cd4_t_cell,38844.000000,105031.000000,36.983367
sample00539,sbj1071,14,yes,cd4_t_cell,39448.000000,112399.000000,35.096398
sample00545,sbj1073,14,yes,cd4_t_cell,30465.000000,103635.000000,29.396439
sample00557,sbj1077,14,yes,cd4_t_cell,32733.000000,104558.000000,31.306069
sample00566,sbj108,14,yes,cd4_t_cell,37729.000000,98928.000000,38.137838
sample00623,sbj1097,14,yes,cd4_t_cell,27307.000000,100146.000000,27.267190
sample00632,sbj110,14,yes,cd4_t_cell,39709.000000,92195.000000,43.070665
sample00662,sbj1109,14,yes,cd4_t_cell,34751.000000,98068.000000,35.435616
sample00677,sbj1113,14,yes,cd4_t_cell,22408.000000,96411.000000,23.242161
sample00716,sbj1125,14,yes,cd4_t_cell,31394.000000,111411.000000,28.178546
sample00755,sbj1137,14,yes,cd4_t_cell,24421.000000,97992.000000,24.921422
sample00827,sbj1159,14,yes,cd4_t_cell,32233.000000,98597.000000,32.691664
sample00842,sbj1163,14,yes,cd4_t_cell,37544.000000,104754.000000,35.840159
sample00863,sbj117,14,yes,cd4_t_cell,25833.000000,101651.000000,25.413424
sample00875,sbj1173,14,yes,cd4_t_cell,38461.000000,106472.000000,36.123112
sample00878,sbj1174,14,yes,cd4_t_cell,29680.000000,93168.000000,31.856431
sample00890,sbj1178,14,yes,cd4_t_cell,28813.000000,100665.000000,28.622659
sample00896,sbj118,14,yes,cd4_t_cell,36200.000000,102348.000000,35.369524
sample00914,sbj1185,14,yes,cd4_t_cell,32346.000000,95778.000000,33.771847
sample00917,sbj1186,14,yes,cd4_t_cell,32179.000000,105075.000000,30.624792
sample00941,sbj1193,14,yes,cd4_t_cell,25676.000000,100542.000000,25.537586
sample01010,sbj1214,14,yes,cd4_t_cell,29090.000000,101492.000000,28.662358
sample01019,sbj1217,14,yes,cd4_t_cell,45098.000000,99306.000000,45.413167
sample01070,sbj1232,14,yes,cd4_t_cell,31042.000000,108844.000000,28.519716
sample01076,sbj1234,14,yes,cd4_t_cell,38269.000000,106152.000000,36.051134
sample01082,sbj1236,14,yes,cd4_t_cell,35654.000000,104619.000000,34.079852
sample01094,sbj124,14,yes,cd4_t_cell,37291.000000,111273.000000,33.513071
sample01106,sbj1243,14,yes,cd4_t_cell,20869.000000,95116.000000,21.940578
sample01130,sbj1250,14,yes,cd4_t_cell,28200.000000,106266.000000,26.537180
sample01172,sbj1263,14,yes,cd4_t_cell,25890.000000,99022.000000,26.145705
sample01247,sbj1286,14,yes,cd4_t_cell,38535.000000,96431.000000,39.961216
sample01250,sbj1287,14,yes,cd4_t_cell,30119.000000,94327.000000,31.930412
sample01262,sbj1290,14,yes,cd4_t_cell,36075.000000,98411.000000,36.657487
sample01268,sbj1292,14,yes,cd4_t_cell,27634.000000,92304.000000,29.938031
sample01286,sbj1298,14,yes,cd4_t_cell,35028.000000,99219.000000,35.303722
sample01313,sbj1306,14,yes,cd4_t_cell,29174.000000,107635.000000,27.104566
sample01328,sbj1310,14,yes,cd4_t_cell,31265.000000,106081.000000,29.472761
sample01331,sbj1311,14,yes,cd4_t_cell,23068.000000,98623.000000,23.390081
sample01334,sbj1312,14,yes,cd4_t_cell,28384.000000,109803.000000,25.849931
sample01361,sbj1320,14,yes,cd4_t_cell,25020.000000,102423.000000,24.428107
sample01379,sbj1326,14,yes,cd4_t_cell,33543.000000,96861.000000,34.630037
sample01421,sbj1339,14,yes,cd4_t_cell,26542.000000,92764.000000,28.612393
sample01424,sbj134,14,yes,cd4_t_cell,28211.000000,99345.000000,28.397000
sample01442,sbj1345,14,yes,cd4_t_cell,35852.000000,108646.000000,32.998914
sample01460,sbj1350,14,yes,cd4_t_cell,39758.000000,109277.000000,36.382770
sample01493,sbj1360,14,yes,cd4_t_cell,29233.000000,104531.000000,27.965867
sample01499,sbj1362,14,yes,cd4_t_cell,34818.000000,101999.000000,34.135629
sample01535,sbj1373,14,yes,cd4_t_cell,36739.000000,102823.000000,35.730333
sample01538,sbj1374,14,yes,cd4_t_cell,25856.000000,94072.000000,27.485330
sample01547,sbj1377,14,yes,cd4_t_cell,26809.000000,95205.000000,28.159235
sample01604,sbj1394,14,yes,cd4_t_cell,39870.000000,109316.000000,36.472246
sample01622,sbj140,14,yes,cd4_t_cell,32949.000000,101351.000000,32.509793
sample01637,sbj1404,14,yes,cd4_t_cell,30124.000000,105257.000000,28.619474
sample01640,sbj1405,14,yes,cd4_t_cell,21699.000000,98315.000000,22.070895
sample01667,sbj1413,14,yes,cd4_t_cell,24651.000000,97142.000000,25.376253
sample01685,sbj1419,14,yes,cd4_t_cell,26194.000000,93146.000000,28.121444
sample01694,sbj1421,14,yes,cd4_t_cell,27594.000000,98678.000000,27.963680
sample01721,sbj143,14,yes,cd4_t_cell,34155.000000,96252.000000,35.484977
sample01730,sbj1432,14,yes,cd4_t_cell,27558.000000,106929.000000,25.772241
sample01757,sbj1440,14,yes,cd4_t_cell,35839.000000,109764.000000,32.650960
sample01787,sbj145,14,yes,cd4_t_cell,44996.000000,105827.000000,42.518450
sample01817,sbj1459,14,yes,cd4_t_cell,35271.000000,102908.000000,34.274303
sample01826,sbj1461,14,yes,cd4_t_cell,37643.000000,111533.000000,33.750549
sample01832,sbj1463,14,yes,cd4_t_cell,34291.000000,103134.000000,33.248977
sample01835,sbj1464,14,yes,cd4_t_cell,35372.000000,94836.000000,37.298072
sample01883,sbj1479,14,yes,cd4_t_cell,33868.000000,98681.000000,34.320690
sample01901,sbj1484,14,yes,cd4_t_cell,41043.000000,106020.000000,38.712507
sample01964,sbj154,14,yes,cd4_t_cell,28448.000000,102231.000000,27.827176
sample02039,sbj179,14,yes,cd4_t_cell,23024.000000,106824.000000,21.553209
sample02057,sbj185,14,yes,cd4_t_cell,22304.000000,100927.000000,22.099141
sample02066,sbj188,14,yes,cd4_t_cell,32685.000000,102644.000000,31.843069
sample02180,sbj226,14,yes,cd4_t_cell,42276.000000,107565.000000,39.302747
sample02198,sbj232,14,yes,cd4_t_cell,23761.000000,94020.000000,25.272282
sample02237,sbj245,14,yes,cd4_t_cell,30996.000000,106187.000000,29.190014
sample02246,sbj248,14,yes,cd4_t_cell,30066.000000,95934.000000,31.340296
sample02264,sbj254,14,yes,cd4_t_cell,31666.000000,105832.000000,29.921007
sample02342,sbj280,14,yes,cd4_t_cell,32864.000000,110313.000000,29.791593
sample02390,sbj296,14,yes,cd4_t_cell,27517.000000,89190.000000,30.852113
sample02441,sbj313,14,yes,cd4_t_cell,27464.000000,107771.000000,25.483664
sample02456,sbj318,14,yes,cd4_t_cell,22736.000000,103408.000000,21.986693
sample02468,sbj322,14,yes,cd4_t_cell,32871.000000,103442.000000,31.777228
sample02483,sbj327,14,yes,cd4_t_cell,31777.000000,94166.000000,33.745726
sample02492,sbj330,14,yes,cd4_t_cell,39242.000000,110915.000000,35.380246
sample02501,sbj333,14,yes,cd4_t_cell,32608.000000,96176.000000,33.904508
sample02519,sbj339,14,yes,cd4_t_cell,33878.000000,110636.000000,30.621136
sample02564,sbj354,14,yes,cd4_t_cell,38606.000000,100787.000000,38.304543
sample02576,sbj358,14,yes,cd4_t_cell,26497.000000,112012.000000,23.655501
sample02588,sbj362,14,yes,cd4_t_cell,30730.000000,99688.000000,30.826178
sample02591,sbj363,14,yes,cd4_t_cell,40727.000000,104087.000000,39.127845
sample02627,sbj375,14,yes,cd4_t_cell,27222.000000,103558.000000,26.286719
sample02642,sbj380,14,yes,cd4_t_cell,32924.000000,92204.000000,35.707778
sample02657,sbj385,14,yes,cd4_t_cell,25433.000000,107830.000000,23.586201
sample02675,sbj391,14,yes,cd4_t_cell,25213.000000,109520.000000,23.021366
sample02738,sbj412,14,yes,cd4_t_cell,25082.000000,95263.000000,26.329215
sample02756,sbj418,14,yes,cd4_t_cell,38054.000000,96104.000000,39.596687
sample02762,sbj420,14,yes,cd4_t_cell,42352.000000,102034.000000,41.507733
sample02768,sbj422,14,yes,cd4_t_cell,17442.000000,99922.000000,17.455615
sample02774,sbj424,14,yes,cd4_t_cell,30663.000000,98364.000000,31.172990
sample02783,sbj427,14,yes,cd4_t_cell,25340.000000,98298.000000,25.778754
sample02810,sbj436,14,yes,cd4_t_cell,35095.000000,108117.000000,32.460205
sample02825,sbj441,14,yes,cd4_t_cell,35074.000000,101097.000000,34.693413
sample02840,sbj446,14,yes,cd4_t_cell,31118.000000,91985.000000,33.829429
sample02849,sbj449,14,yes,cd4_t_cell,36780.000000,110004.000000,33.435148
sample02858,sbj452,14,yes,cd4_t_cell,35228.000000,108805.000000,32.377189
sample02876,sbj458,14,yes,cd4_t_cell,32010.000000,110266.000000,29.029801
sample02912,sbj470,14,yes,cd4_t_cell,38135.000000,108860.000000,35.031233
sample02918,sbj472,14,yes,cd4_t_cell,34411.000000,107332.000000,32.060336
sample02927,sbj475,14,yes,cd4_t_cell,30635.000000,97155.000000,31.532088
sample02930,sbj476,14,yes,cd4_t_cell,37089.000000,99254.000000,37.367764
sample02978,sbj492,14,yes,cd4_t_cell,40662.000000,107263.000000,37.908692
sample02993,sbj497,14,yes,cd4_t_cell,38391.000000,100518.000000,38.193159
sample02999,sbj499,14,yes,cd4_t_cell,28917.000000,93914.000000,30.790936
sample03002,sbj500,14,yes,cd4_t_cell,33474.000000,101025.000000,33.134373
sample03023,sbj507,14,yes,cd4_t_cell,23930.000000,95652.000000,25.017773
sample03026,sbj508,14,yes,cd4_t_cell,32189.000000,91163.000000,35.309281
sample03041,sbj513,14,yes,cd4_t_cell,29540.000000,106424.000000,27.756897
sample03068,sbj522,14,yes,cd4_t_cell,30854.000000,103278.000000,29.874707
sample03095,sbj531,14,yes,cd4_t_cell,35815.000000,107388.000000,33.351026
sample03122,sbj540,14,yes,cd4_t_cell,35347.000000,110501.000000,31.987946
sample03161,sbj553,14,yes,cd4_t_cell,32633.000000,99108.000000,32.926706
sample03185,sbj561,14,yes,cd4_t_cell,27992.000000,99815.000000,28.043881
sample03197,sbj565,14,yes,cd4_t_cell,24599.000000,94407.000000,26.056331
sample03248,sbj582,14,yes,cd4_t_cell,27307.000000,93048.000000,29.347219
sample03266,sbj588,14,yes,cd4_t_cell,31150.000000,101227.000000,30.772422
sample03269,sbj589,14,yes,cd4_t_cell,31493.000000,105647.000000,29.809649
sample03275,sbj591,14,yes,cd4_t_cell,25853.000000,95210.000000,27.153660
sample03287,sbj595,14,yes,cd4_t_cell,24232.000000,108609.000000,22.311227
sample03299,sbj599,14,yes,cd4_t_cell,33378.000000,109354.000000,30.522889
sample03305,sbj601,14,yes,cd4_t_cell,23939.000000,106083.000000,22.566292
sample03377,sbj625,14,yes,cd4_t_cell,23844.000000,101050.000000,23.596239
sample03383,sbj627,14,yes,cd4_t_cell,40526.000000,107112.000000,37.835163
sample03407,sbj635,14,yes,cd4_t_cell,33504.000000,105278.000000,31.824313
sample03455,sbj651,14,yes,cd4_t_cell,28192.000000,104408.000000,27.001762
sample03467,sbj655,14,yes,cd4_t_cell,41865.000000,106721.000000,39.228456
sample03488,sbj662,14,yes,cd4_t_cell,38024.000000,93683.000000,40.587940
sample03494,sbj664,14,yes,cd4_t_cell,33969.000000,111627.000000,30.430810
sample03533,sbj677,14,yes,cd4_t_cell,34671.000000,102535.000000,33.813820
sample03578,sbj692,14,yes,cd4_t_cell,28291.000000,92344.000000,30.636533
sample03590,sbj696,14,yes,cd4_t_cell,23730.000000,100387.000000,23.638519
sample03593,sbj697,14,yes,cd4_t_cell,31463.000000,92322.000000,34.079634
sample03623,sbj707,14,yes,cd4_t_cell,37998.000000,108938.000000,34.880391
sample03626,sbj708,14,yes,cd4_t_cell,31993.000000,110815.000000,28.870640
sample03749,sbj749,14,yes,cd4_t_cell,31942.000000,101769.000000,31.386768
sample03767,sbj755,14,yes,cd4_t_cell,34436.000000,107850.000000,31.929532
sample03791,sbj763,14,yes,cd4_t_cell,29105.000000,110161.000000,26.420421
sample03806,sbj768,14,yes,cd4_t_cell,36761.000000,97154.000000,37.837866
sample03821,sbj773,14,yes,cd4_t_cell,23866.000000,104432.000000,22.853148
sample03848,sbj782,14,yes,cd4_t_cell,33906.000000,109847.000000,30.866569
sample03854,sbj784,14,yes,cd4_t_cell,25008.000000,96613.000000,25.884715
sample03863,sbj787,14,yes,cd4_t_cell,27413.000000,95804.000000,28.613628
sample03887,sbj795,14,yes,cd4_t_cell,33793.000000,93930.000000,35.976791
sample03938,sbj812,14,yes,cd4_t_cell,37376.000000,98992.000000,37.756586
sample03944,sbj814,14,yes,cd4_t_cell,24873.000000,113114.000000,21.989321
sample03953,sbj817,14,yes,cd4_t_cell,28677.000000,91762.000000,31.251498
sample03965,sbj821,14,yes,cd4_t_cell,23488.000000,108858.000000,21.576733
sample03983,sbj827,14,yes,cd4_t_cell,36601.000000,104813.000000,34.920287
sample04016,sbj838,14,yes,cd4_t_cell,27433.000000,111287.000000,24.650678
sample04037,sbj845,14,yes,cd4_t_cell,30628.000000,95425.000000,32.096411
sample04049,sbj849,14,yes,cd4_t_cell,30667.000000,95378.000000,32.153117
sample04070,sbj856,14,yes,cd4_t_cell,31862.000000,103842.000000,30.683153
sample04130,sbj876,14,yes,cd4_t_cell,25919.000000,98134.000000,26.411845
sample04157,sbj885,14,yes,cd4_t_cell,26473.000000,100599.000000,26.315371
sample04172,sbj890,14,yes,cd4_t_cell,25339.000000,92925.000000,27.268227
sample04175,sbj891,14,yes,cd4_t_cell,35815.000000,97702.000000,36.657387
sample04190,sbj896,14,yes,cd4_t_cell,27736.000000,92747.000000,29.905010
sample04205,sbj901,14,yes,cd4_t_cell,31249.000000,111662.000000,27.985349
sample04226,sbj908,14,yes,cd4_t_cell,22198.000000,101870.000000,21.790517
sample04268,sbj922,14,yes,cd4_t_cell,31722.000000,108632.000000,29.201340
sample04286,sbj928,14,yes,cd4_t_cell,20933.000000,108621.000000,19.271596
sample04295,sbj931,14,yes,cd4_t_cell,25021.000000,105510.000000,23.714340
sample04298,sbj932,14,yes,cd4_t_cell,38294.000000,108568.000000,35.271903
sample04304,sbj934,14,yes,cd4_t_cell,39568.000000,98648.000000,40.110291
sample04349,sbj949,14,yes,cd4_t_cell,28276.000000,96741.000000,29.228559
sample04370,sbj956,14,yes,cd4_t_cell,36811.000000,99005.000000,37.180950
sample04379,sbj959,14,yes,cd4_t_cell,31725.000000,92605.000000,34.258409
sample04436,sbj978,14,yes,cd4_t_cell,23063.000000,107254.000000,21.503161
sample04463,sbj987,14,yes,cd4_t_cell,29258.000000,103405.000000,28.294570
sample04493,sbj997,14,yes,cd4_t_cell,32803.000000,94992.000000,34.532382
sample07508,sbj2502,14,yes,cd4_t_cell,32215.000000,101838.000000,31.633575
sample07529,sbj2509,14,yes,cd4_t_cell,25089.000000,92996.000000,26.978580
sample07553,sbj2517,14,yes,cd4_t_cell,24284.000000,91151.000000,26.641507
sample07562,sbj2520,14,yes,cd4_t_cell,28884.000000,101792.000000,28.375511
sample07577,sbj2525,14,yes,cd4_t_cell,29264.000000,108626.000000,26.940143
sample07589,sbj2529,14,yes,cd4_t_cell,28701.000000,96060.000000,29.878201
sample07595,sbj2531,14,yes,cd4_t_cell,27737.000000,100255.000000,27.666451
sample07616,sbj2538,14,yes,cd4_t_cell,39357.000000,111422.000000,35.322468
sample07649,sbj2549,14,yes,cd4_t_cell,18604.000000,96059.000000,19.367264
sample07667,sbj2555,14,yes,cd4_t_cell,30475.000000,112151.000000,27.173186
sample07727,sbj2575,14,yes,cd4_t_cell,27762.000000,95436.000000,29.089652
sample07763,sbj2587,14,yes,cd4_t_cell,36474.000000,99029.000000,36.831635
sample07802,sbj2600,14,yes,cd4_t_cell,23871.000000,95342.000000,25.037234
sample07823,sbj2607,14,yes,cd4_t_cell,30561.000000,107664.000000,28.385533
sample07826,sbj2608,14,yes,cd4_t_cell,33066.000000,95474.000000,34.633513
sample07829,sbj2609,14,yes,cd4_t_cell,23105.000000,92306.000000,25.030876
sample07838,sbj2612,14,yes,cd4_t_cell,36651.000000,100157.000000,36.593548
sample07907,sbj2635,14,yes,cd4_t_cell,30997.000000,93169.000000,33.269650
sample07970,sbj2656,14,yes,cd4_t_cell,28749.000000,100212.000000,28.688181
sample08042,sbj2680,14,yes,cd4_t_cell,33233.000000,103315.000000,32.166675
sample08057,sbj2685,14,yes,cd4_t_cell,24927.000000,98727.000000,25.248412
sample08087,sbj2695,14,yes,cd4_t_cell,23594.000000,109839.000000,21.480531
sample08123,sbj2707,14,yes,cd4_t_cell,32353.000000,107879.000000,29.990081
sample08129,sbj2709,14,yes,cd4_t_cell,31749.000000,107931.000000,29.416016
sample08153,sbj2717,14,yes,cd4_t_cell,36417.000000,101829.000000,35.762897
sample08168,sbj2722,14,yes,cd4_t_cell,32534.000000,106473.000000,30.556103
sample08180,sbj2726,14,yes,cd4_t_cell,27900.000000,99311.000000,28.093565
sample08201,sbj2733,14,yes,cd4_t_cell,22470.000000,94484.000000,23.781804
sample08249,sbj2749,14,yes,cd4_t_cell,31281.000000,94422.000000,33.128932
sample08276,sbj2758,14,yes,cd4_t_cell,27668.000000,98707.000000,28.030434
sample08291,sbj2763,14,yes,cd4_t_cell,29828.000000,111328.000000,26.792900
sample08300,sbj2766,14,yes,cd4_t_cell,28361.000000,95440.000000,29.716052
sample08330,sbj2776,14,yes,cd4_t_cell,40555.000000,103501.000000,39.183196
sample08339,sbj2779,14,yes,cd4_t_cell,27229.000000,99255.000000,27.433379
sample08351,sbj2783,14,yes,cd4_t_cell,25692.000000,97897.000000,26.243909
sample08354,sbj2784,14,yes,cd4_t_cell,28876.000000,106650.000000,27.075481
sample08363,sbj2787,14,yes,cd4_t_cell,33812.000000,93327.000000,36.229601
sample08390,sbj2796,14,yes,cd4_t_cell,35996.000000,104120.000000,34.571648
sample08405,sbj2801,14,yes,cd4_t_cell,31547.000000,98635.000000,31.983576
sample08444,sbj2814,14,yes,cd4_t_cell,30623.000000,109275.000000,28.023793
sample08468,sbj2822,14,yes,cd4_t_cell,30388.000000,105290.000000,28.861240
sample08483,sbj2827,14,yes,cd4_t_cell,39740.000000,111646.000000,35.594647
sample08570,sbj2856,14,yes,cd4_t_cell,31186.000000,96610.000000,32.280302
sample08585,sbj2861,14,yes,cd4_t_cell,32631.000000,101409.000000,32.177617
sample08597,sbj2865,14,yes,cd4_t_cell,23708.000000,94536.000000,25.078277
sample08612,sbj2870,14,yes,cd4_t_cell,34428.000000,98046.000000,35.114130
sample08657,sbj2885,14,yes,cd4_t_cell,35070.000000,105817.000000,33.142123
sample08687,sbj2895,14,yes,cd4_t_cell,24133.000000,92803.000000,26.004547
sample08708,sbj2902,14,yes,cd4_t_cell,29912.000000,100379.000000,29.799062
sample08720,sbj2906,14,yes,cd4_t_cell,46476.000000,102366.000000,45.401794
sample08726,sbj2908,14,yes,cd4_t_cell,33708.000000,102919.000000,32.751970
sample08771,sbj2923,14,yes,cd4_t_cell,32890.000000,98836.000000,33.277348
sample08783,sbj2927,14,yes,cd4_t_cell,33854.000000,104558.000000,32.378202
sample08831,sbj2943,14,yes,cd4_t_cell,32421.000000,105627.000000,30.693857
sample08834,sbj2944,14,yes,cd4_t_cell,27886.000000,92594.000000,30.116422
sample08855,sbj2951,14,yes,cd4_t_cell,31179.000000,95964.000000,32.490309
sample08858,sbj2952,14,yes,cd4_t_cell,33978.000000,92774.000000,36.624485
sample08897,sbj2965,14,yes,cd4_t_cell,36281.000000,91809.000000,39.517912
sample08915,sbj2971,14,yes,cd4_t_cell,30830.000000,96577.000000,31.922715
sample08927,sbj2975,14,yes,cd4_t_cell,39844.000000,101930.000000,39.089571
sample08945,sbj2981,14,yes,cd4_t_cell,34926.000000,103206.000000,33.841056
sample08948,sbj2982,14,yes,cd4_t_cell,33005.000000,107096.000000,30.818144
sample08972,sbj2990,14,yes,cd4_t_cell,36126.000000,108008.000000,33.447522
sample08981,sbj2993,14,yes,cd4_t_cell,30918.000000,107277.000000,28.820716
sample09011,sbj3003,14,yes,cd4_t_cell,40560.000000,112421.000000,36.078669
sample09020,sbj3006,14,yes,cd4_t_cell,30794.000000,107800.000000,28.565863
sample09026,sbj3008,14,yes,cd4_t_cell,26615.000000,97245.000000,27.369016
sample09074,sbj3024,14,yes,cd4_t_cell,32104.000000,95498.000000,33.617458
sample09083,sbj3027,14,yes,cd4_t_cell,26655.000000,100856.000000,26.428770
sample09089,sbj3029,14,yes,cd4_t_cell,21929.000000,94333.000000,23.246372
sample09104,sbj3034,14,yes,cd4_t_cell,31112.000000,99830.000000,31.164980
sample09116,sbj3038,14,yes,cd4_t_cell,29512.000000,110131.000000,26.797178
sample09131,sbj3043,14,yes,cd4_t_cell,36127.000000,99591.000000,36.275366
sample09146,sbj3048,14,yes,cd4_t_cell,31049.000000,107504.000000,28.881716
sample09164,sbj3054,14,yes,cd4_t_cell,37892.000000,100549.000000,37.685109
sample09173,sbj3057,14,yes,cd4_t_cell,29569.000000,100489.000000,29.425111
sample09182,sbj3060,14,yes,cd4_t_cell,43740.000000,104757.000000,41.753773
sample09200,sbj3066,14,yes,cd4_t_cell,27118.000000,94536.000000,28.685369
sample09245,sbj3081,14,yes,cd4_t_cell,33207.000000,93440.000000,35.538313
sample09302,sbj3100,14,yes,cd4_t_cell,39859.000000,106533.000000,37.414698
sample09392,sbj3130,14,yes,cd4_t_cell,30882.000000,108674.000000,28.417101
sample09395,sbj3131,14,yes,cd4_t_cell,28457.000000,95935.000000,29.662793
sample09443,sbj3147,14,yes,cd4_t_cell,29870.000000,103353.000000,28.900951
sample09452,sbj3150,14,yes,cd4_t_cell,40918.000000,92876.000000,44.056592
sample09461,sbj3153,14,yes,cd4_t_cell,25956.000000,101217.000000,25.643914
sample09470,sbj3156,14,yes,cd4_t_cell,36549.000000,109864.000000,33.267494
sample09488,sbj3162,14,yes,cd4_t_cell,29237.000000,108066.000000,27.054763
sample09491,sbj3163,14,yes,cd4_t_cell,34920.000000,100726.000000,34.668308
sample09497,sbj3165,14,yes,cd4_t_cell,38122.000000,110268.000000,34.572133
sample09515,sbj3171,14,yes,cd4_t_cell,31485.000000,97005.000000,32.457090
sample09521,sbj3173,14,yes,cd4_t_cell,28135.000000,102947.000000,27.329597
sample09548,sbj3182,14,yes,cd4_t_cell,30016.000000,98015.000000,30.623884
sample09575,sbj3191,14,yes,cd4_t_cell,28709.000000,107198.000000,26.781283
sample09581,sbj3193,14,yes,cd4_t_cell,39454.000000,99145.000000,39.794241
sample09584,sbj3194,14,yes,cd4_t_cell,31720.000000,101480.000000,31.257391
sample09593,sbj3197,14,yes,cd4_t_cell,31410.000000,107572.000000,29.199048
sample09599,sbj3199,14,yes,cd4_t_cell,39495.000000,104265.000000,37.879442
sample09608,sbj3202,14,yes,cd4_t_cell,34259.000000,108213.000000,31.658858
sample09614,sbj3204,14,yes,cd4_t_cell,29097.000000,92323.000000,31.516524
sample09617,sbj3205,14,yes,cd4_t_cell,27927.000000,102767.000000,27.175066
sample09668,sbj3222,14,yes,cd4_t_cell,23494.000000,100620.000000,23.349235
sample09692,sbj3230,14,yes,cd4_t_cell,29946.000000,103828.000000,28.841931
sample09701,sbj3233,14,yes,cd4_t_cell,30886.000000,93749.000000,32.945418
sample09707,sbj3235,14,yes,cd4_t_cell,28581.000000,98782.000000,28.933409
sample09722,sbj3240,14,yes,cd4_t_cell,33947.000000,104846.000000,32.377964
sample09785,sbj3261,14,yes,cd4_t_cell,29607.000000,95332.000000,31.056728
sample09800,sbj3266,14,yes,cd4_t_cell,26546.000000,92693.000000,28.638624
sample09911,sbj3303,14,yes,cd4_t_cell,28448.000000,107537.000000,26.454151
sample09926,sbj3308,14,yes,cd4_t_cell,31619.000000,108489.000000,29.144890
sample09965,sbj3321,14,yes,cd4_t_cell,30147.000000,103409.000000,29.153168
sample09980,sbj3326,14,yes,cd4_t_cell,27259.000000,99241.000000,27.467478
sample09992,sbj3330,14,yes,cd4_t_cell,28840.000000,105603.000000,27.309830
sample09998,sbj3332,14,yes,cd4_t_cell,38985.000000,108863.000000,35.811065
sample10040,sbj3346,14,yes,cd4_t_cell,24404.000000,91522.000000,26.664627
sample10043,sbj3347,14,yes,cd4_t_cell,28825.000000,110107.000000,26.179080
sample10097,sbj3365,14,yes,cd4_t_cell,23489.000000,105465.000000,22.271844
sample10118,sbj3372,14,yes,cd4_t_cell,32534.000000,103612.000000,31.399838
sample10127,sbj3375,14,yes,cd4_t_cell,32352.000000,95263.000000,33.960719
sample10130,sbj3376,14,yes,cd4_t_cell,32425.000000,104918.000000,30.905088
sample10133,sbj3377,14,yes,cd4_t_cell,31679.000000,104724.000000,30.249990
sample10142,sbj3380,14,yes,cd4_t_cell,34566.000000,105826.000000,32.663051
sample10181,sbj3393,14,yes,cd4_t_cell,34933.000000,106200.000000,32.893597
sample10199,sbj3399,14,yes,cd4_t_cell,34278.000000,107661.000000,31.838827
sample10235,sbj3411,14,yes,cd4_t_cell,24483.000000,92824.000000,26.375722
sample10250,sbj3416,14,yes,cd4_t_cell,47558.000000,109400.000000,43.471664
sample10325,sbj3441,14,yes,cd4_t_cell,28227.000000,101237.000000,27.882098
sample10337,sbj3445,14,yes,cd4_t_cell,20245.000000,104553.000000,19.363385
sample10343,sbj3447,14,yes,cd4_t_cell,27970.000000,98504.000000,28.394786
sample10349,sbj3449,14,yes,cd4_t_cell,36780.000000,104959.000000,35.042255
sample10358,sbj3452,14,yes,cd4_t_cell,34164.000000,103852.000000,32.896815
sample10385,sbj3461,14,yes,cd4_t_cell,24473.000000,96594.000000,25.335942
sample10388,sbj3462,14,yes,cd4_t_cell,33613.000000,92497.000000,36.339557
sample10394,sbj3464,14,yes,cd4_t_cell,40973.000000,112461.000000,36.433075
sample10412,sbj3470,14,yes,cd4_t_cell,27448.000000,94308.000000,29.104636
sample10445,sbj3481,14,yes,cd4_t_cell,26480.000000,107554.000000,24.620191
sample10493,sbj3497,14,yes,cd4_t_cell,28536.000000,93386.000000,30.557043
sample00002,sbj000,14,no,cd8_t_cell,22940.000000,92822.000000,24.713969
sample00008,sbj002,14,no,cd8_t_cell,26215.000000,90353.000000,29.013979
sample00011,sbj003,14,no,cd8_t_cell,19786.000000,89815.000000,22.029728
sample00074,sbj024,14,no,cd8_t_cell,18608.000000,92232.000000,20.175210
sample00083,sbj027,14,no,cd8_t_cell,23204.000000,88242.000000,26.295868
sample00125,sbj041,14,no,cd8_t_cell,34464.000000,108174.000000,31.859781
sample00155,sbj051,14,no,cd8_t_cell,31146.000000,98358.000000,31.665955
sample00176,sbj058,14,no,cd8_t_cell,18491.000000,97220.000000,19.019749
sample00188,sbj062,14,no,cd8_t_cell,20985.000000,93651.000000,22.407662
sample00191,sbj063,14,no,cd8_t_cell,30449.000000,97633.000000,31.187201
sample00215,sbj071,14,no,cd8_t_cell,24167.000000,90715.000000,26.640578
sample00245,sbj081,14,no,cd8_t_cell,19581.000000,96046.000000,20.387106
sample00251,sbj083,14,no,cd8_t_cell,21432.000000,98386.000000,21.783587
sample00287,sbj095,14,no,cd8_t_cell,32971.000000,96806.000000,34.058839
sample00404,sbj1030,14,no,cd8_t_cell,17060.000000,95275.000000,17.906061
sample00413,sbj1033,14,no,cd8_t_cell,27257.000000,110787.000000,24.603067
sample00416,sbj1034,14,no,cd8_t_cell,19186.000000,90342.000000,21.237077
sample00437,sbj1040,14,no,cd8_t_cell,29532.000000,97610.000000,30.255097
sample00461,sbj1048,14,no,cd8_t_cell,24463.000000,101052.000000,24.208328
sample00467,sbj105,14,no,cd8_t_cell,22738.000000,93276.000000,24.377117
sample00473,sbj1051,14,no,cd8_t_cell,15898.000000,90146.000000,17.635835
sample00482,sbj1054,14,no,cd8_t_cell,25245.000000,109915.000000,22.967748
sample00494,sbj1058,14,no,cd8_t_cell,29764.000000,105084.000000,28.324007
sample00515,sbj1064,14,no,cd8_t_cell,23314.000000,100291.000000,23.246353
sample00518,sbj1065,14,no,cd8_t_cell,20239.000000,97914.000000,20.670180
sample00524,sbj1067,14,no,cd8_t_cell,20392.000000,100342.000000,20.322497
sample00536,sbj1070,14,no,cd8_t_cell,23915.000000,95929.000000,24.929896
sample00587,sbj1086,14,no,cd8_t_cell,29973.000000,104607.000000,28.652958
sample00590,sbj1087,14,no,cd8_t_cell,18007.000000,90170.000000,19.970057
sample00626,sbj1098,14,no,cd8_t_cell,27700.000000,109633.000000,25.266115
sample00641,sbj1102,14,no,cd8_t_cell,31945.000000,102643.000000,31.122434
sample00695,sbj1119,14,no,cd8_t_cell,34956.000000,102297.000000,34.171090
sample00698,sbj112,14,no,cd8_t_cell,30197.000000,103883.000000,29.068279
sample00719,sbj1126,14,no,cd8_t_cell,23880.000000,106712.000000,22.377989
sample00728,sbj1129,14,no,cd8_t_cell,24214.000000,94780.000000,25.547584
sample00758,sbj1138,14,no,cd8_t_cell,33617.000000,94013.000000,35.757821
sample00800,sbj1150,14,no,cd8_t_cell,38062.000000,100075.000000,38.033475
sample00809,sbj1153,14,no,cd8_t_cell,27662.000000,110157.000000,25.111432
sample00851,sbj1166,14,no,cd8_t_cell,24763.000000,107901.000000,22.949741
sample00869,sbj1171,14,no,cd8_t_cell,25080.000000,101421.000000,24.728607
sample00920,sbj1187,14,no,cd8_t_cell,20349.000000,92268.000000,22.054233
sample00968,sbj1201,14,no,cd8_t_cell,23768.000000,100283.000000,23.700926
sample00989,sbj1208,14,no,cd8_t_cell,33143.000000,108673.000000,30.497916
sample01013,sbj1215,14,no,cd8_t_cell,22495.000000,102053.000000,22.042468
sample01025,sbj1219,14,no,cd8_t_cell,29985.000000,90423.000000,33.160811
sample01043,sbj1224,14,no,cd8_t_cell,16094.000000,91328.000000,17.622197
sample01055,sbj1228,14,no,cd8_t_cell,31528.000000,93852.000000,33.593317
sample01064,sbj1230,14,no,cd8_t_cell,21526.000000,96127.000000,22.393292
sample01112,sbj1245,14,no,cd8_t_cell,25901.000000,92176.000000,28.099505
sample01136,sbj1252,14,no,cd8_t_cell,25087.000000,101744.000000,24.656982
sample01139,sbj1253,14,no,cd8_t_cell,27649.000000,106313.000000,26.007168
sample01145,sbj1255,14,no,cd8_t_cell,23115.000000,107253.000000,21.551845
sample01154,sbj1258,14,no,cd8_t_cell,23832.000000,103873.000000,22.943402
sample01163,sbj1260,14,no,cd8_t_cell,19581.000000,90914.000000,21.537937
sample01220,sbj1278,14,no,cd8_t_cell,26546.000000,105486.000000,25.165425
sample01229,sbj1280,14,no,cd8_t_cell,19086.000000,104556.000000,18.254333
sample01232,sbj1281,14,no,cd8_t_cell,28852.000000,91803.000000,31.428167
sample01244,sbj1285,14,no,cd8_t_cell,20189.000000,98943.000000,20.404677
sample01316,sbj1307,14,no,cd8_t_cell,23952.000000,96957.000000,24.703735
sample01346,sbj1316,14,no,cd8_t_cell,27847.000000,95894.000000,29.039356
sample01388,sbj1329,14,no,cd8_t_cell,30748.000000,107400.000000,28.629423
sample01397,sbj1331,14,no,cd8_t_cell,25590.000000,92581.000000,27.640661
sample01415,sbj1337,14,no,cd8_t_cell,19310.000000,89404.000000,21.598586
sample01433,sbj1342,14,no,cd8_t_cell,22654.000000,98465.000000,23.007160
sample01544,sbj1376,14,no,cd8_t_cell,22518.000000,100029.000000,22.511472
sample01556,sbj138,14,no,cd8_t_cell,28544.000000,100287.000000,28.462313
sample01589,sbj139,14,no,cd8_t_cell,18434.000000,92792.000000,19.865937
sample01613,sbj1397,14,no,cd8_t_cell,32181.000000,91122.000000,35.316389
sample01676,sbj1416,14,no,cd8_t_cell,35447.000000,103515.000000,34.243346
sample01682,sbj1418,14,no,cd8_t_cell,31434.000000,96735.000000,32.494960
sample01688,sbj142,14,no,cd8_t_cell,19452.000000,101006.000000,19.258262
sample01703,sbj1424,14,no,cd8_t_cell,18409.000000,91828.000000,20.047262
sample01724,sbj1430,14,no,cd8_t_cell,31058.000000,95018.000000,32.686438
sample01754,sbj144,14,no,cd8_t_cell,20628.000000,93898.000000,21.968519
sample01769,sbj1444,14,no,cd8_t_cell,19011.000000,97311.000000,19.536332
sample01805,sbj1455,14,no,cd8_t_cell,21970.000000,106453.000000,20.638216
sample01811,sbj1457,14,no,cd8_t_cell,18304.000000,96001.000000,19.066468
sample01814,sbj1458,14,no,cd8_t_cell,27134.000000,102763.000000,26.404445
sample01850,sbj1469,14,no,cd8_t_cell,29259.000000,93842.000000,31.179003
sample01868,sbj1474,14,no,cd8_t_cell,27376.000000,104815.000000,26.118399
sample01877,sbj1477,14,no,cd8_t_cell,23690.000000,102549.000000,23.101152
sample01886,sbj148,14,no,cd8_t_cell,20669.000000,89534.000000,23.085085
sample01895,sbj1482,14,no,cd8_t_cell,21331.000000,103250.000000,20.659564
sample01916,sbj1489,14,no,cd8_t_cell,14460.000000,88605.000000,16.319621
sample01928,sbj1492,14,no,cd8_t_cell,25529.000000,102620.000000,24.877217
sample01934,sbj1494,14,no,cd8_t_cell,23381.000000,91009.000000,25.690866
sample01970,sbj156,14,no,cd8_t_cell,32766.000000,97035.000000,33.767197
sample01988,sbj162,14,no,cd8_t_cell,21683.000000,104688.000000,20.712020
sample01994,sbj164,14,no,cd8_t_cell,21937.000000,98507.000000,22.269483
sample02012,sbj170,14,no,cd8_t_cell,31521.000000,104191.000000,30.253093
sample02018,sbj172,14,no,cd8_t_cell,22786.000000,93989.000000,24.243263
sample02042,sbj180,14,no,cd8_t_cell,24780.000000,101714.000000,24.362428
sample02048,sbj182,14,no,cd8_t_cell,21369.000000,106264.000000,20.109350
sample02063,sbj187,14,no,cd8_t_cell,20440.000000,102881.000000,19.867614
sample02111,sbj203,14,no,cd8_t_cell,38950.000000,109056.000000,35.715596
sample02150,sbj216,14,no,cd8_t_cell,15839.000000,101260.000000,15.641912
sample02171,sbj223,14,no,cd8_t_cell,21803.000000,95918.000000,22.730874
sample02207,sbj235,14,no,cd8_t_cell,20252.000000,98748.000000,20.508770
sample02216,sbj238,14,no,cd8_t_cell,28372.000000,98927.000000,28.679734
sample02234,sbj244,14,no,cd8_t_cell,24591.000000,94074.000000,26.140060
sample02255,sbj251,14,no,cd8_t_cell,26798.000000,104735.000000,25.586480
sample02288,sbj262,14,no,cd8_t_cell,19923.000000,91577.000000,21.755463
sample02291,sbj263,14,no,cd8_t_cell,23782.000000,91213.000000,26.073038
sample02321,sbj273,14,no,cd8_t_cell,16749.000000,105163.000000,15.926704
sample02336,sbj278,14,no,cd8_t_cell,34943.000000,105649.000000,33.074615
sample02357,sbj285,14,no,cd8_t_cell,23287.000000,92077.000000,25.290789
sample02366,sbj288,14,no,cd8_t_cell,24312.000000,90039.000000,27.001633
sample02414,sbj304,14,no,cd8_t_cell,25633.000000,106565.000000,24.053864
sample02432,sbj310,14,no,cd8_t_cell,23163.000000,92882.000000,24.938093
sample02438,sbj312,14,no,cd8_t_cell,16694.000000,102941.000000,16.217056
sample02480,sbj326,14,no,cd8_t_cell,20798.000000,98695.000000,21.073003
sample02543,sbj347,14,no,cd8_t_cell,19780.000000,96093.000000,20.584226
sample02585,sbj361,14,no,cd8_t_cell,27264.000000,99132.000000,27.502724
sample02594,sbj364,14,no,cd8_t_cell,21324.000000,91047.000000,23.420871
sample02621,sbj373,14,no,cd8_t_cell,29030.000000,101615.000000,28.568617
sample02648,sbj382,14,no,cd8_t_cell,28866.000000,95230.000000,30.311877
sample02663,sbj387,14,no,cd8_t_cell,14523.000000,91496.000000,15.872825
sample02666,sbj388,14,no,cd8_t_cell,27114.000000,100607.000000,26.950411
sample02669,sbj389,14,no,cd8_t_cell,24659.000000,108133.000000,22.804324
sample02684,sbj394,14,no,cd8_t_cell,31679.000000,107673.000000,29.421489
sample02702,sbj400,14,no,cd8_t_cell,31187.000000,91635.000000,34.033939
sample02708,sbj402,14,no,cd8_t_cell,21487.000000,96350.000000,22.300986
sample02720,sbj406,14,no,cd8_t_cell,16750.000000,86650.000000,19.330641
sample02744,sbj414,14,no,cd8_t_cell,30708.000000,102996.000000,29.814750
sample02777,sbj425,14,no,cd8_t_cell,34053.000000,92883.000000,36.662253
sample02801,sbj433,14,no,cd8_t_cell,21306.000000,96440.000000,22.092493
sample02813,sbj437,14,no,cd8_t_cell,18744.000000,96600.000000,19.403727
sample02831,sbj443,14,no,cd8_t_cell,19366.000000,90279.000000,21.451279
sample02888,sbj462,14,no,cd8_t_cell,27129.000000,91484.000000,29.654366
sample02891,sbj463,14,no,cd8_t_cell,28786.000000,89620.000000,32.120062
sample02903,sbj467,14,no,cd8_t_cell,21645.000000,102009.000000,21.218716
sample02963,sbj487,14,no,cd8_t_cell,18703.000000,85355.000000,21.912015
sample02972,sbj490,14,no,cd8_t_cell,29592.000000,100224.000000,29.525862
sample03008,sbj502,14,no,cd8_t_cell,19458.000000,88537.000000,21.977252
sample03032,sbj510,14,no,cd8_t_cell,34937.000000,102321.000000,34.144506
sample03053,sbj517,14,no,cd8_t_cell,22865.000000,92544.000000,24.707166
sample03098,sbj532,14,no,cd8_t_cell,18463.000000,92740.000000,19.908346
sample03110,sbj536,14,no,cd8_t_cell,28088.000000,105259.000000,26.684654
sample03134,sbj544,14,no,cd8_t_cell,26031.000000,102745.000000,25.335539
sample03188,sbj562,14,no,cd8_t_cell,23333.000000,91491.000000,25.503055
sample03200,sbj566,14,no,cd8_t_cell,24693.000000,92864.000000,26.590498
sample03215,sbj571,14,no,cd8_t_cell,26711.000000,108078.000000,24.714558
sample03254,sbj584,14,no,cd8_t_cell,28719.000000,96330.000000,29.813142
sample03260,sbj586,14,no,cd8_t_cell,28365.000000,93710.000000,30.268915
sample03320,sbj606,14,no,cd8_t_cell,30967.000000,102769.000000,30.132628
sample03323,sbj607,14,no,cd8_t_cell,24975.000000,104189.000000,23.970861
sample03335,sbj611,14,no,cd8_t_cell,23356.000000,108158.000000,21.594334
sample03365,sbj621,14,no,cd8_t_cell,28830.000000,96622.000000,29.837925
sample03386,sbj628,14,no,cd8_t_cell,23201.000000,106367.000000,21.812216
sample03392,sbj630,14,no,cd8_t_cell,18597.000000,92777.000000,20.044839
sample03404,sbj634,14,no,cd8_t_cell,27083.000000,104117.000000,26.012083
sample03416,sbj638,14,no,cd8_t_cell,19406.000000,89584.000000,21.662350
sample03422,sbj640,14,no,cd8_t_cell,20785.000000,94751.000000,21.936444
sample03434,sbj644,14,no,cd8_t_cell,29197.000000,101888.000000,28.655975
sample03476,sbj658,14,no,cd8_t_cell,28246.000000,89285.000000,31.635773
sample03491,sbj663,14,no,cd8_t_cell,23396.000000,89067.000000,26.267866
sample03554,sbj684,14,no,cd8_t_cell,15260.000000,90562.000000,16.850335
sample03581,sbj693,14,no,cd8_t_cell,25041.000000,98239.000000,25.489877
sample03617,sbj705,14,no,cd8_t_cell,22265.000000,107712.000000,20.670863
sample03635,sbj711,14,no,cd8_t_cell,21431.000000,103725.000000,20.661364
sample03668,sbj722,14,no,cd8_t_cell,23070.000000,102934.000000,22.412420
sample03683,sbj727,14,no,cd8_t_cell,26109.000000,101517.000000,25.718845
sample03686,sbj728,14,no,cd8_t_cell,36262.000000,100694.000000,36.012076
sample03701,sbj733,14,no,cd8_t_cell,22532.000000,105327.000000,21.392425
sample03719,sbj739,14,no,cd8_t_cell,22471.000000,99366.000000,22.614375
sample03722,sbj740,14,no,cd8_t_cell,32563.000000,104536.000000,31.150034
sample03740,sbj746,14,no,cd8_t_cell,24450.000000,98516.000000,24.818304
sample03770,sbj756,14,no,cd8_t_cell,25181.000000,89002.000000,28.292623
sample03776,sbj758,14,no,cd8_t_cell,24940.000000,100480.000000,24.820860
sample03818,sbj772,14,no,cd8_t_cell,26456.000000,104612.000000,25.289642
sample03893,sbj797,14,no,cd8_t_cell,21835.000000,89473.000000,24.404010
sample03941,sbj813,14,no,cd8_t_cell,22295.000000,93507.000000,23.843135
sample03974,sbj824,14,no,cd8_t_cell,16678.000000,107136.000000,15.567130
sample04064,sbj854,14,no,cd8_t_cell,19139.000000,90827.000000,21.071928
sample04076,sbj858,14,no,cd8_t_cell,29135.000000,101344.000000,28.748619
sample04097,sbj865,14,no,cd8_t_cell,21768.000000,108545.000000,20.054355
sample04136,sbj878,14,no,cd8_t_cell,18955.000000,88915.000000,21.318113
sample04145,sbj881,14,no,cd8_t_cell,24676.000000,101485.000000,24.314923
sample04184,sbj894,14,no,cd8_t_cell,22774.000000,92900.000000,24.514532
sample04193,sbj897,14,no,cd8_t_cell,28776.000000,94420.000000,30.476594
sample04202,sbj900,14,no,cd8_t_cell,29483.000000,99751.000000,29.556596
sample04208,sbj902,14,no,cd8_t_cell,30063.000000,98206.000000,30.612183
sample04211,sbj903,14,no,cd8_t_cell,22245.000000,98625.000000,22.555133
sample04280,sbj926,14,no,cd8_t_cell,23296.000000,99292.000000,23.462112
sample04310,sbj936,14,no,cd8_t_cell,16474.000000,97721.000000,16.858198
sample04340,sbj946,14,no,cd8_t_cell,26378.000000,93171.000000,28.311384
sample04421,sbj973,14,no,cd8_t_cell,20176.000000,91067.000000,22.155117
sample04430,sbj976,14,no,cd8_t_cell,21165.000000,89691.000000,23.597685
sample04451,sbj983,14,no,cd8_t_cell,19921.000000,105296.000000,18.919047
sample07505,sbj2501,14,no,cd8_t_cell,17274.000000,103364.000000,16.711815
sample07517,sbj2505,14,no,cd8_t_cell,28677.000000,101396.000000,28.282181
sample07544,sbj2514,14,no,cd8_t_cell,28862.000000,104144.000000,27.713550
sample07622,sbj2540,14,no,cd8_t_cell,24393.000000,93577.000000,26.067303
sample07634,sbj2544,14,no,cd8_t_cell,39019.000000,103231.000000,37.797755
sample07646,sbj2548,14,no,cd8_t_cell,23556.000000,96494.000000,24.411881
sample07655,sbj2551,14,no,cd8_t_cell,21163.000000,90225.000000,23.455805
sample07676,sbj2558,14,no,cd8_t_cell,28778.000000,97725.000000,29.447941
sample07700,sbj2566,14,no,cd8_t_cell,34744.000000,108119.000000,32.134962
sample07712,sbj2570,14,no,cd8_t_cell,30972.000000,105842.000000,29.262486
sample07724,sbj2574,14,no,cd8_t_cell,27131.000000,104246.000000,26.025939
sample07736,sbj2578,14,no,cd8_t_cell,21583.000000,97518.000000,22.132324
sample07748,sbj2582,14,no,cd8_t_cell,25668.000000,92772.000000,27.667831
sample07811,sbj2603,14,no,cd8_t_cell,29071.000000,103371.000000,28.122975
sample07817,sbj2605,14,no,cd8_t_cell,24007.000000,92347.000000,25.996513
sample07820,sbj2606,14,no,cd8_t_cell,21646.000000,95441.000000,22.679980
sample07835,sbj2611,14,no,cd8_t_cell,16557.000000,106507.000000,15.545457
sample07874,sbj2624,14,no,cd8_t_cell,23546.000000,101362.000000,23.229613
sample07901,sbj2633,14,no,cd8_t_cell,21443.000000,98876.000000,21.686759
sample07928,sbj2642,14,no,cd8_t_cell,30592.000000,108547.000000,28.183183
sample07931,sbj2643,14,no,cd8_t_cell,34448.000000,94946.000000,36.281676
sample07934,sbj2644,14,no,cd8_t_cell,18744.000000,97171.000000,19.289706
sample07943,sbj2647,14,no,cd8_t_cell,32543.000000,96982.000000,33.555711
sample07961,sbj2653,14,no,cd8_t_cell,23844.000000,102393.000000,23.286748
sample08006,sbj2668,14,no,cd8_t_cell,22865.000000,104642.000000,21.850691
sample08015,sbj2671,14,no,cd8_t_cell,21420.000000,103548.000000,20.686059
sample08030,sbj2676,14,no,cd8_t_cell,24341.000000,98181.000000,24.791966
sample08051,sbj2683,14,no,cd8_t_cell,23031.000000,92654.000000,24.856995
sample08066,sbj2688,14,no,cd8_t_cell,26249.000000,102946.000000,25.497834
sample08078,sbj2692,14,no,cd8_t_cell,18946.000000,90609.000000,20.909623
sample08120,sbj2706,14,no,cd8_t_cell,21334.000000,91973.000000,23.195938
sample08135,sbj2711,14,no,cd8_t_cell,23848.000000,103351.000000,23.074765
sample08144,sbj2714,14,no,cd8_t_cell,25848.000000,103566.000000,24.957998
sample08162,sbj2720,14,no,cd8_t_cell,25447.000000,104789.000000,24.284037
sample08186,sbj2728,14,no,cd8_t_cell,19785.000000,108140.000000,18.295728
sample08216,sbj2738,14,no,cd8_t_cell,25041.000000,98092.000000,25.528076
sample08279,sbj2759,14,no,cd8_t_cell,23486.000000,92248.000000,25.459631
sample08306,sbj2768,14,no,cd8_t_cell,23503.000000,92929.000000,25.291351
sample08315,sbj2771,14,no,cd8_t_cell,22157.000000,101310.000000,21.870496
sample08327,sbj2775,14,no,cd8_t_cell,22174.000000,100877.000000,21.981225
sample08333,sbj2777,14,no,cd8_t_cell,21875.000000,98652.000000,22.173904
sample08336,sbj2778,14,no,cd8_t_cell,21822.000000,103955.000000,20.991775
sample08369,sbj2789,14,no,cd8_t_cell,26097.000000,101892.000000,25.612413
sample08399,sbj2799,14,no,cd8_t_cell,32027.000000,96601.000000,33.153901
sample08414,sbj2804,14,no,cd8_t_cell,34402.000000,99121.000000,34.707075
sample08417,sbj2805,14,no,cd8_t_cell,30808.000000,96559.000000,31.905881
sample08423,sbj2807,14,no,cd8_t_cell,24063.000000,92217.000000,26.093887
sample08435,sbj2811,14,no,cd8_t_cell,21542.000000,94108.000000,22.890721
sample08438,sbj2812,14,no,cd8_t_cell,21780.000000,96152.000000,22.651635
sample08441,sbj2813,14,no,cd8_t_cell,26378.000000,95799.000000,27.534734
sample08462,sbj2820,14,no,cd8_t_cell,25594.000000,103663.000000,24.689619
sample08474,sbj2824,14,no,cd8_t_cell,23352.000000,99502.000000,23.468875
sample08495,sbj2831,14,no,cd8_t_cell,26384.000000,100948.000000,26.136229
sample08504,sbj2834,14,no,cd8_t_cell,22256.000000,101687.000000,21.886770
sample08522,sbj2840,14,no,cd8_t_cell,26152.000000,89493.000000,29.222397
sample08528,sbj2842,14,no,cd8_t_cell,24081.000000,99766.000000,24.137482
sample08543,sbj2847,14,no,cd8_t_cell,27942.000000,93350.000000,29.932512
sample08558,sbj2852,14,no,cd8_t_cell,25605.000000,105622.000000,24.242109
sample08561,sbj2853,14,no,cd8_t_cell,21314.000000,101886.000000,20.919459
sample08591,sbj2863,14,no,cd8_t_cell,21675.000000,88260.000000,24.558124
sample08639,sbj2879,14,no,cd8_t_cell,27163.000000,100579.000000,27.006632
sample08663,sbj2887,14,no,cd8_t_cell,26677.000000,87150.000000,30.610442
sample08666,sbj2888,14,no,cd8_t_cell,16461.000000,99309.000000,16.575537
sample08714,sbj2904,14,no,cd8_t_cell,26019.000000,100982.000000,25.765978
sample08732,sbj2910,14,no,cd8_t_cell,24217.000000,96924.000000,24.985556
sample08753,sbj2917,14,no,cd8_t_cell,30503.000000,96609.000000,31.573663
sample08765,sbj2921,14,no,cd8_t_cell,26634.000000,96530.000000,27.591422
sample08807,sbj2935,14,no,cd8_t_cell,21176.000000,99616.000000,21.257629
sample08876,sbj2958,14,no,cd8_t_cell,22090.000000,92898.000000,23.778768
sample08921,sbj2973,14,no,cd8_t_cell,19334.000000,105610.000000,18.306979
sample08954,sbj2984,14,no,cd8_t_cell,23132.000000,106043.000000,21.813793
sample08960,sbj2986,14,no,cd8_t_cell,23440.000000,106928.000000,21.921293
sample08969,sbj2989,14,no,cd8_t_cell,19674.000000,92795.000000,21.201573
sample08978,sbj2992,14,no,cd8_t_cell,27487.000000,89742.000000,30.628914
sample09005,sbj3001,14,no,cd8_t_cell,28019.000000,96249.000000,29.110952
sample09032,sbj3010,14,no,cd8_t_cell,20709.000000,90253.000000,22.945498
sample09038,sbj3012,14,no,cd8_t_cell,19028.000000,92290.000000,20.617618
sample09041,sbj3013,14,no,cd8_t_cell,23163.000000,92805.000000,24.958785
sample09050,sbj3016,14,no,cd8_t_cell,20449.000000,92368.000000,22.138619
sample09062,sbj3020,14,no,cd8_t_cell,19527.000000,105611.000000,18.489551
sample09068,sbj3022,14,no,cd8_t_cell,29510.000000,105653.000000,27.931057
sample09152,sbj3050,14,no,cd8_t_cell,34913.000000,93197.000000,37.461506
sample09161,sbj3053,14,no,cd8_t_cell,26894.000000,95179.000000,28.256233
sample09185,sbj3061,14,no,cd8_t_cell,27478.000000,106505.000000,25.799728
sample09215,sbj3071,14,no,cd8_t_cell,18645.000000,94756.000000,19.676854
sample09248,sbj3082,14,no,cd8_t_cell,19674.000000,91693.000000,21.456382
sample09251,sbj3083,14,no,cd8_t_cell,28494.000000,96242.000000,29.606617
sample09290,sbj3096,14,no,cd8_t_cell,23016.000000,104172.000000,22.094229
sample09296,sbj3098,14,no,cd8_t_cell,25457.000000,105907.000000,24.037127
sample09305,sbj3101,14,no,cd8_t_cell,16556.000000,105056.000000,15.759214
sample09356,sbj3118,14,no,cd8_t_cell,17313.000000,110624.000000,15.650311
sample09365,sbj3121,14,no,cd8_t_cell,14223.000000,103759.000000,13.707727
sample09380,sbj3126,14,no,cd8_t_cell,27511.000000,101569.000000,27.086020
sample09386,sbj3128,14,no,cd8_t_cell,24691.000000,102555.000000,24.075862
sample09389,sbj3129,14,no,cd8_t_cell,24241.000000,107114.000000,22.631029
sample09416,sbj3138,14,no,cd8_t_cell,18607.000000,92668.000000,20.079207
sample09422,sbj3140,14,no,cd8_t_cell,18873.000000,92730.000000,20.352637
sample09431,sbj3143,14,no,cd8_t_cell,25486.000000,109166.000000,23.346097
sample09434,sbj3144,14,no,cd8_t_cell,27006.000000,106134.000000,25.445192
sample09479,sbj3159,14,no,cd8_t_cell,24926.000000,91143.000000,27.348233
sample09485,sbj3161,14,no,cd8_t_cell,25586.000000,89487.000000,28.591863
sample09494,sbj3164,14,no,cd8_t_cell,23639.000000,99359.000000,23.791504
sample09557,sbj3185,14,no,cd8_t_cell,21938.000000,97063.000000,22.601815
sample09569,sbj3189,14,no,cd8_t_cell,22543.000000,90128.000000,25.012205
sample09587,sbj3195,14,no,cd8_t_cell,26999.000000,100968.000000,26.740155
sample09590,sbj3196,14,no,cd8_t_cell,20128.000000,98985.000000,20.334394
sample09629,sbj3209,14,no,cd8_t_cell,22521.000000,90723.000000,24.823915
sample09659,sbj3219,14,no,cd8_t_cell,24132.000000,104502.000000,23.092381
sample09674,sbj3224,14,no,cd8_t_cell,28193.000000,102113.000000,27.609609
sample09746,sbj3248,14,no,cd8_t_cell,13634.000000,91888.000000,14.837628
sample09758,sbj3252,14,no,cd8_t_cell,23458.000000,93732.000000,25.026672
sample09764,sbj3254,14,no,cd8_t_cell,21433.000000,104839.000000,20.443728
sample09815,sbj3271,14,no,cd8_t_cell,25063.000000,97468.000000,25.714081
sample09818,sbj3272,14,no,cd8_t_cell,20185.000000,98119.000000,20.571959
sample09872,sbj3290,14,no,cd8_t_cell,30980.000000,109000.000000,28.422018
sample09875,sbj3291,14,no,cd8_t_cell,26571.000000,102969.000000,25.804854
sample09896,sbj3298,14,no,cd8_t_cell,30906.000000,91620.000000,33.732809
sample09902,sbj3300,14,no,cd8_t_cell,24300.000000,94318.000000,25.763905
sample09905,sbj3301,14,no,cd8_t_cell,22628.000000,94844.000000,23.858125
sample09914,sbj3304,14,no,cd8_t_cell,15249.000000,97204.000000,15.687626
sample09920,sbj3306,14,no,cd8_t_cell,25739.000000,99134.000000,25.963847
sample09989,sbj3329,14,no,cd8_t_cell,30186.000000,100426.000000,30.057953
sample10001,sbj3333,14,no,cd8_t_cell,24829.000000,89337.000000,27.792516
sample10070,sbj3356,14,no,cd8_t_cell,22332.000000,93243.000000,23.950323
sample10091,sbj3363,14,no,cd8_t_cell,26576.000000,109783.000000,24.207755
sample10193,sbj3397,14,no,cd8_t_cell,19296.000000,89936.000000,21.455257
sample10232,sbj3410,14,no,cd8_t_cell,20482.000000,101602.000000,20.159052
sample10253,sbj3417,14,no,cd8_t_cell,20442.000000,91020.000000,22.458800
sample10268,sbj3422,14,no,cd8_t_cell,19668.000000,91032.000000,21.605589
sample10307,sbj3435,14,no,cd8_t_cell,26459.000000,103741.000000,25.504863
sample10322,sbj3440,14,no,cd8_t_cell,33916.000000,102500.000000,33.088780
sample10397,sbj3465,14,no,cd8_t_cell,27590.000000,104962.000000,26.285703
sample10418,sbj3472,14,no,cd8_t_cell,32638.000000,97502.000000,33.474185
sample10457,sbj3485,14,no,cd8_t_cell,28307.000000,98292.000000,28.798885
sample10472,sbj3490,14,no,cd8_t_cell,32029.000000,104967.000000,30.513399
sample10475,sbj3491,14,no,cd8_t_cell,20620.000000,85810.000000,24.029833
sample00026,sbj008,14,yes,cd8_t_cell,23786.000000,95777.000000,24.834772
sample00062,sbj020,14,yes,cd8_t_cell,20104.000000,95286.000000,21.098587
sample00068,sbj022,14,yes,cd8_t_cell,33801.000000,110245.000000,30.659894
sample00077,sbj025,14,yes,cd8_t_cell,18744.000000,105432.000000,17.778284
sample00143,sbj047,14,yes,cd8_t_cell,32400.000000,95184.000000,34.039334
sample00167,sbj055,14,yes,cd8_t_cell,40134.000000,108425.000000,37.015448
sample00170,sbj056,14,yes,cd8_t_cell,25161.000000,98457.000000,25.555319
sample00263,sbj087,14,yes,cd8_t_cell,24439.000000,97454.000000,25.077472
sample00326,sbj1007,14,yes,cd8_t_cell,14270.000000,97661.000000,14.611769
sample00329,sbj1008,14,yes,cd8_t_cell,23108.000000,107732.000000,21.449523
sample00335,sbj101,14,yes,cd8_t_cell,19327.000000,102261.000000,18.899678
sample00371,sbj1020,14,yes,cd8_t_cell,21002.000000,94340.000000,22.262031
sample00380,sbj1023,14,yes,cd8_t_cell,27668.000000,95275.000000,29.040147
sample00428,sbj1038,14,yes,cd8_t_cell,25768.000000,93130.000000,27.668850
sample00449,sbj1044,14,yes,cd8_t_cell,28624.000000,99023.000000,28.906416
sample00485,sbj1055,14,yes,cd8_t_cell,25790.000000,102542.000000,25.150670
sample00500,sbj106,14,yes,cd8_t_cell,27662.000000,92267.000000,29.980383
sample00512,sbj1063,14,yes,cd8_t_cell,32150.000000,105031.000000,30.610010
sample00539,sbj1071,14,yes,cd8_t_cell,35181.000000,112399.000000,31.300101
sample00545,sbj1073,14,yes,cd8_t_cell,25319.000000,103635.000000,24.430935
sample00557,sbj1077,14,yes,cd8_t_cell,28840.000000,104558.000000,27.582777
sample00566,sbj108,14,yes,cd8_t_cell,19529.000000,98928.000000,19.740619
sample00623,sbj1097,14,yes,cd8_t_cell,28875.000000,100146.000000,28.832904
sample00632,sbj110,14,yes,cd8_t_cell,22798.000000,92195.000000,24.728022
sample00662,sbj1109,14,yes,cd8_t_cell,20557.000000,98068.000000,20.961986
sample00677,sbj1113,14,yes,cd8_t_cell,25924.000000,96411.000000,26.889048
sample00716,sbj1125,14,yes,cd8_t_cell,21991.000000,111411.000000,19.738625
sample00755,sbj1137,14,yes,cd8_t_cell,25695.000000,97992.000000,26.221528
sample00827,sbj1159,14,yes,cd8_t_cell,24820.000000,98597.000000,25.173180
sample00842,sbj1163,14,yes,cd8_t_cell,23428.000000,104754.000000,22.364778
sample00863,sbj117,14,yes,cd8_t_cell,30627.000000,101651.000000,30.129561
sample00875,sbj1173,14,yes,cd8_t_cell,28657.000000,106472.000000,26.915057
sample00878,sbj1174,14,yes,cd8_t_cell,30090.000000,93168.000000,32.296497
sample00890,sbj1178,14,yes,cd8_t_cell,20418.000000,100665.000000,20.283117
sample00896,sbj118,14,yes,cd8_t_cell,25894.000000,102348.000000,25.299957
sample00914,sbj1185,14,yes,cd8_t_cell,18174.000000,95778.000000,18.975130
sample00917,sbj1186,14,yes,cd8_t_cell,28147.000000,105075.000000,26.787533
sample00941,sbj1193,14,yes,cd8_t_cell,20099.000000,100542.000000,19.990651
sample01010,sbj1214,14,yes,cd8_t_cell,27021.000000,101492.000000,26.623773
sample01019,sbj1217,14,yes,cd8_t_cell,27684.000000,99306.000000,27.877470
sample01070,sbj1232,14,yes,cd8_t_cell,33882.000000,108844.000000,31.128955
sample01076,sbj1234,14,yes,cd8_t_cell,23686.000000,106152.000000,22.313287
sample01082,sbj1236,14,yes,cd8_t_cell,18069.000000,104619.000000,17.271241
sample01094,sbj124,14,yes,cd8_t_cell,30517.000000,111273.000000,27.425341
sample01106,sbj1243,14,yes,cd8_t_cell,30539.000000,95116.000000,32.107111
sample01130,sbj1250,14,yes,cd8_t_cell,35667.000000,106266.000000,33.563887
sample01172,sbj1263,14,yes,cd8_t_cell,34479.000000,99022.000000,34.819535
sample01247,sbj1286,14,yes,cd8_t_cell,24625.000000,96431.000000,25.536394
sample01250,sbj1287,14,yes,cd8_t_cell,31140.000000,94327.000000,33.012817
sample01262,sbj1290,14,yes,cd8_t_cell,18891.000000,98411.000000,19.196025
sample01268,sbj1292,14,yes,cd8_t_cell,26253.000000,92304.000000,28.441888
sample01286,sbj1298,14,yes,cd8_t_cell,28923.000000,99219.000000,29.150667
sample01313,sbj1306,14,yes,cd8_t_cell,25274.000000,107635.000000,23.481210
sample01328,sbj1310,14,yes,cd8_t_cell,22936.000000,106081.000000,21.621214
sample01331,sbj1311,14,yes,cd8_t_cell,17603.000000,98623.000000,17.848778
sample01334,sbj1312,14,yes,cd8_t_cell,33548.000000,109803.000000,30.552899
sample01361,sbj1320,14,yes,cd8_t_cell,35989.000000,102423.000000,35.137616
sample01379,sbj1326,14,yes,cd8_t_cell,19993.000000,96861.000000,20.640918
sample01421,sbj1339,14,yes,cd8_t_cell,25847.000000,92764.000000,27.863180
sample01424,sbj134,14,yes,cd8_t_cell,21333.000000,99345.000000,21.473652
sample01442,sbj1345,14,yes,cd8_t_cell,21478.000000,108646.000000,19.768790
sample01460,sbj1350,14,yes,cd8_t_cell,21630.000000,109277.000000,19.793735
sample01493,sbj1360,14,yes,cd8_t_cell,25297.000000,104531.000000,24.200476
sample01499,sbj1362,14,yes,cd8_t_cell,22071.000000,101999.000000,21.638447
sample01535,sbj1373,14,yes,cd8_t_cell,22203.000000,102823.000000,21.593418
sample01538,sbj1374,14,yes,cd8_t_cell,21733.000000,94072.000000,23.102517
sample01547,sbj1377,14,yes,cd8_t_cell,21963.000000,95205.000000,23.069167
sample01604,sbj1394,14,yes,cd8_t_cell,30484.000000,109316.000000,27.886128
sample01622,sbj140,14,yes,cd8_t_cell,25774.000000,101351.000000,25.430435
sample01637,sbj1404,14,yes,cd8_t_cell,31286.000000,105257.000000,29.723439
sample01640,sbj1405,14,yes,cd8_t_cell,24095.000000,98315.000000,24.507959
sample01667,sbj1413,14,yes,cd8_t_cell,30606.000000,97142.000000,31.506454
sample01685,sbj1419,14,yes,cd8_t_cell,23526.000000,93146.000000,25.257123
sample01694,sbj1421,14,yes,cd8_t_cell,23989.000000,98678.000000,24.310383
sample01721,sbj143,14,yes,cd8_t_cell,22821.000000,96252.000000,23.709637
sample01730,sbj1432,14,yes,cd8_t_cell,29963.000000,106929.000000,28.021397
sample01757,sbj1440,14,yes,cd8_t_cell,29216.000000,109764.000000,26.617106
sample01787,sbj145,14,yes,cd8_t_cell,23671.000000,105827.000000,22.367638
sample01817,sbj1459,14,yes,cd8_t_cell,28565.000000,102908.000000,27.757803
sample01826,sbj1461,14,yes,cd8_t_cell,21772.000000,111533.000000,19.520680
sample01832,sbj1463,14,yes,cd8_t_cell,21687.000000,103134.000000,21.027983
sample01835,sbj1464,14,yes,cd8_t_cell,21873.000000,94836.000000,23.064026
sample01883,sbj1479,14,yes,cd8_t_cell,17197.000000,98681.000000,17.426860
sample01901,sbj1484,14,yes,cd8_t_cell,25729.000000,106020.000000,24.268063
sample01964,sbj154,14,yes,cd8_t_cell,30854.000000,102231.000000,30.180669
sample02039,sbj179,14,yes,cd8_t_cell,28686.000000,106824.000000,26.853516
sample02057,sbj185,14,yes,cd8_t_cell,18279.000000,100927.000000,18.111110
sample02066,sbj188,14,yes,cd8_t_cell,24005.000000,102644.000000,23.386657
sample02180,sbj226,14,yes,cd8_t_cell,22408.000000,107565.000000,20.832055
sample02198,sbj232,14,yes,cd8_t_cell,37213.000000,94020.000000,39.579877
sample02237,sbj245,14,yes,cd8_t_cell,27424.000000,106187.000000,25.826137
sample02246,sbj248,14,yes,cd8_t_cell,27061.000000,95934.000000,28.207935
sample02264,sbj254,14,yes,cd8_t_cell,41647.000000,105832.000000,39.351992
sample02342,sbj280,14,yes,cd8_t_cell,29777.000000,110313.000000,26.993192
sample02390,sbj296,14,yes,cd8_t_cell,18685.000000,89190.000000,20.949658
sample02441,sbj313,14,yes,cd8_t_cell,22512.000000,107771.000000,20.888736
sample02456,sbj318,14,yes,cd8_t_cell,27910.000000,103408.000000,26.990175
sample02468,sbj322,14,yes,cd8_t_cell,22124.000000,103442.000000,21.387831
sample02483,sbj327,14,yes,cd8_t_cell,21585.000000,94166.000000,22.922286
sample02492,sbj330,14,yes,cd8_t_cell,33654.000000,110915.000000,30.342154
sample02501,sbj333,14,yes,cd8_t_cell,25534.000000,96176.000000,26.549243
sample02519,sbj339,14,yes,cd8_t_cell,24330.000000,110636.000000,21.991034
sample02564,sbj354,14,yes,cd8_t_cell,21074.000000,100787.000000,20.909443
sample02576,sbj358,14,yes,cd8_t_cell,31440.000000,112012.000000,28.068421
sample02588,sbj362,14,yes,cd8_t_cell,27113.000000,99688.000000,27.197857
sample02591,sbj363,14,yes,cd8_t_cell,21120.000000,104087.000000,20.290718
sample02627,sbj375,14,yes,cd8_t_cell,20963.000000,103558.000000,20.242763
sample02642,sbj380,14,yes,cd8_t_cell,20237.000000,92204.000000,21.948072
sample02657,sbj385,14,yes,cd8_t_cell,27887.000000,107830.000000,25.862005
sample02675,sbj391,14,yes,cd8_t_cell,30589.000000,109520.000000,27.930058
sample02738,sbj412,14,yes,cd8_t_cell,26625.000000,95263.000000,27.948941
sample02756,sbj418,14,yes,cd8_t_cell,15874.000000,96104.000000,16.517523
sample02762,sbj420,14,yes,cd8_t_cell,18432.000000,102034.000000,18.064567
sample02768,sbj422,14,yes,cd8_t_cell,31242.000000,99922.000000,31.266388
sample02774,sbj424,14,yes,cd8_t_cell,28389.000000,98364.000000,28.861169
sample02783,sbj427,14,yes,cd8_t_cell,25939.000000,98298.000000,26.388126
sample02810,sbj436,14,yes,cd8_t_cell,35229.000000,108117.000000,32.584145
sample02825,sbj441,14,yes,cd8_t_cell,26648.000000,101097.000000,26.358843
sample02840,sbj446,14,yes,cd8_t_cell,25904.000000,91985.000000,28.161113
sample02849,sbj449,14,yes,cd8_t_cell,22137.000000,110004.000000,20.123814
sample02858,sbj452,14,yes,cd8_t_cell,19107.000000,108805.000000,17.560774
sample02876,sbj458,14,yes,cd8_t_cell,22765.000000,110266.000000,20.645530
sample02912,sbj470,14,yes,cd8_t_cell,26797.000000,108860.000000,24.616021
sample02918,sbj472,14,yes,cd8_t_cell,31428.000000,107332.000000,29.281109
sample02927,sbj475,14,yes,cd8_t_cell,25884.000000,97155.000000,26.641964
sample02930,sbj476,14,yes,cd8_t_cell,20420.000000,99254.000000,20.573478
sample02978,sbj492,14,yes,cd8_t_cell,14820.000000,107263.000000,13.816507
sample02993,sbj497,14,yes,cd8_t_cell,19292.000000,100518.000000,19.192582
sample02999,sbj499,14,yes,cd8_t_cell,18795.000000,93914.000000,20.012991
sample03002,sbj500,14,yes,cd8_t_cell,22036.000000,101025.000000,21.812423
sample03023,sbj507,14,yes,cd8_t_cell,24814.000000,95652.000000,25.941956
sample03026,sbj508,14,yes,cd8_t_cell,27003.000000,91163.000000,29.620570
sample03041,sbj513,14,yes,cd8_t_cell,24288.000000,106424.000000,22.821920
sample03068,sbj522,14,yes,cd8_t_cell,30473.000000,103278.000000,29.505800
sample03095,sbj531,14,yes,cd8_t_cell,26993.000000,107388.000000,25.135956
sample03122,sbj540,14,yes,cd8_t_cell,26789.000000,110501.000000,24.243220
sample03161,sbj553,14,yes,cd8_t_cell,23508.000000,99108.000000,23.719579
sample03185,sbj561,14,yes,cd8_t_cell,19991.000000,99815.000000,20.028052
sample03197,sbj565,14,yes,cd8_t_cell,24229.000000,94407.000000,25.664410
sample03248,sbj582,14,yes,cd8_t_cell,27811.000000,93048.000000,29.888875
sample03266,sbj588,14,yes,cd8_t_cell,26649.000000,101227.000000,26.325980
sample03269,sbj589,14,yes,cd8_t_cell,38195.000000,105647.000000,36.153417
sample03275,sbj591,14,yes,cd8_t_cell,16835.000000,95210.000000,17.681966
sample03287,sbj595,14,yes,cd8_t_cell,27544.000000,108609.000000,25.360698
sample03299,sbj599,14,yes,cd8_t_cell,20638.000000,109354.000000,18.872652
sample03305,sbj601,14,yes,cd8_t_cell,18988.000000,106083.000000,17.899192
sample03377,sbj625,14,yes,cd8_t_cell,30191.000000,101050.000000,29.877288
sample03383,sbj627,14,yes,cd8_t_cell,21699.000000,107112.000000,20.258234
sample03407,sbj635,14,yes,cd8_t_cell,30461.000000,105278.000000,28.933870
sample03455,sbj651,14,yes,cd8_t_cell,25059.000000,104408.000000,24.001034
sample03467,sbj655,14,yes,cd8_t_cell,19552.000000,106721.000000,18.320668
sample03488,sbj662,14,yes,cd8_t_cell,18416.000000,93683.000000,19.657782
sample03494,sbj664,14,yes,cd8_t_cell,26865.000000,111627.000000,24.066758
sample03533,sbj677,14,yes,cd8_t_cell,20183.000000,102535.000000,19.684010
sample03578,sbj692,14,yes,cd8_t_cell,24861.000000,92344.000000,26.922161
sample03590,sbj696,14,yes,cd8_t_cell,30034.000000,100387.000000,29.918217
sample03593,sbj697,14,yes,cd8_t_cell,22878.000000,92322.000000,24.780659
sample03623,sbj707,14,yes,cd8_t_cell,18928.000000,108938.000000,17.375021
sample03626,sbj708,14,yes,cd8_t_cell,30117.000000,110815.000000,27.177729
sample03749,sbj749,14,yes,cd8_t_cell,21316.000000,101769.000000,20.945475
sample03767,sbj755,14,yes,cd8_t_cell,29326.000000,107850.000000,27.191470
sample03791,sbj763,14,yes,cd8_t_cell,27885.000000,110161.000000,25.312951
sample03806,sbj768,14,yes,cd8_t_cell,22722.000000,97154.000000,23.387611
sample03821,sbj773,14,yes,cd8_t_cell,25711.000000,104432.000000,24.619848
sample03848,sbj782,14,yes,cd8_t_cell,27339.000000,109847.000000,24.888254
sample03854,sbj784,14,yes,cd8_t_cell,20140.000000,96613.000000,20.846056
sample03863,sbj787,14,yes,cd8_t_cell,33371.000000,95804.000000,34.832575
sample03887,sbj795,14,yes,cd8_t_cell,24742.000000,93930.000000,26.340892
sample03938,sbj812,14,yes,cd8_t_cell,26114.000000,98992.000000,26.379909
sample03944,sbj814,14,yes,cd8_t_cell,25561.000000,113114.000000,22.597556
sample03953,sbj817,14,yes,cd8_t_cell,21005.000000,91762.000000,22.890739
sample03965,sbj821,14,yes,cd8_t_cell,25640.000000,108858.000000,23.553620
sample03983,sbj827,14,yes,cd8_t_cell,23724.000000,104813.000000,22.634597
sample04016,sbj838,14,yes,cd8_t_cell,34161.000000,111287.000000,30.696308
sample04037,sbj845,14,yes,cd8_t_cell,21680.000000,95425.000000,22.719413
sample04049,sbj849,14,yes,cd8_t_cell,27058.000000,95378.000000,28.369226
sample04070,sbj856,14,yes,cd8_t_cell,28972.000000,103842.000000,27.900079
sample04130,sbj876,14,yes,cd8_t_cell,25870.000000,98134.000000,26.361913
sample04157,sbj885,14,yes,cd8_t_cell,31767.000000,100599.000000,31.577849
sample04172,sbj890,14,yes,cd8_t_cell,24818.000000,92925.000000,26.707560
sample04175,sbj891,14,yes,cd8_t_cell,20427.000000,97702.000000,20.907453
sample04190,sbj896,14,yes,cd8_t_cell,17500.000000,92747.000000,18.868535
sample04205,sbj901,14,yes,cd8_t_cell,23640.000000,111662.000000,21.171034
sample04226,sbj908,14,yes,cd8_t_cell,36647.000000,101870.000000,35.974281
sample04268,sbj922,14,yes,cd8_t_cell,21774.000000,108632.000000,20.043818
sample04286,sbj928,14,yes,cd8_t_cell,30925.000000,108621.000000,28.470554
sample04295,sbj931,14,yes,cd8_t_cell,27302.000000,105510.000000,25.876220
sample04298,sbj932,14,yes,cd8_t_cell,22576.000000,108568.000000,20.794341
sample04304,sbj934,14,yes,cd8_t_cell,23314.000000,98648.000000,23.633525
sample04349,sbj949,14,yes,cd8_t_cell,17667.000000,96741.000000,18.262164
sample04370,sbj956,14,yes,cd8_t_cell,27431.000000,99005.000000,27.706681
sample04379,sbj959,14,yes,cd8_t_cell,16956.000000,92605.000000,18.310026
sample04436,sbj978,14,yes,cd8_t_cell,25611.000000,107254.000000,23.878830
sample04463,sbj987,14,yes,cd8_t_cell,35648.000000,103405.000000,34.474155
sample04493,sbj997,14,yes,cd8_t_cell,21418.000000,94992.000000,22.547162
sample07508,sbj2502,14,yes,cd8_t_cell,28234.000000,101838.000000,27.724425
sample07529,sbj2509,14,yes,cd8_t_cell,28160.000000,92996.000000,30.280872
sample07553,sbj2517,14,yes,cd8_t_cell,18533.000000,91151.000000,20.332196
sample07562,sbj2520,14,yes,cd8_t_cell,36773.000000,101792.000000,36.125629
sample07577,sbj2525,14,yes,cd8_t_cell,29993.000000,108626.000000,27.611253
sample07589,sbj2529,14,yes,cd8_t_cell,21100.000000,96060.000000,21.965438
sample07595,sbj2531,14,yes,cd8_t_cell,16643.000000,100255.000000,16.600668
sample07616,sbj2538,14,yes,cd8_t_cell,29381.000000,111422.000000,26.369119
sample07649,sbj2549,14,yes,cd8_t_cell,18161.000000,96059.000000,18.906089
sample07667,sbj2555,14,yes,cd8_t_cell,25924.000000,112151.000000,23.115264
sample07727,sbj2575,14,yes,cd8_t_cell,22045.000000,95436.000000,23.099250
sample07763,sbj2587,14,yes,cd8_t_cell,25017.000000,99029.000000,25.262297
sample07802,sbj2600,14,yes,cd8_t_cell,27119.000000,95342.000000,28.443918
sample07823,sbj2607,14,yes,cd8_t_cell,28046.000000,107664.000000,26.049562
sample07826,sbj2608,14,yes,cd8_t_cell,25972.000000,95474.000000,27.203218
sample07829,sbj2609,14,yes,cd8_t_cell,20768.000000,92306.000000,22.499079
sample07838,sbj2612,14,yes,cd8_t_cell,20646.000000,100157.000000,20.613637
sample07907,sbj2635,14,yes,cd8_t_cell,23234.000000,93169.000000,24.937479
sample07970,sbj2656,14,yes,cd8_t_cell,23595.000000,100212.000000,23.545084
sample08042,sbj2680,14,yes,cd8_t_cell,18887.000000,103315.000000,18.280985
sample08057,sbj2685,14,yes,cd8_t_cell,25285.000000,98727.000000,25.611028
sample08087,sbj2695,14,yes,cd8_t_cell,28111.000000,109839.000000,25.592913
sample08123,sbj2707,14,yes,cd8_t_cell,32907.000000,107879.000000,30.503620
sample08129,sbj2709,14,yes,cd8_t_cell,27922.000000,107931.000000,25.870232
sample08153,sbj2717,14,yes,cd8_t_cell,24319.000000,101829.000000,23.882195
sample08168,sbj2722,14,yes,cd8_t_cell,37377.000000,106473.000000,35.104674
sample08180,sbj2726,14,yes,cd8_t_cell,32684.000000,99311.000000,32.910755
sample08201,sbj2733,14,yes,cd8_t_cell,21440.000000,94484.000000,22.691673
sample08249,sbj2749,14,yes,cd8_t_cell,24005.000000,94422.000000,25.423101
sample08276,sbj2758,14,yes,cd8_t_cell,25894.000000,98707.000000,26.233195
sample08291,sbj2763,14,yes,cd8_t_cell,14964.000000,111328.000000,13.441362
sample08300,sbj2766,14,yes,cd8_t_cell,25142.000000,95440.000000,26.343252
sample08330,sbj2776,14,yes,cd8_t_cell,26068.000000,103501.000000,25.186230
sample08339,sbj2779,14,yes,cd8_t_cell,27591.000000,99255.000000,27.798096
sample08351,sbj2783,14,yes,cd8_t_cell,31268.000000,97897.000000,31.939692
sample08354,sbj2784,14,yes,cd8_t_cell,29374.000000,106650.000000,27.542429
sample08363,sbj2787,14,yes,cd8_t_cell,16461.000000,93327.000000,17.637983
sample08390,sbj2796,14,yes,cd8_t_cell,23410.000000,104120.000000,22.483673
sample08405,sbj2801,14,yes,cd8_t_cell,19580.000000,98635.000000,19.850966
sample08444,sbj2814,14,yes,cd8_t_cell,28971.000000,109275.000000,26.512011
sample08468,sbj2822,14,yes,cd8_t_cell,23710.000000,105290.000000,22.518758
sample08483,sbj2827,14,yes,cd8_t_cell,24586.000000,111646.000000,22.021389
sample08570,sbj2856,14,yes,cd8_t_cell,33021.000000,96610.000000,34.179692
sample08585,sbj2861,14,yes,cd8_t_cell,28917.000000,101409.000000,28.515221
sample08597,sbj2865,14,yes,cd8_t_cell,29593.000000,94536.000000,31.303419
sample08612,sbj2870,14,yes,cd8_t_cell,31421.000000,98046.000000,32.047202
sample08657,sbj2885,14,yes,cd8_t_cell,19126.000000,105817.000000,18.074600
sample08687,sbj2895,14,yes,cd8_t_cell,32904.000000,92803.000000,35.455750
sample08708,sbj2902,14,yes,cd8_t_cell,27477.000000,100379.000000,27.373255
sample08720,sbj2906,14,yes,cd8_t_cell,19025.000000,102366.000000,18.585272
sample08726,sbj2908,14,yes,cd8_t_cell,27171.000000,102919.000000,26.400373
sample08771,sbj2923,14,yes,cd8_t_cell,19222.000000,98836.000000,19.448379
sample08783,sbj2927,14,yes,cd8_t_cell,29291.000000,104558.000000,28.014117
sample08831,sbj2943,14,yes,cd8_t_cell,26537.000000,105627.000000,25.123311
sample08834,sbj2944,14,yes,cd8_t_cell,25030.000000,92594.000000,27.031989
sample08855,sbj2951,14,yes,cd8_t_cell,25814.000000,95964.000000,26.899671
sample08858,sbj2952,14,yes,cd8_t_cell,27857.000000,92774.000000,30.026732
sample08897,sbj2965,14,yes,cd8_t_cell,19234.000000,91809.000000,20.950016
sample08915,sbj2971,14,yes,cd8_t_cell,22467.000000,96577.000000,23.263303
sample08927,sbj2975,14,yes,cd8_t_cell,26147.000000,101930.000000,25.651918
sample08945,sbj2981,14,yes,cd8_t_cell,25185.000000,103206.000000,24.402651
sample08948,sbj2982,14,yes,cd8_t_cell,27253.000000,107096.000000,25.447262
sample08972,sbj2990,14,yes,cd8_t_cell,28527.000000,108008.000000,26.411932
sample08981,sbj2993,14,yes,cd8_t_cell,24926.000000,107277.000000,23.235176
sample09011,sbj3003,14,yes,cd8_t_cell,30287.000000,112421.000000,26.940696
sample09020,sbj3006,14,yes,cd8_t_cell,40432.000000,107800.000000,37.506494
sample09026,sbj3008,14,yes,cd8_t_cell,19518.000000,97245.000000,20.070955
sample09074,sbj3024,14,yes,cd8_t_cell,21389.000000,95498.000000,22.397328
sample09083,sbj3027,14,yes,cd8_t_cell,20368.000000,100856.000000,20.195130
sample09089,sbj3029,14,yes,cd8_t_cell,20018.000000,94333.000000,21.220570
sample09104,sbj3034,14,yes,cd8_t_cell,27327.000000,99830.000000,27.373535
sample09116,sbj3038,14,yes,cd8_t_cell,28954.000000,110131.000000,26.290509
sample09131,sbj3043,14,yes,cd8_t_cell,25502.000000,99591.000000,25.606732
sample09146,sbj3048,14,yes,cd8_t_cell,37840.000000,107504.000000,35.198690
sample09164,sbj3054,14,yes,cd8_t_cell,16784.000000,100549.000000,16.692359
sample09173,sbj3057,14,yes,cd8_t_cell,25179.000000,100489.000000,25.056474
sample09182,sbj3060,14,yes,cd8_t_cell,19140.000000,104757.000000,18.270855
sample09200,sbj3066,14,yes,cd8_t_cell,21661.000000,94536.000000,22.912964
sample09245,sbj3081,14,yes,cd8_t_cell,23167.000000,93440.000000,24.793450
sample09302,sbj3100,14,yes,cd8_t_cell,30413.000000,106533.000000,28.547962
sample09392,sbj3130,14,yes,cd8_t_cell,33750.000000,108674.000000,31.056186
sample09395,sbj3131,14,yes,cd8_t_cell,27818.000000,95935.000000,28.996717
sample09443,sbj3147,14,yes,cd8_t_cell,26294.000000,103353.000000,25.440964
sample09452,sbj3150,14,yes,cd8_t_cell,15107.000000,92876.000000,16.265774
sample09461,sbj3153,14,yes,cd8_t_cell,29325.000000,101217.000000,28.972406
sample09470,sbj3156,14,yes,cd8_t_cell,20116.000000,109864.000000,18.309910
sample09488,sbj3162,14,yes,cd8_t_cell,29855.000000,108066.000000,27.626636
sample09491,sbj3163,14,yes,cd8_t_cell,25757.000000,100726.000000,25.571352
sample09497,sbj3165,14,yes,cd8_t_cell,27478.000000,110268.000000,24.919288
sample09515,sbj3171,14,yes,cd8_t_cell,28732.000000,97005.000000,29.619092
sample09521,sbj3173,14,yes,cd8_t_cell,27392.000000,102947.000000,26.607866
sample09548,sbj3182,14,yes,cd8_t_cell,23670.000000,98015.000000,24.149365
sample09575,sbj3191,14,yes,cd8_t_cell,29930.000000,107198.000000,27.920297
sample09581,sbj3193,14,yes,cd8_t_cell,23752.000000,99145.000000,23.956831
sample09584,sbj3194,14,yes,cd8_t_cell,24177.000000,101480.000000,23.824399
sample09593,sbj3197,14,yes,cd8_t_cell,19152.000000,107572.000000,17.803889
sample09599,sbj3199,14,yes,cd8_t_cell,23463.000000,104265.000000,22.503237
sample09608,sbj3202,14,yes,cd8_t_cell,32272.000000,108213.000000,29.822665
sample09614,sbj3204,14,yes,cd8_t_cell,20100.000000,92323.000000,21.771390
sample09617,sbj3205,14,yes,cd8_t_cell,28469.000000,102767.000000,27.702473
sample09668,sbj3222,14,yes,cd8_t_cell,22882.000000,100620.000000,22.741006
sample09692,sbj3230,14,yes,cd8_t_cell,26159.000000,103828.000000,25.194553
sample09701,sbj3233,14,yes,cd8_t_cell,28594.000000,93749.000000,30.500592
sample09707,sbj3235,14,yes,cd8_t_cell,24894.000000,98782.000000,25.200948
sample09722,sbj3240,14,yes,cd8_t_cell,26138.000000,104846.000000,24.929897
sample09785,sbj3261,14,yes,cd8_t_cell,20508.000000,95332.000000,21.512189
sample09800,sbj3266,14,yes,cd8_t_cell,24234.000000,92693.000000,26.144369
sample09911,sbj3303,14,yes,cd8_t_cell,24549.000000,107537.000000,22.828422
sample09926,sbj3308,14,yes,cd8_t_cell,21184.000000,108489.000000,19.526404
sample09965,sbj3321,14,yes,cd8_t_cell,25607.000000,103409.000000,24.762835
sample09980,sbj3326,14,yes,cd8_t_cell,24043.000000,99241.000000,24.226882
sample09992,sbj3330,14,yes,cd8_t_cell,30231.000000,105603.000000,28.627028
sample09998,sbj3332,14,yes,cd8_t_cell,23285.000000,108863.000000,21.389269
sample10040,sbj3346,14,yes,cd8_t_cell,31134.000000,91522.000000,34.018050
sample10043,sbj3347,14,yes,cd8_t_cell,21372.000000,110107.000000,19.410210
sample10097,sbj3365,14,yes,cd8_t_cell,31975.000000,105465.000000,30.318115
sample10118,sbj3372,14,yes,cd8_t_cell,41617.000000,103612.000000,40.166197
sample10127,sbj3375,14,yes,cd8_t_cell,18586.000000,95263.000000,19.510198
sample10130,sbj3376,14,yes,cd8_t_cell,24077.000000,104918.000000,22.948398
sample10133,sbj3377,14,yes,cd8_t_cell,28396.000000,104724.000000,27.115083
sample10142,sbj3380,14,yes,cd8_t_cell,20460.000000,105826.000000,19.333623
sample10181,sbj3393,14,yes,cd8_t_cell,30676.000000,106200.000000,28.885122
sample10199,sbj3399,14,yes,cd8_t_cell,21790.000000,107661.000000,20.239455
sample10235,sbj3411,14,yes,cd8_t_cell,30932.000000,92824.000000,33.323278
sample10250,sbj3416,14,yes,cd8_t_cell,26276.000000,109400.000000,24.018282
sample10325,sbj3441,14,yes,cd8_t_cell,22956.000000,101237.000000,22.675504
sample10337,sbj3445,14,yes,cd8_t_cell,24665.000000,104553.000000,23.590906
sample10343,sbj3447,14,yes,cd8_t_cell,20371.000000,98504.000000,20.680378
sample10349,sbj3449,14,yes,cd8_t_cell,21387.000000,104959.000000,20.376528
sample10358,sbj3452,14,yes,cd8_t_cell,31168.000000,103852.000000,30.011940
sample10385,sbj3461,14,yes,cd8_t_cell,19167.000000,96594.000000,19.842847
sample10388,sbj3462,14,yes,cd8_t_cell,21082.000000,92497.000000,22.792091
sample10394,sbj3464,14,yes,cd8_t_cell,24089.000000,112461.000000,21.419870
sample10412,sbj3470,14,yes,cd8_t_cell,17692.000000,94308.000000,18.759808
sample10445,sbj3481,14,yes,cd8_t_cell,26262.000000,107554.000000,24.417502
sample10493,sbj3497,14,yes,cd8_t_cell,23974.000000,93386.000000,25.671942
sample00002,sbj000,14,no,monocyte,18332.000000,92822.000000,19.749628
sample00008,sbj002,14,no,monocyte,16378.000000,90353.000000,18.126681
sample00011,sbj003,14,no,monocyte,16497.000000,89815.000000,18.367756
sample00074,sbj024,14,no,monocyte,11200.000000,92232.000000,12.143291
sample00083,sbj027,14,no,monocyte,17528.000000,88242.000000,19.863557
sample00125,sbj041,14,no,monocyte,15254.000000,108174.000000,14.101355
sample00155,sbj051,14,no,monocyte,13591.000000,98358.000000,13.817890
sample00176,sbj058,14,no,monocyte,26575.000000,97220.000000,27.334911
sample00188,sbj062,14,no,monocyte,19179.000000,93651.000000,20.479226
sample00191,sbj063,14,no,monocyte,18500.000000,97633.000000,18.948511
sample00215,sbj071,14,no,monocyte,19257.000000,90715.000000,21.228022
sample00245,sbj081,14,no,monocyte,23257.000000,96046.000000,24.214439
sample00251,sbj083,14,no,monocyte,24696.000000,98386.000000,25.101132
sample00287,sbj095,14,no,monocyte,17057.000000,96806.000000,17.619776
sample00404,sbj1030,14,no,monocyte,17564.000000,95275.000000,18.435056
sample00413,sbj1033,14,no,monocyte,19573.000000,110787.000000,17.667235
sample00416,sbj1034,14,no,monocyte,19067.000000,90342.000000,21.105355
sample00437,sbj1040,14,no,monocyte,20264.000000,97610.000000,20.760168
sample00461,sbj1048,14,no,monocyte,16772.000000,101052.000000,16.597395
sample00467,sbj105,14,no,monocyte,23304.000000,93276.000000,24.983919
sample00473,sbj1051,14,no,monocyte,16972.000000,90146.000000,18.827236
sample00482,sbj1054,14,no,monocyte,25823.000000,109915.000000,23.493609
sample00494,sbj1058,14,no,monocyte,23440.000000,105084.000000,22.305965
sample00515,sbj1064,14,no,monocyte,18653.000000,100291.000000,18.598877
sample00518,sbj1065,14,no,monocyte,14879.000000,97914.000000,15.195988
sample00524,sbj1067,14,no,monocyte,17149.000000,100342.000000,17.090550
sample00536,sbj1070,14,no,monocyte,21373.000000,95929.000000,22.280020
sample00587,sbj1086,14,no,monocyte,22111.000000,104607.000000,21.137209
sample00590,sbj1087,14,no,monocyte,17802.000000,90170.000000,19.742708
sample00626,sbj1098,14,no,monocyte,20997.000000,109633.000000,19.152080
sample00641,sbj1102,14,no,monocyte,24434.000000,102643.000000,23.804838
sample00695,sbj1119,14,no,monocyte,21485.000000,102297.000000,21.002571
sample00698,sbj112,14,no,monocyte,24698.000000,103883.000000,23.774824
sample00719,sbj1126,14,no,monocyte,23702.000000,106712.000000,22.211185
sample00728,sbj1129,14,no,monocyte,20517.000000,94780.000000,21.646972
sample00758,sbj1138,14,no,monocyte,14882.000000,94013.000000,15.829726
sample00800,sbj1150,14,no,monocyte,20348.000000,100075.000000,20.332750
sample00809,sbj1153,14,no,monocyte,16592.000000,110157.000000,15.062139
sample00851,sbj1166,14,no,monocyte,20754.000000,107901.000000,19.234298
sample00869,sbj1171,14,no,monocyte,17396.000000,101421.000000,17.152266
sample00920,sbj1187,14,no,monocyte,24599.000000,92268.000000,26.660381
sample00968,sbj1201,14,no,monocyte,17937.000000,100283.000000,17.886382
sample00989,sbj1208,14,no,monocyte,19327.000000,108673.000000,17.784546
sample01013,sbj1215,14,no,monocyte,21276.000000,102053.000000,20.847991
sample01025,sbj1219,14,no,monocyte,17135.000000,90423.000000,18.949825
sample01043,sbj1224,14,no,monocyte,19484.000000,91328.000000,21.334093
sample01055,sbj1228,14,no,monocyte,17418.000000,93852.000000,18.559008
sample01064,sbj1230,14,no,monocyte,29318.000000,96127.000000,30.499235
sample01112,sbj1245,14,no,monocyte,17299.000000,92176.000000,18.767358
sample01136,sbj1252,14,no,monocyte,25484.000000,101744.000000,25.047177
sample01139,sbj1253,14,no,monocyte,17485.000000,106313.000000,16.446719
sample01145,sbj1255,14,no,monocyte,23640.000000,107253.000000,22.041342
sample01154,sbj1258,14,no,monocyte,17695.000000,103873.000000,17.035226
sample01163,sbj1260,14,no,monocyte,21453.000000,90914.000000,23.597026
sample01220,sbj1278,14,no,monocyte,16868.000000,105486.000000,15.990748
sample01229,sbj1280,14,no,monocyte,25074.000000,104556.000000,23.981407
sample01232,sbj1281,14,no,monocyte,14828.000000,91803.000000,16.151978
sample01244,sbj1285,14,no,monocyte,27306.000000,98943.000000,27.597708
sample01316,sbj1307,14,no,monocyte,16317.000000,96957.000000,16.829110
sample01346,sbj1316,14,no,monocyte,20005.000000,95894.000000,20.861576
sample01388,sbj1329,14,no,monocyte,19257.000000,107400.000000,17.930168
sample01397,sbj1331,14,no,monocyte,24700.000000,92581.000000,26.679340
sample01415,sbj1337,14,no,monocyte,16433.000000,89404.000000,18.380609
sample01433,sbj1342,14,no,monocyte,23347.000000,98465.000000,23.710963
sample01544,sbj1376,14,no,monocyte,19458.000000,100029.000000,19.452359
sample01556,sbj138,14,no,monocyte,23411.000000,100287.000000,23.344003
sample01589,sbj139,14,no,monocyte,23612.000000,92792.000000,25.446159
sample01613,sbj1397,14,no,monocyte,19741.000000,91122.000000,21.664362
sample01676,sbj1416,14,no,monocyte,15084.000000,103515.000000,14.571801
sample01682,sbj1418,14,no,monocyte,15195.000000,96735.000000,15.707862
sample01688,sbj142,14,no,monocyte,17600.000000,101006.000000,17.424707
sample01703,sbj1424,14,no,monocyte,18525.000000,91828.000000,20.173585
sample01724,sbj1430,14,no,monocyte,14001.000000,95018.000000,14.735103
sample01754,sbj144,14,no,monocyte,18370.000000,93898.000000,19.563782
sample01769,sbj1444,14,no,monocyte,11878.000000,97311.000000,12.206225
sample01805,sbj1455,14,no,monocyte,18230.000000,106453.000000,17.124928
sample01811,sbj1457,14,no,monocyte,16472.000000,96001.000000,17.158155
sample01814,sbj1458,14,no,monocyte,17124.000000,102763.000000,16.663585
sample01850,sbj1469,14,no,monocyte,20356.000000,93842.000000,21.691780
sample01868,sbj1474,14,no,monocyte,18495.000000,104815.000000,17.645375
sample01877,sbj1477,14,no,monocyte,24224.000000,102549.000000,23.621878
sample01886,sbj148,14,no,monocyte,15028.000000,89534.000000,16.784685
sample01895,sbj1482,14,no,monocyte,17247.000000,103250.000000,16.704116
sample01916,sbj1489,14,no,monocyte,19532.000000,88605.000000,22.043903
sample01928,sbj1492,14,no,monocyte,18595.000000,102620.000000,18.120249
sample01934,sbj1494,14,no,monocyte,13996.000000,91009.000000,15.378699
sample01970,sbj156,14,no,monocyte,12085.000000,97035.000000,12.454269
sample01988,sbj162,14,no,monocyte,19829.000000,104688.000000,18.941044
sample01994,sbj164,14,no,monocyte,18192.000000,98507.000000,18.467723
sample02012,sbj170,14,no,monocyte,25680.000000,104191.000000,24.647042
sample02018,sbj172,14,no,monocyte,21476.000000,93989.000000,22.849482
sample02042,sbj180,14,no,monocyte,22528.000000,101714.000000,22.148377
sample02048,sbj182,14,no,monocyte,27833.000000,106264.000000,26.192313
sample02063,sbj187,14,no,monocyte,20322.000000,102881.000000,19.752918
sample02111,sbj203,14,no,monocyte,22797.000000,109056.000000,20.903939
sample02150,sbj216,14,no,monocyte,27846.000000,101260.000000,27.499506
sample02171,sbj223,14,no,monocyte,27202.000000,95918.000000,28.359641
sample02207,sbj235,14,no,monocyte,24226.000000,98748.000000,24.533155
sample02216,sbj238,14,no,monocyte,23421.000000,98927.000000,23.675033
sample02234,sbj244,14,no,monocyte,21838.000000,94074.000000,23.213640
sample02255,sbj251,14,no,monocyte,15026.000000,104735.000000,14.346684
sample02288,sbj262,14,no,monocyte,18065.000000,91577.000000,19.726569
sample02291,sbj263,14,no,monocyte,18190.000000,91213.000000,19.942333
sample02321,sbj273,14,no,monocyte,25255.000000,105163.000000,24.015100
sample02336,sbj278,14,no,monocyte,18614.000000,105649.000000,17.618719
sample02357,sbj285,14,no,monocyte,21533.000000,92077.000000,23.385862
sample02366,sbj288,14,no,monocyte,18383.000000,90039.000000,20.416708
sample02414,sbj304,14,no,monocyte,16396.000000,106565.000000,15.385915
sample02432,sbj310,14,no,monocyte,24165.000000,92882.000000,26.016882
sample02438,sbj312,14,no,monocyte,24949.000000,102941.000000,24.236213
sample02480,sbj326,14,no,monocyte,18272.000000,98695.000000,18.513603
sample02543,sbj347,14,no,monocyte,25033.000000,96093.000000,26.050805
sample02585,sbj361,14,no,monocyte,19198.000000,99132.000000,19.366098
sample02594,sbj364,14,no,monocyte,25182.000000,91047.000000,27.658242
sample02621,sbj373,14,no,monocyte,22161.000000,101615.000000,21.808788
sample02648,sbj382,14,no,monocyte,21832.000000,95230.000000,22.925549
sample02663,sbj387,14,no,monocyte,18086.000000,91496.000000,19.766984
sample02666,sbj388,14,no,monocyte,23076.000000,100607.000000,22.936774
sample02669,sbj389,14,no,monocyte,26750.000000,108133.000000,24.738054
sample02684,sbj394,14,no,monocyte,20057.000000,107673.000000,18.627697
sample02702,sbj400,14,no,monocyte,20117.000000,91635.000000,21.953402
sample02708,sbj402,14,no,monocyte,22658.000000,96350.000000,23.516347
sample02720,sbj406,14,no,monocyte,20268.000000,86650.000000,23.390652
sample02744,sbj414,14,no,monocyte,22155.000000,102996.000000,21.510544
sample02777,sbj425,14,no,monocyte,12459.000000,92883.000000,13.413649
sample02801,sbj433,14,no,monocyte,9903.000000,96440.000000,10.268561
sample02813,sbj437,14,no,monocyte,20504.000000,96600.000000,21.225673
sample02831,sbj443,14,no,monocyte,26582.000000,90279.000000,29.444278
sample02888,sbj462,14,no,monocyte,17412.000000,91484.000000,19.032836
sample02891,sbj463,14,no,monocyte,16386.000000,89620.000000,18.283865
sample02903,sbj467,14,no,monocyte,20175.000000,102009.000000,19.777667
sample02963,sbj487,14,no,monocyte,19693.000000,85355.000000,23.071876
sample02972,sbj490,14,no,monocyte,15355.000000,100224.000000,15.320682
sample03008,sbj502,14,no,monocyte,12736.000000,88537.000000,14.384946
sample03032,sbj510,14,no,monocyte,14369.000000,102321.000000,14.043061
sample03053,sbj517,14,no,monocyte,16646.000000,92544.000000,17.987120
sample03098,sbj532,14,no,monocyte,15361.000000,92740.000000,16.563511
sample03110,sbj536,14,no,monocyte,20357.000000,105259.000000,19.339914
sample03134,sbj544,14,no,monocyte,17818.000000,102745.000000,17.341963
sample03188,sbj562,14,no,monocyte,21572.000000,91491.000000,23.578275
sample03200,sbj566,14,no,monocyte,20709.000000,92864.000000,22.300353
sample03215,sbj571,14,no,monocyte,19308.000000,108078.000000,17.864875
sample03254,sbj584,14,no,monocyte,19469.000000,96330.000000,20.210734
sample03260,sbj586,14,no,monocyte,25096.000000,93710.000000,26.780493
sample03320,sbj606,14,no,monocyte,17031.000000,102769.000000,16.572118
sample03323,sbj607,14,no,monocyte,29520.000000,104189.000000,28.333125
sample03335,sbj611,14,no,monocyte,27351.000000,108158.000000,25.288005
sample03365,sbj621,14,no,monocyte,18232.000000,96622.000000,18.869409
sample03386,sbj628,14,no,monocyte,14169.000000,106367.000000,13.320861
sample03392,sbj630,14,no,monocyte,21176.000000,92777.000000,22.824622
sample03404,sbj634,14,no,monocyte,19544.000000,104117.000000,18.771190
sample03416,sbj638,14,no,monocyte,19966.000000,89584.000000,22.287462
sample03422,sbj640,14,no,monocyte,20570.000000,94751.000000,21.709533
sample03434,sbj644,14,no,monocyte,22134.000000,101888.000000,21.723854
sample03476,sbj658,14,no,monocyte,15880.000000,89285.000000,17.785742
sample03491,sbj663,14,no,monocyte,17577.000000,89067.000000,19.734582
sample03554,sbj684,14,no,monocyte,19953.000000,90562.000000,22.032420
sample03581,sbj693,14,no,monocyte,19463.000000,98239.000000,19.811887
sample03617,sbj705,14,no,monocyte,27609.000000,107712.000000,25.632242
sample03635,sbj711,14,no,monocyte,23249.000000,103725.000000,22.414076
sample03668,sbj722,14,no,monocyte,14023.000000,102934.000000,13.623293
sample03683,sbj727,14,no,monocyte,23953.000000,101517.000000,23.595063
sample03686,sbj728,14,no,monocyte,15492.000000,100694.000000,15.385227
sample03701,sbj733,14,no,monocyte,24404.000000,105327.000000,23.169748
sample03719,sbj739,14,no,monocyte,17500.000000,99366.000000,17.611658
sample03722,sbj740,14,no,monocyte,24075.000000,104536.000000,23.030344
sample03740,sbj746,14,no,monocyte,21210.000000,98516.000000,21.529498
sample03770,sbj756,14,no,monocyte,15392.000000,89002.000000,17.293993
sample03776,sbj758,14,no,monocyte,16927.000000,100480.000000,16.846139
sample03818,sbj772,14,no,monocyte,17778.000000,104612.000000,16.994226
sample03893,sbj797,14,no,monocyte,13358.000000,89473.000000,14.929644
sample03941,sbj813,14,no,monocyte,14081.000000,93507.000000,15.058766
sample03974,sbj824,14,no,monocyte,19917.000000,107136.000000,18.590390
sample04064,sbj854,14,no,monocyte,15279.000000,90827.000000,16.822090
sample04076,sbj858,14,no,monocyte,20916.000000,101344.000000,20.638617
sample04097,sbj865,14,no,monocyte,25712.000000,108545.000000,23.687871
sample04136,sbj878,14,no,monocyte,19736.000000,88915.000000,22.196480
sample04145,sbj881,14,no,monocyte,20351.000000,101485.000000,20.053210
sample04184,sbj894,14,no,monocyte,14449.000000,92900.000000,15.553283
sample04193,sbj897,14,no,monocyte,15401.000000,94420.000000,16.311163
sample04202,sbj900,14,no,monocyte,12566.000000,99751.000000,12.597367
sample04208,sbj902,14,no,monocyte,15213.000000,98206.000000,15.490907
sample04211,sbj903,14,no,monocyte,21520.000000,98625.000000,21.820025
sample04280,sbj926,14,no,monocyte,23157.000000,99292.000000,23.322121
sample04310,sbj936,14,no,monocyte,18212.000000,97721.000000,18.636731
sample04340,sbj946,14,no,monocyte,16197.000000,93171.000000,17.384165
sample04421,sbj973,14,no,monocyte,14061.000000,91067.000000,15.440280
sample04430,sbj976,14,no,monocyte,20167.000000,89691.000000,22.484976
sample04451,sbj983,14,no,monocyte,14999.000000,105296.000000,14.244606
sample07505,sbj2501,14,no,monocyte,17414.000000,103364.000000,16.847258
sample07517,sbj2505,14,no,monocyte,20138.000000,101396.000000,19.860744
sample07544,sbj2514,14,no,monocyte,25487.000000,104144.000000,24.472845
sample07622,sbj2540,14,no,monocyte,12404.000000,93577.000000,13.255394
sample07634,sbj2544,14,no,monocyte,12359.000000,103231.000000,11.972179
sample07646,sbj2548,14,no,monocyte,17992.000000,96494.000000,18.645719
sample07655,sbj2551,14,no,monocyte,12514.000000,90225.000000,13.869770
sample07676,sbj2558,14,no,monocyte,19921.000000,97725.000000,20.384753
sample07700,sbj2566,14,no,monocyte,18635.000000,108119.000000,17.235639
sample07712,sbj2570,14,no,monocyte,16295.000000,105842.000000,15.395590
sample07724,sbj2574,14,no,monocyte,28861.000000,104246.000000,27.685475
sample07736,sbj2578,14,no,monocyte,24178.000000,97518.000000,24.793371
sample07748,sbj2582,14,no,monocyte,22971.000000,92772.000000,24.760704
sample07811,sbj2603,14,no,monocyte,17140.000000,103371.000000,16.581053
sample07817,sbj2605,14,no,monocyte,9590.000000,92347.000000,10.384744
sample07820,sbj2606,14,no,monocyte,23369.000000,95441.000000,24.485284
sample07835,sbj2611,14,no,monocyte,21235.000000,106507.000000,19.937657
sample07874,sbj2624,14,no,monocyte,19634.000000,101362.000000,19.370178
sample07901,sbj2633,14,no,monocyte,21784.000000,98876.000000,22.031636
sample07928,sbj2642,14,no,monocyte,17121.000000,108547.000000,15.772891
sample07931,sbj2643,14,no,monocyte,16117.000000,94946.000000,16.974912
sample07934,sbj2644,14,no,monocyte,20538.000000,97171.000000,21.135936
sample07943,sbj2647,14,no,monocyte,16455.000000,96982.000000,16.967066
sample07961,sbj2653,14,no,monocyte,13346.000000,102393.000000,13.034094
sample08006,sbj2668,14,no,monocyte,24645.000000,104642.000000,23.551729
sample08015,sbj2671,14,no,monocyte,24932.000000,103548.000000,24.077722
sample08030,sbj2676,14,no,monocyte,19493.000000,98181.000000,19.854147
sample08051,sbj2683,14,no,monocyte,15114.000000,92654.000000,16.312302
sample08066,sbj2688,14,no,monocyte,18386.000000,102946.000000,17.859849
sample08078,sbj2692,14,no,monocyte,19915.000000,90609.000000,21.979053
sample08120,sbj2706,14,no,monocyte,16199.000000,91973.000000,17.612778
sample08135,sbj2711,14,no,monocyte,20126.000000,103351.000000,19.473445
sample08144,sbj2714,14,no,monocyte,17874.000000,103566.000000,17.258560
sample08162,sbj2720,14,no,monocyte,18030.000000,104789.000000,17.206004
sample08186,sbj2728,14,no,monocyte,20124.000000,108140.000000,18.609210
sample08216,sbj2738,14,no,monocyte,13702.000000,98092.000000,13.968519
sample08279,sbj2759,14,no,monocyte,18998.000000,92248.000000,20.594484
sample08306,sbj2768,14,no,monocyte,24019.000000,92929.000000,25.846614
sample08315,sbj2771,14,no,monocyte,20707.000000,101310.000000,20.439246
sample08327,sbj2775,14,no,monocyte,18755.000000,100877.000000,18.591949
sample08333,sbj2777,14,no,monocyte,18273.000000,98652.000000,18.522686
sample08336,sbj2778,14,no,monocyte,20201.000000,103955.000000,19.432447
sample08369,sbj2789,14,no,monocyte,15953.000000,101892.000000,15.656774
sample08399,sbj2799,14,no,monocyte,12857.000000,96601.000000,13.309386
sample08414,sbj2804,14,no,monocyte,26107.000000,99121.000000,26.338516
sample08417,sbj2805,14,no,monocyte,18449.000000,96559.000000,19.106453
sample08423,sbj2807,14,no,monocyte,19722.000000,92217.000000,21.386512
sample08435,sbj2811,14,no,monocyte,13813.000000,94108.000000,14.677817
sample08438,sbj2812,14,no,monocyte,9934.000000,96152.000000,10.331558
sample08441,sbj2813,14,no,monocyte,12406.000000,95799.000000,12.950031
sample08462,sbj2820,14,no,monocyte,25505.000000,103663.000000,24.603764
sample08474,sbj2824,14,no,monocyte,23859.000000,99502.000000,23.978412
sample08495,sbj2831,14,no,monocyte,22795.000000,100948.000000,22.580933
sample08504,sbj2834,14,no,monocyte,19299.000000,101687.000000,18.978827
sample08522,sbj2840,14,no,monocyte,16474.000000,89493.000000,18.408144
sample08528,sbj2842,14,no,monocyte,20380.000000,99766.000000,20.427801
sample08543,sbj2847,14,no,monocyte,13175.000000,93350.000000,14.113551
sample08558,sbj2852,14,no,monocyte,21659.000000,105622.000000,20.506145
sample08561,sbj2853,14,no,monocyte,22546.000000,101886.000000,22.128654
sample08591,sbj2863,14,no,monocyte,20560.000000,88260.000000,23.294811
sample08639,sbj2879,14,no,monocyte,16469.000000,100579.000000,16.374193
sample08663,sbj2887,14,no,monocyte,12842.000000,87150.000000,14.735513
sample08666,sbj2888,14,no,monocyte,23103.000000,99309.000000,23.263753
sample08714,sbj2904,14,no,monocyte,14346.000000,100982.000000,14.206492
sample08732,sbj2910,14,no,monocyte,14838.000000,96924.000000,15.308902
sample08753,sbj2917,14,no,monocyte,12789.000000,96609.000000,13.237897
sample08765,sbj2921,14,no,monocyte,16351.000000,96530.000000,16.938776
sample08807,sbj2935,14,no,monocyte,20913.000000,99616.000000,20.993615
sample08876,sbj2958,14,no,monocyte,27877.000000,92898.000000,30.008181
sample08921,sbj2973,14,no,monocyte,20274.000000,105610.000000,19.197046
sample08954,sbj2984,14,no,monocyte,18928.000000,106043.000000,17.849363
sample08960,sbj2986,14,no,monocyte,16778.000000,106928.000000,15.690932
sample08969,sbj2989,14,no,monocyte,19301.000000,92795.000000,20.799612
sample08978,sbj2992,14,no,monocyte,17738.000000,89742.000000,19.765550
sample09005,sbj3001,14,no,monocyte,22360.000000,96249.000000,23.231410
sample09032,sbj3010,14,no,monocyte,20494.000000,90253.000000,22.707278
sample09038,sbj3012,14,no,monocyte,24147.000000,92290.000000,26.164265
sample09041,sbj3013,14,no,monocyte,20870.000000,92805.000000,22.488012
sample09050,sbj3016,14,no,monocyte,15397.000000,92368.000000,16.669193
sample09062,sbj3020,14,no,monocyte,23946.000000,105611.000000,22.673775
sample09068,sbj3022,14,no,monocyte,21974.000000,105653.000000,20.798274
sample09152,sbj3050,14,no,monocyte,14245.000000,93197.000000,15.284827
sample09161,sbj3053,14,no,monocyte,21844.000000,95179.000000,22.950441
sample09185,sbj3061,14,no,monocyte,28830.000000,106505.000000,27.069152
sample09215,sbj3071,14,no,monocyte,16505.000000,94756.000000,17.418422
sample09248,sbj3082,14,no,monocyte,26431.000000,91693.000000,28.825537
sample09251,sbj3083,14,no,monocyte,14223.000000,96242.000000,14.778371
sample09290,sbj3096,14,no,monocyte,16405.000000,104172.000000,15.747994
sample09296,sbj3098,14,no,monocyte,21794.000000,105907.000000,20.578432
sample09305,sbj3101,14,no,monocyte,27776.000000,105056.000000,26.439232
sample09356,sbj3118,14,no,monocyte,24073.000000,110624.000000,21.761101
sample09365,sbj3121,14,no,monocyte,25481.000000,103759.000000,24.557870
sample09380,sbj3126,14,no,monocyte,16586.000000,101569.000000,16.329786
sample09386,sbj3128,14,no,monocyte,30144.000000,102555.000000,29.393009
sample09389,sbj3129,14,no,monocyte,10796.000000,107114.000000,10.078981
sample09416,sbj3138,14,no,monocyte,21450.000000,92668.000000,23.147149
sample09422,sbj3140,14,no,monocyte,12341.000000,92730.000000,13.308530
sample09431,sbj3143,14,no,monocyte,13652.000000,109166.000000,12.505725
sample09434,sbj3144,14,no,monocyte,30049.000000,106134.000000,28.312322
sample09479,sbj3159,14,no,monocyte,17228.000000,91143.000000,18.902165
sample09485,sbj3161,14,no,monocyte,18742.000000,89487.000000,20.943824
sample09494,sbj3164,14,no,monocyte,20048.000000,99359.000000,20.177337
sample09557,sbj3185,14,no,monocyte,22359.000000,97063.000000,23.035554
sample09569,sbj3189,14,no,monocyte,22702.000000,90128.000000,25.188621
sample09587,sbj3195,14,no,monocyte,16679.000000,100968.000000,16.519095
sample09590,sbj3196,14,no,monocyte,21108.000000,98985.000000,21.324443
sample09629,sbj3209,14,no,monocyte,19712.000000,90723.000000,21.727677
sample09659,sbj3219,14,no,monocyte,12278.000000,104502.000000,11.749057
sample09674,sbj3224,14,no,monocyte,18284.000000,102113.000000,17.905654
sample09746,sbj3248,14,no,monocyte,17590.000000,91888.000000,19.142870
sample09758,sbj3252,14,no,monocyte,18142.000000,93732.000000,19.355183
sample09764,sbj3254,14,no,monocyte,23922.000000,104839.000000,22.817845
sample09815,sbj3271,14,no,monocyte,16941.000000,97468.000000,17.381089
sample09818,sbj3272,14,no,monocyte,14161.000000,98119.000000,14.432475
sample09872,sbj3290,14,no,monocyte,14184.000000,109000.000000,13.012844
sample09875,sbj3291,14,no,monocyte,16799.000000,102969.000000,16.314619
sample09896,sbj3298,14,no,monocyte,16109.000000,91620.000000,17.582406
sample09902,sbj3300,14,no,monocyte,23058.000000,94318.000000,24.447083
sample09905,sbj3301,14,no,monocyte,20047.000000,94844.000000,21.136814
sample09914,sbj3304,14,no,monocyte,26696.000000,97204.000000,27.463890
sample09920,sbj3306,14,no,monocyte,27083.000000,99134.000000,27.319588
sample09989,sbj3329,14,no,monocyte,24894.000000,100426.000000,24.788401
sample10001,sbj3333,14,no,monocyte,18171.000000,89337.000000,20.339837
sample10070,sbj3356,14,no,monocyte,22252.000000,93243.000000,23.864526
sample10091,sbj3363,14,no,monocyte,37491.000000,109783.000000,34.150096
sample10193,sbj3397,14,no,monocyte,22284.000000,89936.000000,24.777620
sample10232,sbj3410,14,no,monocyte,21854.000000,101602.000000,21.509419
sample10253,sbj3417,14,no,monocyte,14864.000000,91020.000000,16.330477
sample10268,sbj3422,14,no,monocyte,15442.000000,91032.000000,16.963266
sample10307,sbj3435,14,no,monocyte,22911.000000,103741.000000,22.084807
sample10322,sbj3440,14,no,monocyte,13276.000000,102500.000000,12.952195
sample10397,sbj3465,14,no,monocyte,23348.000000,104962.000000,22.244241
sample10418,sbj3472,14,no,monocyte,24154.000000,97502.000000,24.772825
sample10457,sbj3485,14,no,monocyte,15678.000000,98292.000000,15.950433
sample10472,sbj3490,14,no,monocyte,13460.000000,104967.000000,12.823078
sample10475,sbj3491,14,no,monocyte,12299.000000,85810.000000,14.332828
sample00026,sbj008,14,yes,monocyte,15581.000000,95777.000000,16.267998
sample00062,sbj020,14,yes,monocyte,26057.000000,95286.000000,27.346095
sample00068,sbj022,14,yes,monocyte,23088.000000,110245.000000,20.942446
sample00077,sbj025,14,yes,monocyte,17956.000000,105432.000000,17.030882
sample00143,sbj047,14,yes,monocyte,10588.000000,95184.000000,11.123718
sample00167,sbj055,14,yes,monocyte,19194.000000,108425.000000,17.702559
sample00170,sbj056,14,yes,monocyte,24495.000000,98457.000000,24.878881
sample00263,sbj087,14,yes,monocyte,11028.000000,97454.000000,11.316108
sample00326,sbj1007,14,yes,monocyte,23287.000000,97661.000000,23.844728
sample00329,sbj1008,14,yes,monocyte,19493.000000,107732.000000,18.093974
sample00335,sbj101,14,yes,monocyte,26942.000000,102261.000000,26.346310
sample00371,sbj1020,14,yes,monocyte,23777.000000,94340.000000,25.203519
sample00380,sbj1023,14,yes,monocyte,13104.000000,95275.000000,13.753870
sample00428,sbj1038,14,yes,monocyte,13304.000000,93130.000000,14.285407
sample00449,sbj1044,14,yes,monocyte,12786.000000,99023.000000,12.912152
sample00485,sbj1055,14,yes,monocyte,19950.000000,102542.000000,19.455443
sample00500,sbj106,14,yes,monocyte,9171.000000,92267.000000,9.939632
sample00512,sbj1063,14,yes,monocyte,16925.000000,105031.000000,16.114290
sample00539,sbj1071,14,yes,monocyte,20062.000000,112399.000000,17.848913
sample00545,sbj1073,14,yes,monocyte,20087.000000,103635.000000,19.382448
sample00557,sbj1077,14,yes,monocyte,17277.000000,104558.000000,16.523843
sample00566,sbj108,14,yes,monocyte,16278.000000,98928.000000,16.454391
sample00623,sbj1097,14,yes,monocyte,20286.000000,100146.000000,20.256426
sample00632,sbj110,14,yes,monocyte,10601.000000,92195.000000,11.498454
sample00662,sbj1109,14,yes,monocyte,19703.000000,98068.000000,20.091161
sample00677,sbj1113,14,yes,monocyte,26724.000000,96411.000000,27.718829
sample00716,sbj1125,14,yes,monocyte,23497.000000,111411.000000,21.090377
sample00755,sbj1137,14,yes,monocyte,21555.000000,97992.000000,21.996694
sample00827,sbj1159,14,yes,monocyte,19729.000000,98597.000000,20.009737
sample00842,sbj1163,14,yes,monocyte,25030.000000,104754.000000,23.894076
sample00863,sbj117,14,yes,monocyte,23216.000000,101651.000000,22.838929
sample00875,sbj1173,14,yes,monocyte,14153.000000,106472.000000,13.292697
sample00878,sbj1174,14,yes,monocyte,14581.000000,93168.000000,15.650223
sample00890,sbj1178,14,yes,monocyte,22621.000000,100665.000000,22.471564
sample00896,sbj118,14,yes,monocyte,18030.000000,102348.000000,17.616368
sample00914,sbj1185,14,yes,monocyte,14518.000000,95778.000000,15.157969
sample00917,sbj1186,14,yes,monocyte,24828.000000,105075.000000,23.628837
sample00941,sbj1193,14,yes,monocyte,25962.000000,100542.000000,25.822045
sample01010,sbj1214,14,yes,monocyte,18947.000000,101492.000000,18.668466
sample01019,sbj1217,14,yes,monocyte,11559.000000,99306.000000,11.639780
sample01070,sbj1232,14,yes,monocyte,22463.000000,108844.000000,20.637794
sample01076,sbj1234,14,yes,monocyte,17228.000000,106152.000000,16.229558
sample01082,sbj1236,14,yes,monocyte,20129.000000,104619.000000,19.240291
sample01094,sbj124,14,yes,monocyte,18899.000000,111273.000000,16.984354
sample01106,sbj1243,14,yes,monocyte,19541.000000,95116.000000,20.544388
sample01130,sbj1250,14,yes,monocyte,18469.000000,106266.000000,17.379971
sample01172,sbj1263,14,yes,monocyte,20775.000000,99022.000000,20.980186
sample01247,sbj1286,14,yes,monocyte,18761.000000,96431.000000,19.455362
sample01250,sbj1287,14,yes,monocyte,14397.000000,94327.000000,15.262862
sample01262,sbj1290,14,yes,monocyte,18881.000000,98411.000000,19.185863
sample01268,sbj1292,14,yes,monocyte,20026.000000,92304.000000,21.695701
sample01286,sbj1298,14,yes,monocyte,11610.000000,99219.000000,11.701388
sample01313,sbj1306,14,yes,monocyte,26466.000000,107635.000000,24.588656
sample01328,sbj1310,14,yes,monocyte,26192.000000,106081.000000,24.690567
sample01331,sbj1311,14,yes,monocyte,29890.000000,98623.000000,30.307332
sample01334,sbj1312,14,yes,monocyte,26254.000000,109803.000000,23.910094
sample01361,sbj1320,14,yes,monocyte,17916.000000,102423.000000,17.492165
sample01379,sbj1326,14,yes,monocyte,17005.000000,96861.000000,17.556086
sample01421,sbj1339,14,yes,monocyte,18769.000000,92764.000000,20.233065
sample01424,sbj134,14,yes,monocyte,29114.000000,99345.000000,29.305954
sample01442,sbj1345,14,yes,monocyte,23703.000000,108646.000000,21.816726
sample01460,sbj1350,14,yes,monocyte,17945.000000,109277.000000,16.421571
sample01493,sbj1360,14,yes,monocyte,24999.000000,104531.000000,23.915394
sample01499,sbj1362,14,yes,monocyte,21033.000000,101999.000000,20.620790
sample01535,sbj1373,14,yes,monocyte,19699.000000,102823.000000,19.158165
sample01538,sbj1374,14,yes,monocyte,19679.000000,94072.000000,20.919083
sample01547,sbj1377,14,yes,monocyte,17641.000000,95205.000000,18.529489
sample01604,sbj1394,14,yes,monocyte,18884.000000,109316.000000,17.274690
sample01622,sbj140,14,yes,monocyte,20863.000000,101351.000000,20.584898
sample01637,sbj1404,14,yes,monocyte,16621.000000,105257.000000,15.790874
sample01640,sbj1405,14,yes,monocyte,20344.000000,98315.000000,20.692672
sample01667,sbj1413,14,yes,monocyte,19626.000000,97142.000000,20.203414
sample01685,sbj1419,14,yes,monocyte,16509.000000,93146.000000,17.723788
sample01694,sbj1421,14,yes,monocyte,14516.000000,98678.000000,14.710472
sample01721,sbj143,14,yes,monocyte,12527.000000,96252.000000,13.014794
sample01730,sbj1432,14,yes,monocyte,22104.000000,106929.000000,20.671661
sample01757,sbj1440,14,yes,monocyte,19020.000000,109764.000000,17.328086
sample01787,sbj145,14,yes,monocyte,12498.000000,105827.000000,11.809841
sample01817,sbj1459,14,yes,monocyte,16967.000000,102908.000000,16.487542
sample01826,sbj1461,14,yes,monocyte,24904.000000,111533.000000,22.328817
sample01832,sbj1463,14,yes,monocyte,22677.000000,103134.000000,21.987899
sample01835,sbj1464,14,yes,monocyte,14058.000000,94836.000000,14.823485
sample01883,sbj1479,14,yes,monocyte,19293.000000,98681.000000,19.550876
sample01901,sbj1484,14,yes,monocyte,19329.000000,106020.000000,18.231466
sample01964,sbj154,14,yes,monocyte,17454.000000,102231.000000,17.073099
sample02039,sbj179,14,yes,monocyte,24026.000000,106824.000000,22.491200
sample02057,sbj185,14,yes,monocyte,32177.000000,100927.000000,31.881459
sample02066,sbj188,14,yes,monocyte,21321.000000,102644.000000,20.771794
sample02180,sbj226,14,yes,monocyte,21044.000000,107565.000000,19.563985
sample02198,sbj232,14,yes,monocyte,17896.000000,94020.000000,19.034248
sample02237,sbj245,14,yes,monocyte,21595.000000,106187.000000,20.336764
sample02246,sbj248,14,yes,monocyte,20458.000000,95934.000000,21.325078
sample02264,sbj254,14,yes,monocyte,14625.000000,105832.000000,13.819072
sample02342,sbj280,14,yes,monocyte,22203.000000,110313.000000,20.127274
sample02390,sbj296,14,yes,monocyte,17224.000000,89190.000000,19.311582
sample02441,sbj313,14,yes,monocyte,37558.000000,107771.000000,34.849820
sample02456,sbj318,14,yes,monocyte,29062.000000,103408.000000,28.104209
sample02468,sbj322,14,yes,monocyte,28368.000000,103442.000000,27.424064
sample02483,sbj327,14,yes,monocyte,17671.000000,94166.000000,18.765797
sample02492,sbj330,14,yes,monocyte,17056.000000,110915.000000,15.377541
sample02501,sbj333,14,yes,monocyte,13537.000000,96176.000000,14.075237
sample02519,sbj339,14,yes,monocyte,19898.000000,110636.000000,17.985104
sample02564,sbj354,14,yes,monocyte,16282.000000,100787.000000,16.154861
sample02576,sbj358,14,yes,monocyte,17618.000000,112012.000000,15.728672
sample02588,sbj362,14,yes,monocyte,18940.000000,99688.000000,18.999278
sample02591,sbj363,14,yes,monocyte,13173.000000,104087.000000,12.655759
sample02627,sbj375,14,yes,monocyte,24513.000000,103558.000000,23.670793
sample02642,sbj380,14,yes,monocyte,18895.000000,92204.000000,20.492603
sample02657,sbj385,14,yes,monocyte,26862.000000,107830.000000,24.911435
sample02675,sbj391,14,yes,monocyte,30784.000000,109520.000000,28.108108
sample02738,sbj412,14,yes,monocyte,28315.000000,95263.000000,29.722977
sample02756,sbj418,14,yes,monocyte,20165.000000,96104.000000,20.982477
sample02762,sbj420,14,yes,monocyte,21405.000000,102034.000000,20.978301
sample02768,sbj422,14,yes,monocyte,24642.000000,99922.000000,24.661236
sample02774,sbj424,14,yes,monocyte,21051.000000,98364.000000,21.401122
sample02783,sbj427,14,yes,monocyte,21414.000000,98298.000000,21.784777
sample02810,sbj436,14,yes,monocyte,17536.000000,108117.000000,16.219466
sample02825,sbj441,14,yes,monocyte,15077.000000,101097.000000,14.913400
sample02840,sbj446,14,yes,monocyte,17700.000000,91985.000000,19.242268
sample02849,sbj449,14,yes,monocyte,28475.000000,110004.000000,25.885422
sample02858,sbj452,14,yes,monocyte,37073.000000,108805.000000,34.072883
sample02876,sbj458,14,yes,monocyte,18807.000000,110266.000000,17.056028
sample02912,sbj470,14,yes,monocyte,20392.000000,108860.000000,18.732317
sample02918,sbj472,14,yes,monocyte,14133.000000,107332.000000,13.167555
sample02927,sbj475,14,yes,monocyte,18737.000000,97155.000000,19.285678
sample02930,sbj476,14,yes,monocyte,19372.000000,99254.000000,19.517601
sample02978,sbj492,14,yes,monocyte,24499.000000,107263.000000,22.840122
sample02993,sbj497,14,yes,monocyte,19264.000000,100518.000000,19.164727
sample02999,sbj499,14,yes,monocyte,19985.000000,93914.000000,21.280107
sample03002,sbj500,14,yes,monocyte,22082.000000,101025.000000,21.857956
sample03023,sbj507,14,yes,monocyte,18084.000000,95652.000000,18.906034
sample03026,sbj508,14,yes,monocyte,18011.000000,91163.000000,19.756919
sample03041,sbj513,14,yes,monocyte,26582.000000,106424.000000,24.977449
sample03068,sbj522,14,yes,monocyte,15891.000000,103278.000000,15.386626
sample03095,sbj531,14,yes,monocyte,21538.000000,107388.000000,20.056245
sample03122,sbj540,14,yes,monocyte,29216.000000,110501.000000,26.439580
sample03161,sbj553,14,yes,monocyte,23425.000000,99108.000000,23.635832
sample03185,sbj561,14,yes,monocyte,22690.000000,99815.000000,22.732054
sample03197,sbj565,14,yes,monocyte,23323.000000,94407.000000,24.704736
sample03248,sbj582,14,yes,monocyte,24885.000000,93048.000000,26.744261
sample03266,sbj588,14,yes,monocyte,17852.000000,101227.000000,17.635611
sample03269,sbj589,14,yes,monocyte,16315.000000,105647.000000,15.442937
sample03275,sbj591,14,yes,monocyte,15995.000000,95210.000000,16.799706
sample03287,sbj595,14,yes,monocyte,20585.000000,108609.000000,18.953310
sample03299,sbj599,14,yes,monocyte,18578.000000,109354.000000,16.988862
sample03305,sbj601,14,yes,monocyte,24206.000000,106083.000000,22.817982
sample03377,sbj625,14,yes,monocyte,27764.000000,101050.000000,27.475507
sample03383,sbj627,14,yes,monocyte,21680.000000,107112.000000,20.240496
sample03407,sbj635,14,yes,monocyte,17213.000000,105278.000000,16.350045
sample03455,sbj651,14,yes,monocyte,24040.000000,104408.000000,23.025056
sample03467,sbj655,14,yes,monocyte,21053.000000,106721.000000,19.727139
sample03488,sbj662,14,yes,monocyte,20224.000000,93683.000000,21.587695
sample03494,sbj664,14,yes,monocyte,21901.000000,111627.000000,19.619805
sample03533,sbj677,14,yes,monocyte,22215.000000,102535.000000,21.665773
sample03578,sbj692,14,yes,monocyte,14158.000000,92344.000000,15.331803
sample03590,sbj696,14,yes,monocyte,19367.000000,100387.000000,19.292339
sample03593,sbj697,14,yes,monocyte,12848.000000,92322.000000,13.916510
sample03623,sbj707,14,yes,monocyte,15392.000000,108938.000000,14.129138
sample03626,sbj708,14,yes,monocyte,18767.000000,110815.000000,16.935433
sample03749,sbj749,14,yes,monocyte,22418.000000,101769.000000,22.028319
sample03767,sbj755,14,yes,monocyte,15515.000000,107850.000000,14.385721
sample03791,sbj763,14,yes,monocyte,26628.000000,110161.000000,24.171894
sample03806,sbj768,14,yes,monocyte,18737.000000,97154.000000,19.285876
sample03821,sbj773,14,yes,monocyte,35184.000000,104432.000000,33.690823
sample03848,sbj782,14,yes,monocyte,23102.000000,109847.000000,21.031070
sample03854,sbj784,14,yes,monocyte,23468.000000,96613.000000,24.290727
sample03863,sbj787,14,yes,monocyte,20177.000000,95804.000000,21.060707
sample03887,sbj795,14,yes,monocyte,12871.000000,93930.000000,13.702757
sample03938,sbj812,14,yes,monocyte,14253.000000,98992.000000,14.398133
sample03944,sbj814,14,yes,monocyte,34723.000000,113114.000000,30.697350
sample03953,sbj817,14,yes,monocyte,23266.000000,91762.000000,25.354722
sample03965,sbj821,14,yes,monocyte,35436.000000,108858.000000,32.552500
sample03983,sbj827,14,yes,monocyte,17411.000000,104813.000000,16.611489
sample04016,sbj838,14,yes,monocyte,10310.000000,111287.000000,9.264335
sample04037,sbj845,14,yes,monocyte,14898.000000,95425.000000,15.612261
sample04049,sbj849,14,yes,monocyte,16041.000000,95378.000000,16.818344
sample04070,sbj856,14,yes,monocyte,17995.000000,103842.000000,17.329212
sample04130,sbj876,14,yes,monocyte,21782.000000,98134.000000,22.196181
sample04157,sbj885,14,yes,monocyte,21582.000000,100599.000000,21.453494
sample04172,sbj890,14,yes,monocyte,17179.000000,92925.000000,18.486952
sample04175,sbj891,14,yes,monocyte,19850.000000,97702.000000,20.316882
sample04190,sbj896,14,yes,monocyte,25601.000000,92747.000000,27.603049
sample04205,sbj901,14,yes,monocyte,21667.000000,111662.000000,19.404094
sample04226,sbj908,14,yes,monocyte,19634.000000,101870.000000,19.273584
sample04268,sbj922,14,yes,monocyte,25612.000000,108632.000000,23.576847
sample04286,sbj928,14,yes,monocyte,37033.000000,108621.000000,34.093776
sample04295,sbj931,14,yes,monocyte,23752.000000,105510.000000,22.511610
sample04298,sbj932,14,yes,monocyte,17371.000000,108568.000000,16.000111
sample04304,sbj934,14,yes,monocyte,15448.000000,98648.000000,15.659719
sample04349,sbj949,14,yes,monocyte,25429.000000,96741.000000,26.285649
sample04370,sbj956,14,yes,monocyte,14814.000000,99005.000000,14.962881
sample04379,sbj959,14,yes,monocyte,23172.000000,92605.000000,25.022407
sample04436,sbj978,14,yes,monocyte,35064.000000,107254.000000,32.692487
sample04463,sbj987,14,yes,monocyte,15328.000000,103405.000000,14.823268
sample04493,sbj997,14,yes,monocyte,13188.000000,94992.000000,13.883274
sample07508,sbj2502,14,yes,monocyte,15105.000000,101838.000000,14.832381
sample07529,sbj2509,14,yes,monocyte,12696.000000,92996.000000,13.652200
sample07553,sbj2517,14,yes,monocyte,20419.000000,91151.000000,22.401290
sample07562,sbj2520,14,yes,monocyte,12829.000000,101792.000000,12.603152
sample07577,sbj2525,14,yes,monocyte,18473.000000,108626.000000,17.006057
sample07589,sbj2529,14,yes,monocyte,20833.000000,96060.000000,21.687487
sample07595,sbj2531,14,yes,monocyte,23703.000000,100255.000000,23.642711
sample07616,sbj2538,14,yes,monocyte,16286.000000,111422.000000,14.616503
sample07649,sbj2549,14,yes,monocyte,34127.000000,96059.000000,35.527124
sample07667,sbj2555,14,yes,monocyte,23138.000000,112151.000000,20.631113
sample07727,sbj2575,14,yes,monocyte,19831.000000,95436.000000,20.779370
sample07763,sbj2587,14,yes,monocyte,14932.000000,99029.000000,15.078411
sample07802,sbj2600,14,yes,monocyte,20956.000000,95342.000000,21.979820
sample07823,sbj2607,14,yes,monocyte,21979.000000,107664.000000,20.414438
sample07826,sbj2608,14,yes,monocyte,15836.000000,95474.000000,16.586715
sample07829,sbj2609,14,yes,monocyte,16692.000000,92306.000000,18.083332
sample07838,sbj2612,14,yes,monocyte,23854.000000,100157.000000,23.816608
sample07907,sbj2635,14,yes,monocyte,18553.000000,93169.000000,19.913276
sample07970,sbj2656,14,yes,monocyte,21737.000000,100212.000000,21.691015
sample08042,sbj2680,14,yes,monocyte,17907.000000,103315.000000,17.332430
sample08057,sbj2685,14,yes,monocyte,21183.000000,98727.000000,21.456137
sample08087,sbj2695,14,yes,monocyte,21802.000000,109839.000000,19.849052
sample08123,sbj2707,14,yes,monocyte,21626.000000,107879.000000,20.046534
sample08129,sbj2709,14,yes,monocyte,23312.000000,107931.000000,21.598985
sample08153,sbj2717,14,yes,monocyte,22170.000000,101829.000000,21.771794
sample08168,sbj2722,14,yes,monocyte,13037.000000,106473.000000,12.244419
sample08180,sbj2726,14,yes,monocyte,13632.000000,99311.000000,13.726576
sample08201,sbj2733,14,yes,monocyte,27380.000000,94484.000000,28.978451
sample08249,sbj2749,14,yes,monocyte,11881.000000,94422.000000,12.582873
sample08276,sbj2758,14,yes,monocyte,21196.000000,98707.000000,21.473654
sample08291,sbj2763,14,yes,monocyte,29977.000000,111328.000000,26.926739
sample08300,sbj2766,14,yes,monocyte,16576.000000,95440.000000,17.367980
sample08330,sbj2776,14,yes,monocyte,13155.000000,103501.000000,12.710022
sample08339,sbj2779,14,yes,monocyte,20451.000000,99255.000000,20.604504
sample08351,sbj2783,14,yes,monocyte,19545.000000,97897.000000,19.964861
sample08354,sbj2784,14,yes,monocyte,22595.000000,106650.000000,21.186123
sample08363,sbj2787,14,yes,monocyte,19073.000000,93327.000000,20.436744
sample08390,sbj2796,14,yes,monocyte,15600.000000,104120.000000,14.982712
sample08405,sbj2801,14,yes,monocyte,18839.000000,98635.000000,19.099711
sample08444,sbj2814,14,yes,monocyte,27114.000000,109275.000000,24.812629
sample08468,sbj2822,14,yes,monocyte,20962.000000,105290.000000,19.908823
sample08483,sbj2827,14,yes,monocyte,25820.000000,111646.000000,23.126668
sample08570,sbj2856,14,yes,monocyte,14746.000000,96610.000000,15.263430
sample08585,sbj2861,14,yes,monocyte,21175.000000,101409.000000,20.880790
sample08597,sbj2865,14,yes,monocyte,20046.000000,94536.000000,21.204620
sample08612,sbj2870,14,yes,monocyte,14228.000000,98046.000000,14.511556
sample08657,sbj2885,14,yes,monocyte,22677.000000,105817.000000,21.430394
sample08687,sbj2895,14,yes,monocyte,18336.000000,92803.000000,19.757982
sample08708,sbj2902,14,yes,monocyte,19194.000000,100379.000000,19.121529
sample08720,sbj2906,14,yes,monocyte,22158.000000,102366.000000,21.645859
sample08726,sbj2908,14,yes,monocyte,25823.000000,102919.000000,25.090605
sample08771,sbj2923,14,yes,monocyte,22747.000000,98836.000000,23.014893
sample08783,sbj2927,14,yes,monocyte,17473.000000,104558.000000,16.711299
sample08831,sbj2943,14,yes,monocyte,19897.000000,105627.000000,18.837040
sample08834,sbj2944,14,yes,monocyte,16503.000000,92594.000000,17.822969
sample08855,sbj2951,14,yes,monocyte,16097.000000,95964.000000,16.773999
sample08858,sbj2952,14,yes,monocyte,13886.000000,92774.000000,14.967556
sample08897,sbj2965,14,yes,monocyte,18925.000000,91809.000000,20.613447
sample08915,sbj2971,14,yes,monocyte,17651.000000,96577.000000,18.276608
sample08927,sbj2975,14,yes,monocyte,13695.000000,101930.000000,13.435691
sample08945,sbj2981,14,yes,monocyte,19120.000000,103206.000000,18.526055
sample08948,sbj2982,14,yes,monocyte,21897.000000,107096.000000,20.446142
sample08972,sbj2990,14,yes,monocyte,15732.000000,108008.000000,14.565588
sample08981,sbj2993,14,yes,monocyte,25631.000000,107277.000000,23.892353
sample09011,sbj3003,14,yes,monocyte,21396.000000,112421.000000,19.032031
sample09020,sbj3006,14,yes,monocyte,11641.000000,107800.000000,10.798701
sample09026,sbj3008,14,yes,monocyte,22192.000000,97245.000000,22.820711
sample09074,sbj3024,14,yes,monocyte,20268.000000,95498.000000,21.223481
sample09083,sbj3027,14,yes,monocyte,27753.000000,100856.000000,27.517451
sample09089,sbj3029,14,yes,monocyte,30198.000000,94333.000000,32.012127
sample09104,sbj3034,14,yes,monocyte,19960.000000,99830.000000,19.993990
sample09116,sbj3038,14,yes,monocyte,22482.000000,110131.000000,20.413871
sample09131,sbj3043,14,yes,monocyte,17949.000000,99591.000000,18.022713
sample09146,sbj3048,14,yes,monocyte,18597.000000,107504.000000,17.298891
sample09164,sbj3054,14,yes,monocyte,21284.000000,100549.000000,21.167789
sample09173,sbj3057,14,yes,monocyte,18393.000000,100489.000000,18.303496
sample09182,sbj3060,14,yes,monocyte,18248.000000,104757.000000,17.419361
sample09200,sbj3066,14,yes,monocyte,15698.000000,94536.000000,16.605314
sample09245,sbj3081,14,yes,monocyte,15646.000000,93440.000000,16.744435
sample09302,sbj3100,14,yes,monocyte,17978.000000,106533.000000,16.875522
sample09392,sbj3130,14,yes,monocyte,21815.000000,108674.000000,20.073799
sample09395,sbj3131,14,yes,monocyte,17369.000000,95935.000000,18.104967
sample09443,sbj3147,14,yes,monocyte,14076.000000,103353.000000,13.619343
sample09452,sbj3150,14,yes,monocyte,18888.000000,92876.000000,20.336793
sample09461,sbj3153,14,yes,monocyte,14437.000000,101217.000000,14.263414
sample09470,sbj3156,14,yes,monocyte,17439.000000,109864.000000,15.873261
sample09488,sbj3162,14,yes,monocyte,30265.000000,108066.000000,28.006033
sample09491,sbj3163,14,yes,monocyte,13906.000000,100726.000000,13.805770
sample09497,sbj3165,14,yes,monocyte,16300.000000,110268.000000,14.782167
sample09515,sbj3171,14,yes,monocyte,17086.000000,97005.000000,17.613525
sample09521,sbj3173,14,yes,monocyte,23342.000000,102947.000000,22.673803
sample09548,sbj3182,14,yes,monocyte,22980.000000,98015.000000,23.445391
sample09575,sbj3191,14,yes,monocyte,13673.000000,107198.000000,12.754902
sample09581,sbj3193,14,yes,monocyte,18105.000000,99145.000000,18.261133
sample09584,sbj3194,14,yes,monocyte,26461.000000,101480.000000,26.075089
sample09593,sbj3197,14,yes,monocyte,32650.000000,107572.000000,30.351764
sample09599,sbj3199,14,yes,monocyte,18678.000000,104265.000000,17.913969
sample09608,sbj3202,14,yes,monocyte,21604.000000,108213.000000,19.964330
sample09614,sbj3204,14,yes,monocyte,16302.000000,92323.000000,17.657572
sample09617,sbj3205,14,yes,monocyte,18937.000000,102767.000000,18.427122
sample09668,sbj3222,14,yes,monocyte,16787.000000,100620.000000,16.683562
sample09692,sbj3230,14,yes,monocyte,25966.000000,103828.000000,25.008668
sample09701,sbj3233,14,yes,monocyte,15933.000000,93749.000000,16.995381
sample09707,sbj3235,14,yes,monocyte,24859.000000,98782.000000,25.165516
sample09722,sbj3240,14,yes,monocyte,16677.000000,104846.000000,15.906186
sample09785,sbj3261,14,yes,monocyte,18240.000000,95332.000000,19.133135
sample09800,sbj3266,14,yes,monocyte,24434.000000,92693.000000,26.360135
sample09911,sbj3303,14,yes,monocyte,24638.000000,107537.000000,22.911184
sample09926,sbj3308,14,yes,monocyte,27214.000000,108489.000000,25.084571
sample09965,sbj3321,14,yes,monocyte,18639.000000,103409.000000,18.024543
sample09980,sbj3326,14,yes,monocyte,22446.000000,99241.000000,22.617668
sample09992,sbj3330,14,yes,monocyte,20029.000000,105603.000000,18.966317
sample09998,sbj3332,14,yes,monocyte,21580.000000,108863.000000,19.823080
sample10040,sbj3346,14,yes,monocyte,19302.000000,91522.000000,21.090011
sample10043,sbj3347,14,yes,monocyte,21724.000000,110107.000000,19.729899
sample10097,sbj3365,14,yes,monocyte,26620.000000,105465.000000,25.240601
sample10118,sbj3372,14,yes,monocyte,11362.000000,103612.000000,10.965911
sample10127,sbj3375,14,yes,monocyte,22055.000000,95263.000000,23.151696
sample10130,sbj3376,14,yes,monocyte,27685.000000,104918.000000,26.387274
sample10133,sbj3377,14,yes,monocyte,19852.000000,104724.000000,18.956495
sample10142,sbj3380,14,yes,monocyte,24000.000000,105826.000000,22.678737
sample10181,sbj3393,14,yes,monocyte,17730.000000,106200.000000,16.694915
sample10199,sbj3399,14,yes,monocyte,23930.000000,107661.000000,22.227176
sample10235,sbj3411,14,yes,monocyte,15930.000000,92824.000000,17.161510
sample10250,sbj3416,14,yes,monocyte,11334.000000,109400.000000,10.360146
sample10325,sbj3441,14,yes,monocyte,19866.000000,101237.000000,19.623260
sample10337,sbj3445,14,yes,monocyte,34688.000000,104553.000000,33.177432
sample10343,sbj3447,14,yes,monocyte,17598.000000,98504.000000,17.865264
sample10349,sbj3449,14,yes,monocyte,21497.000000,104959.000000,20.481331
sample10358,sbj3452,14,yes,monocyte,12016.000000,103852.000000,11.570312
sample10385,sbj3461,14,yes,monocyte,19164.000000,96594.000000,19.839742
sample10388,sbj3462,14,yes,monocyte,13988.000000,92497.000000,15.122653
sample10394,sbj3464,14,yes,monocyte,27345.000000,112461.000000,24.315096
sample10412,sbj3470,14,yes,monocyte,14956.000000,94308.000000,15.858676
sample10445,sbj3481,14,yes,monocyte,21872.000000,107554.000000,20.335831
sample10493,sbj3497,14,yes,monocyte,17438.000000,93386.000000,18.673035
sample00002,sbj000,14,no,nk_cell,17482.000000,92822.000000,18.833897
sample00008,sbj002,14,no,nk_cell,17624.000000,90353.000000,19.505716
sample00011,sbj003,14,no,nk_cell,13520.000000,89815.000000,15.053165
sample00074,sbj024,14,no,nk_cell,15559.000000,92232.000000,16.869416
sample00083,sbj027,14,no,nk_cell,16442.000000,88242.000000,18.632851
sample00125,sbj041,14,no,nk_cell,13365.000000,108174.000000,12.355095
sample00155,sbj051,14,no,nk_cell,15004.000000,98358.000000,15.254479
sample00176,sbj058,14,no,nk_cell,13042.000000,97220.000000,13.414935
sample00188,sbj062,14,no,nk_cell,12910.000000,93651.000000,13.785224
sample00191,sbj063,14,no,nk_cell,12249.000000,97633.000000,12.545963
sample00215,sbj071,14,no,nk_cell,10332.000000,90715.000000,11.389517
sample00245,sbj081,14,no,nk_cell,8588.000000,96046.000000,8.941549
sample00251,sbj083,14,no,nk_cell,13742.000000,98386.000000,13.967434
sample00287,sbj095,14,no,nk_cell,15141.000000,96806.000000,15.640559
sample00404,sbj1030,14,no,nk_cell,24579.000000,95275.000000,25.797953
sample00413,sbj1033,14,no,nk_cell,17184.000000,110787.000000,15.510845
sample00416,sbj1034,14,no,nk_cell,9748.000000,90342.000000,10.790109
sample00437,sbj1040,14,no,nk_cell,11872.000000,97610.000000,12.162688
sample00461,sbj1048,14,no,nk_cell,14524.000000,101052.000000,14.372798
sample00467,sbj105,14,no,nk_cell,9471.000000,93276.000000,10.153737
sample00473,sbj1051,14,no,nk_cell,19306.000000,90146.000000,21.416369
sample00482,sbj1054,14,no,nk_cell,14599.000000,109915.000000,13.282082
sample00494,sbj1058,14,no,nk_cell,13187.000000,105084.000000,12.549008
sample00515,sbj1064,14,no,nk_cell,20952.000000,100291.000000,20.891207
sample00518,sbj1065,14,no,nk_cell,20997.000000,97914.000000,21.444329
sample00524,sbj1067,14,no,nk_cell,16247.000000,100342.000000,16.191625
sample00536,sbj1070,14,no,nk_cell,15928.000000,95929.000000,16.603947
sample00587,sbj1086,14,no,nk_cell,14898.000000,104607.000000,14.241877
sample00590,sbj1087,14,no,nk_cell,14173.000000,90170.000000,15.718088
sample00626,sbj1098,14,no,nk_cell,10168.000000,109633.000000,9.274580
sample00641,sbj1102,14,no,nk_cell,7394.000000,102643.000000,7.203609
sample00695,sbj1119,14,no,nk_cell,15949.000000,102297.000000,15.590878
sample00698,sbj112,14,no,nk_cell,10541.000000,103883.000000,10.146992
sample00719,sbj1126,14,no,nk_cell,14838.000000,106712.000000,13.904715
sample00728,sbj1129,14,no,nk_cell,11126.000000,94780.000000,11.738763
sample00758,sbj1138,14,no,nk_cell,7885.000000,94013.000000,8.387138
sample00800,sbj1150,14,no,nk_cell,10744.000000,100075.000000,10.735948
sample00809,sbj1153,14,no,nk_cell,19350.000000,110157.000000,17.565838
sample00851,sbj1166,14,no,nk_cell,15223.000000,107901.000000,14.108303
sample00869,sbj1171,14,no,nk_cell,14758.000000,101421.000000,14.551227
sample00920,sbj1187,14,no,nk_cell,10077.000000,92268.000000,10.921446
sample00968,sbj1201,14,no,nk_cell,17055.000000,100283.000000,17.006871
sample00989,sbj1208,14,no,nk_cell,15713.000000,108673.000000,14.458973
sample01013,sbj1215,14,no,nk_cell,17638.000000,102053.000000,17.283176
sample01025,sbj1219,14,no,nk_cell,12508.000000,90423.000000,13.832764
sample01043,sbj1224,14,no,nk_cell,17794.000000,91328.000000,19.483619
sample01055,sbj1228,14,no,nk_cell,12458.000000,93852.000000,13.274091
sample01064,sbj1230,14,no,nk_cell,7298.000000,96127.000000,7.592040
sample01112,sbj1245,14,no,nk_cell,10224.000000,92176.000000,11.091824
sample01136,sbj1252,14,no,nk_cell,9790.000000,101744.000000,9.622189
sample01139,sbj1253,14,no,nk_cell,16917.000000,106313.000000,15.912447
sample01145,sbj1255,14,no,nk_cell,16578.000000,107253.000000,15.456910
sample01154,sbj1258,14,no,nk_cell,18673.000000,103873.000000,17.976760
sample01163,sbj1260,14,no,nk_cell,11425.000000,90914.000000,12.566821
sample01220,sbj1278,14,no,nk_cell,16480.000000,105486.000000,15.622926
sample01229,sbj1280,14,no,nk_cell,14165.000000,104556.000000,13.547764
sample01232,sbj1281,14,no,nk_cell,12047.000000,91803.000000,13.122665
sample01244,sbj1285,14,no,nk_cell,10693.000000,98943.000000,10.807232
sample01316,sbj1307,14,no,nk_cell,11216.000000,96957.000000,11.568015
sample01346,sbj1316,14,no,nk_cell,11898.000000,95894.000000,12.407450
sample01388,sbj1329,14,no,nk_cell,24053.000000,107400.000000,22.395717
sample01397,sbj1331,14,no,nk_cell,11390.000000,92581.000000,12.302740
sample01415,sbj1337,14,no,nk_cell,13409.000000,89404.000000,14.998210
sample01433,sbj1342,14,no,nk_cell,14052.000000,98465.000000,14.271061
sample01544,sbj1376,14,no,nk_cell,12562.000000,100029.000000,12.558358
sample01556,sbj138,14,no,nk_cell,18484.000000,100287.000000,18.431103
sample01589,sbj139,14,no,nk_cell,13607.000000,92792.000000,14.663980
sample01613,sbj1397,14,no,nk_cell,13691.000000,91122.000000,15.024912
sample01676,sbj1416,14,no,nk_cell,17567.000000,103515.000000,16.970487
sample01682,sbj1418,14,no,nk_cell,13150.000000,96735.000000,13.593839
sample01688,sbj142,14,no,nk_cell,25126.000000,101006.000000,24.875750
sample01703,sbj1424,14,no,nk_cell,13517.000000,91828.000000,14.719911
sample01724,sbj1430,14,no,nk_cell,10110.000000,95018.000000,10.640089
sample01754,sbj144,14,no,nk_cell,16718.000000,93898.000000,17.804426
sample01769,sbj1444,14,no,nk_cell,15707.000000,97311.000000,16.141032
sample01805,sbj1455,14,no,nk_cell,11439.000000,106453.000000,10.745587
sample01811,sbj1457,14,no,nk_cell,22470.000000,96001.000000,23.406006
sample01814,sbj1458,14,no,nk_cell,14709.000000,102763.000000,14.313518
sample01850,sbj1469,14,no,nk_cell,9140.000000,93842.000000,9.739775
sample01868,sbj1474,14,no,nk_cell,14644.000000,104815.000000,13.971283
sample01877,sbj1477,14,no,nk_cell,15334.000000,102549.000000,14.952852
sample01886,sbj148,14,no,nk_cell,7798.000000,89534.000000,8.709541
sample01895,sbj1482,14,no,nk_cell,20719.000000,103250.000000,20.066828
sample01916,sbj1489,14,no,nk_cell,11634.000000,88605.000000,13.130185
sample01928,sbj1492,14,no,nk_cell,17923.000000,102620.000000,17.465406
sample01934,sbj1494,14,no,nk_cell,10533.000000,91009.000000,11.573581
sample01970,sbj156,14,no,nk_cell,15310.000000,97035.000000,15.777812
sample01988,sbj162,14,no,nk_cell,17894.000000,104688.000000,17.092694
sample01994,sbj164,14,no,nk_cell,13433.000000,98507.000000,13.636594
sample02012,sbj170,14,no,nk_cell,11271.000000,104191.000000,10.817633
sample02018,sbj172,14,no,nk_cell,10500.000000,93989.000000,11.171520
sample02042,sbj180,14,no,nk_cell,13335.000000,101714.000000,13.110290
sample02048,sbj182,14,no,nk_cell,9883.000000,106264.000000,9.300422
sample02063,sbj187,14,no,nk_cell,16288.000000,102881.000000,15.831883
sample02111,sbj203,14,no,nk_cell,12018.000000,109056.000000,11.020026
sample02150,sbj216,14,no,nk_cell,16065.000000,101260.000000,15.865100
sample02171,sbj223,14,no,nk_cell,13997.000000,95918.000000,14.592673
sample02207,sbj235,14,no,nk_cell,12884.000000,98748.000000,13.047353
sample02216,sbj238,14,no,nk_cell,13189.000000,98927.000000,13.332053
sample02234,sbj244,14,no,nk_cell,16504.000000,94074.000000,17.543636
sample02255,sbj251,14,no,nk_cell,14763.000000,104735.000000,14.095575
sample02288,sbj262,14,no,nk_cell,19804.000000,91577.000000,21.625517
sample02291,sbj263,14,no,nk_cell,17690.000000,91213.000000,19.394165
sample02321,sbj273,14,no,nk_cell,15539.000000,105163.000000,14.776109
sample02336,sbj278,14,no,nk_cell,13554.000000,105649.000000,12.829274
sample02357,sbj285,14,no,nk_cell,10571.000000,92077.000000,11.480609
sample02366,sbj288,14,no,nk_cell,13552.000000,90039.000000,15.051256
sample02414,sbj304,14,no,nk_cell,23523.000000,106565.000000,22.073852
sample02432,sbj310,14,no,nk_cell,19516.000000,92882.000000,21.011606
sample02438,sbj312,14,no,nk_cell,12606.000000,102941.000000,12.245850
sample02480,sbj326,14,no,nk_cell,15356.000000,98695.000000,15.559046
sample02543,sbj347,14,no,nk_cell,17865.000000,96093.000000,18.591365
sample02585,sbj361,14,no,nk_cell,12395.000000,99132.000000,12.503531
sample02594,sbj364,14,no,nk_cell,9221.000000,91047.000000,10.127736
sample02621,sbj373,14,no,nk_cell,15609.000000,101615.000000,15.360921
sample02648,sbj382,14,no,nk_cell,9071.000000,95230.000000,9.525360
sample02663,sbj387,14,no,nk_cell,12020.000000,91496.000000,13.137186
sample02666,sbj388,14,no,nk_cell,20085.000000,100607.000000,19.963820
sample02669,sbj389,14,no,nk_cell,22449.000000,108133.000000,20.760545
sample02684,sbj394,14,no,nk_cell,18681.000000,107673.000000,17.349753
sample02702,sbj400,14,no,nk_cell,11270.000000,91635.000000,12.298794
sample02708,sbj402,14,no,nk_cell,13711.000000,96350.000000,14.230410
sample02720,sbj406,14,no,nk_cell,8314.000000,86650.000000,9.594922
sample02744,sbj414,14,no,nk_cell,15043.000000,102996.000000,14.605422
sample02777,sbj425,14,no,nk_cell,11529.000000,92883.000000,12.412390
sample02801,sbj433,14,no,nk_cell,16463.000000,96440.000000,17.070718
sample02813,sbj437,14,no,nk_cell,15642.000000,96600.000000,16.192547
sample02831,sbj443,14,no,nk_cell,8300.000000,90279.000000,9.193722
sample02888,sbj462,14,no,nk_cell,18476.000000,91484.000000,20.195881
sample02891,sbj463,14,no,nk_cell,7888.000000,89620.000000,8.801607
sample02903,sbj467,14,no,nk_cell,15644.000000,102009.000000,15.335902
sample02963,sbj487,14,no,nk_cell,16883.000000,85355.000000,19.779743
sample02972,sbj490,14,no,nk_cell,14992.000000,100224.000000,14.958493
sample03008,sbj502,14,no,nk_cell,15243.000000,88537.000000,17.216531
sample03032,sbj510,14,no,nk_cell,6619.000000,102321.000000,6.468858
sample03053,sbj517,14,no,nk_cell,13497.000000,92544.000000,14.584414
sample03098,sbj532,14,no,nk_cell,22254.000000,92740.000000,23.996118
sample03110,sbj536,14,no,nk_cell,15881.000000,105259.000000,15.087546
sample03134,sbj544,14,no,nk_cell,21403.000000,102745.000000,20.831184
sample03188,sbj562,14,no,nk_cell,12705.000000,91491.000000,13.886612
sample03200,sbj566,14,no,nk_cell,12704.000000,92864.000000,13.680221
sample03215,sbj571,14,no,nk_cell,18402.000000,108078.000000,17.026592
sample03254,sbj584,14,no,nk_cell,10815.000000,96330.000000,11.227032
sample03260,sbj586,14,no,nk_cell,13584.000000,93710.000000,14.495785
sample03320,sbj606,14,no,nk_cell,10524.000000,102769.000000,10.240442
sample03323,sbj607,14,no,nk_cell,13369.000000,104189.000000,12.831489
sample03335,sbj611,14,no,nk_cell,14367.000000,108158.000000,13.283345
sample03365,sbj621,14,no,nk_cell,12430.000000,96622.000000,12.864565
sample03386,sbj628,14,no,nk_cell,16080.000000,106367.000000,15.117471
sample03392,sbj630,14,no,nk_cell,15760.000000,92777.000000,16.986969
sample03404,sbj634,14,no,nk_cell,20730.000000,104117.000000,19.910293
sample03416,sbj638,14,no,nk_cell,9759.000000,89584.000000,10.893686
sample03422,sbj640,14,no,nk_cell,19360.000000,94751.000000,20.432502
sample03434,sbj644,14,no,nk_cell,14503.000000,101888.000000,14.234257
sample03476,sbj658,14,no,nk_cell,11044.000000,89285.000000,12.369379
sample03491,sbj663,14,no,nk_cell,6563.000000,89067.000000,7.368610
sample03554,sbj684,14,no,nk_cell,12138.000000,90562.000000,13.402973
sample03581,sbj693,14,no,nk_cell,17835.000000,98239.000000,18.154704
sample03617,sbj705,14,no,nk_cell,13538.000000,107712.000000,12.568702
sample03635,sbj711,14,no,nk_cell,18920.000000,103725.000000,18.240540
sample03668,sbj722,14,no,nk_cell,15548.000000,102934.000000,15.104824
sample03683,sbj727,14,no,nk_cell,15858.000000,101517.000000,15.621029
sample03686,sbj728,14,no,nk_cell,16907.000000,100694.000000,16.790474
sample03701,sbj733,14,no,nk_cell,16445.000000,105327.000000,15.613281
sample03719,sbj739,14,no,nk_cell,9624.000000,99366.000000,9.685405
sample03722,sbj740,14,no,nk_cell,11142.000000,104536.000000,10.658529
sample03740,sbj746,14,no,nk_cell,12418.000000,98516.000000,12.605059
sample03770,sbj756,14,no,nk_cell,9411.000000,89002.000000,10.573920
sample03776,sbj758,14,no,nk_cell,10341.000000,100480.000000,10.291600
sample03818,sbj772,14,no,nk_cell,12204.000000,104612.000000,11.665966
sample03893,sbj797,14,no,nk_cell,14451.000000,89473.000000,16.151241
sample03941,sbj813,14,no,nk_cell,17052.000000,93507.000000,18.236068
sample03974,sbj824,14,no,nk_cell,22105.000000,107136.000000,20.632654
sample04064,sbj854,14,no,nk_cell,14559.000000,90827.000000,16.029375
sample04076,sbj858,14,no,nk_cell,18910.000000,101344.000000,18.659220
sample04097,sbj865,14,no,nk_cell,14140.000000,108545.000000,13.026855
sample04136,sbj878,14,no,nk_cell,13805.000000,88915.000000,15.526064
sample04145,sbj881,14,no,nk_cell,21793.000000,101485.000000,21.474109
sample04184,sbj894,14,no,nk_cell,9141.000000,92900.000000,9.839612
sample04193,sbj897,14,no,nk_cell,13209.000000,94420.000000,13.989621
sample04202,sbj900,14,no,nk_cell,18409.000000,99751.000000,18.454953
sample04208,sbj902,14,no,nk_cell,12452.000000,98206.000000,12.679470
sample04211,sbj903,14,no,nk_cell,20062.000000,98625.000000,20.341698
sample04280,sbj926,14,no,nk_cell,12962.000000,99292.000000,13.054425
sample04310,sbj936,14,no,nk_cell,13568.000000,97721.000000,13.884426
sample04340,sbj946,14,no,nk_cell,14001.000000,93171.000000,15.027208
sample04421,sbj973,14,no,nk_cell,14752.000000,91067.000000,16.199062
sample04430,sbj976,14,no,nk_cell,9431.000000,89691.000000,10.514990
sample04451,sbj983,14,no,nk_cell,20922.000000,105296.000000,19.869701
sample07505,sbj2501,14,no,nk_cell,14932.000000,103364.000000,14.446035
sample07517,sbj2505,14,no,nk_cell,19577.000000,101396.000000,19.307468
sample07544,sbj2514,14,no,nk_cell,9384.000000,104144.000000,9.010601
sample07622,sbj2540,14,no,nk_cell,17651.000000,93577.000000,18.862541
sample07634,sbj2544,14,no,nk_cell,12744.000000,103231.000000,12.345129
sample07646,sbj2548,14,no,nk_cell,19350.000000,96494.000000,20.053060
sample07655,sbj2551,14,no,nk_cell,15759.000000,90225.000000,17.466334
sample07676,sbj2558,14,no,nk_cell,18694.000000,97725.000000,19.129189
sample07700,sbj2566,14,no,nk_cell,19328.000000,108119.000000,17.876599
sample07712,sbj2570,14,no,nk_cell,11504.000000,105842.000000,10.869031
sample07724,sbj2574,14,no,nk_cell,12501.000000,104246.000000,11.991827
sample07736,sbj2578,14,no,nk_cell,18931.000000,97518.000000,19.412826
sample07748,sbj2582,14,no,nk_cell,13241.000000,92772.000000,14.272625
sample07811,sbj2603,14,no,nk_cell,15450.000000,103371.000000,14.946165
sample07817,sbj2605,14,no,nk_cell,20853.000000,92347.000000,22.581134
sample07820,sbj2606,14,no,nk_cell,11474.000000,95441.000000,12.022087
sample07835,sbj2611,14,no,nk_cell,21279.000000,106507.000000,19.978969
sample07874,sbj2624,14,no,nk_cell,9713.000000,101362.000000,9.582487
sample07901,sbj2633,14,no,nk_cell,19104.000000,98876.000000,19.321170
sample07928,sbj2642,14,no,nk_cell,15469.000000,108547.000000,14.250970
sample07931,sbj2643,14,no,nk_cell,9994.000000,94946.000000,10.525983
sample07934,sbj2644,14,no,nk_cell,20737.000000,97171.000000,21.340729
sample07943,sbj2647,14,no,nk_cell,12383.000000,96982.000000,12.768349
sample07961,sbj2653,14,no,nk_cell,18874.000000,102393.000000,18.432901
sample08006,sbj2668,14,no,nk_cell,11131.000000,104642.000000,10.637220
sample08015,sbj2671,14,no,nk_cell,16105.000000,103548.000000,15.553173
sample08030,sbj2676,14,no,nk_cell,15090.000000,98181.000000,15.369573
sample08051,sbj2683,14,no,nk_cell,13807.000000,92654.000000,14.901677
sample08066,sbj2688,14,no,nk_cell,16042.000000,102946.000000,15.582927
sample08078,sbj2692,14,no,nk_cell,21949.000000,90609.000000,24.223863
sample08120,sbj2706,14,no,nk_cell,11652.000000,91973.000000,12.668935
sample08135,sbj2711,14,no,nk_cell,15544.000000,103351.000000,15.040009
sample08144,sbj2714,14,no,nk_cell,10254.000000,103566.000000,9.900933
sample08162,sbj2720,14,no,nk_cell,18788.000000,104789.000000,17.929363
sample08186,sbj2728,14,no,nk_cell,32720.000000,108140.000000,30.257074
sample08216,sbj2738,14,no,nk_cell,10123.000000,98092.000000,10.319904
sample08279,sbj2759,14,no,nk_cell,16991.000000,92248.000000,18.418828
sample08306,sbj2768,14,no,nk_cell,12228.000000,92929.000000,13.158433
sample08315,sbj2771,14,no,nk_cell,16700.000000,101310.000000,16.484059
sample08327,sbj2775,14,no,nk_cell,13892.000000,100877.000000,13.771226
sample08333,sbj2777,14,no,nk_cell,17229.000000,98652.000000,17.464420
sample08336,sbj2778,14,no,nk_cell,17317.000000,103955.000000,16.658169
sample08369,sbj2789,14,no,nk_cell,15267.000000,101892.000000,14.983512
sample08399,sbj2799,14,no,nk_cell,8652.000000,96601.000000,8.956429
sample08414,sbj2804,14,no,nk_cell,14821.000000,99121.000000,14.952432
sample08417,sbj2805,14,no,nk_cell,19492.000000,96559.000000,20.186622
sample08423,sbj2807,14,no,nk_cell,11450.000000,92217.000000,12.416366
sample08435,sbj2811,14,no,nk_cell,16085.000000,94108.000000,17.092064
sample08438,sbj2812,14,no,nk_cell,23850.000000,96152.000000,24.804476
sample08441,sbj2813,14,no,nk_cell,13162.000000,95799.000000,13.739183
sample08462,sbj2820,14,no,nk_cell,16753.000000,103663.000000,16.161022
sample08474,sbj2824,14,no,nk_cell,12277.000000,99502.000000,12.338445
sample08495,sbj2831,14,no,nk_cell,12462.000000,100948.000000,12.344970
sample08504,sbj2834,14,no,nk_cell,19251.000000,101687.000000,18.931624
sample08522,sbj2840,14,no,nk_cell,16817.000000,89493.000000,18.791414
sample08528,sbj2842,14,no,nk_cell,18948.000000,99766.000000,18.992442
sample08543,sbj2847,14,no,nk_cell,10218.000000,93350.000000,10.945903
sample08558,sbj2852,14,no,nk_cell,21605.000000,105622.000000,20.455019
sample08561,sbj2853,14,no,nk_cell,14112.000000,101886.000000,13.850774
sample08591,sbj2863,14,no,nk_cell,9821.000000,88260.000000,11.127351
sample08639,sbj2879,14,no,nk_cell,10240.000000,100579.000000,10.181052
sample08663,sbj2887,14,no,nk_cell,13258.000000,87150.000000,15.212851
sample08666,sbj2888,14,no,nk_cell,16840.000000,99309.000000,16.957174
sample08714,sbj2904,14,no,nk_cell,13206.000000,100982.000000,13.077578
sample08732,sbj2910,14,no,nk_cell,20365.000000,96924.000000,21.011308
sample08753,sbj2917,14,no,nk_cell,18657.000000,96609.000000,19.311865
sample08765,sbj2921,14,no,nk_cell,7051.000000,96530.000000,7.304465
sample08807,sbj2935,14,no,nk_cell,10645.000000,99616.000000,10.686034
sample08876,sbj2958,14,no,nk_cell,12174.000000,92898.000000,13.104695
sample08921,sbj2973,14,no,nk_cell,17603.000000,105610.000000,16.667929
sample08954,sbj2984,14,no,nk_cell,14884.000000,106043.000000,14.035816
sample08960,sbj2986,14,no,nk_cell,16472.000000,106928.000000,15.404758
sample08969,sbj2989,14,no,nk_cell,12361.000000,92795.000000,13.320761
sample08978,sbj2992,14,no,nk_cell,13192.000000,89742.000000,14.699918
sample09005,sbj3001,14,no,nk_cell,17573.000000,96249.000000,18.257852
sample09032,sbj3010,14,no,nk_cell,11679.000000,90253.000000,12.940290
sample09038,sbj3012,14,no,nk_cell,15296.000000,92290.000000,16.573843
sample09041,sbj3013,14,no,nk_cell,17703.000000,92805.000000,19.075481
sample09050,sbj3016,14,no,nk_cell,12413.000000,92368.000000,13.438637
sample09062,sbj3020,14,no,nk_cell,15668.000000,105611.000000,14.835576
sample09068,sbj3022,14,no,nk_cell,11586.000000,105653.000000,10.966087
sample09152,sbj3050,14,no,nk_cell,8460.000000,93197.000000,9.077545
sample09161,sbj3053,14,no,nk_cell,10673.000000,95179.000000,11.213608
sample09185,sbj3061,14,no,nk_cell,7877.000000,106505.000000,7.395897
sample09215,sbj3071,14,no,nk_cell,25094.000000,94756.000000,26.482756
sample09248,sbj3082,14,no,nk_cell,12094.000000,91693.000000,13.189666
sample09251,sbj3083,14,no,nk_cell,7813.000000,96242.000000,8.118077
sample09290,sbj3096,14,no,nk_cell,21454.000000,104172.000000,20.594786
sample09296,sbj3098,14,no,nk_cell,25705.000000,105907.000000,24.271295
sample09305,sbj3101,14,no,nk_cell,19135.000000,105056.000000,18.214095
sample09356,sbj3118,14,no,nk_cell,18141.000000,110624.000000,16.398792
sample09365,sbj3121,14,no,nk_cell,25652.000000,103759.000000,24.722675
sample09380,sbj3126,14,no,nk_cell,15430.000000,101569.000000,15.191643
sample09386,sbj3128,14,no,nk_cell,19431.000000,102555.000000,18.946907
sample09389,sbj3129,14,no,nk_cell,15069.000000,107114.000000,14.068189
sample09416,sbj3138,14,no,nk_cell,13579.000000,92668.000000,14.653386
sample09422,sbj3140,14,no,nk_cell,12312.000000,92730.000000,13.277257
sample09431,sbj3143,14,no,nk_cell,15161.000000,109166.000000,13.888024
sample09434,sbj3144,14,no,nk_cell,13049.000000,106134.000000,12.294835
sample09479,sbj3159,14,no,nk_cell,11504.000000,91143.000000,12.621924
sample09485,sbj3161,14,no,nk_cell,9895.000000,89487.000000,11.057472
sample09494,sbj3164,14,no,nk_cell,16646.000000,99359.000000,16.753389
sample09557,sbj3185,14,no,nk_cell,11034.000000,97063.000000,11.367874
sample09569,sbj3189,14,no,nk_cell,12363.000000,90128.000000,13.717158
sample09587,sbj3195,14,no,nk_cell,8853.000000,100968.000000,8.768125
sample09590,sbj3196,14,no,nk_cell,15168.000000,98985.000000,15.323534
sample09629,sbj3209,14,no,nk_cell,13510.000000,90723.000000,14.891483
sample09659,sbj3219,14,no,nk_cell,21723.000000,104502.000000,20.787162
sample09674,sbj3224,14,no,nk_cell,18689.000000,102113.000000,18.302273
sample09746,sbj3248,14,no,nk_cell,21947.000000,91888.000000,23.884512
sample09758,sbj3252,14,no,nk_cell,15054.000000,93732.000000,16.060684
sample09764,sbj3254,14,no,nk_cell,18660.000000,104839.000000,17.798720
sample09815,sbj3271,14,no,nk_cell,11237.000000,97468.000000,11.528912
sample09818,sbj3272,14,no,nk_cell,20245.000000,98119.000000,20.633109
sample09872,sbj3290,14,no,nk_cell,15754.000000,109000.000000,14.453211
sample09875,sbj3291,14,no,nk_cell,14977.000000,102969.000000,14.545154
sample09896,sbj3298,14,no,nk_cell,9944.000000,91620.000000,10.853525
sample09902,sbj3300,14,no,nk_cell,10578.000000,94318.000000,11.215251
sample09905,sbj3301,14,no,nk_cell,18050.000000,94844.000000,19.031251
sample09914,sbj3304,14,no,nk_cell,17945.000000,97204.000000,18.461174
sample09920,sbj3306,14,no,nk_cell,11418.000000,99134.000000,11.517744
sample09989,sbj3329,14,no,nk_cell,10156.000000,100426.000000,10.112919
sample10001,sbj3333,14,no,nk_cell,16168.000000,89337.000000,18.097765
sample10070,sbj3356,14,no,nk_cell,10439.000000,93243.000000,11.195478
sample10091,sbj3363,14,no,nk_cell,16853.000000,109783.000000,15.351193
sample10193,sbj3397,14,no,nk_cell,15493.000000,89936.000000,17.226695
sample10232,sbj3410,14,no,nk_cell,16968.000000,101602.000000,16.700459
sample10253,sbj3417,14,no,nk_cell,14052.000000,91020.000000,15.438365
sample10268,sbj3422,14,no,nk_cell,14247.000000,91032.000000,15.650540
sample10307,sbj3435,14,no,nk_cell,8546.000000,103741.000000,8.237823
sample10322,sbj3440,14,no,nk_cell,20908.000000,102500.000000,20.398049
sample10397,sbj3465,14,no,nk_cell,19700.000000,104962.000000,18.768697
sample10418,sbj3472,14,no,nk_cell,6765.000000,97502.000000,6.938319
sample10457,sbj3485,14,no,nk_cell,11218.000000,98292.000000,11.412933
sample10472,sbj3490,14,no,nk_cell,12802.000000,104967.000000,12.196214
sample10475,sbj3491,14,no,nk_cell,13862.000000,85810.000000,16.154294
sample00026,sbj008,14,yes,nk_cell,13929.000000,95777.000000,14.543158
sample00062,sbj020,14,yes,nk_cell,17505.000000,95286.000000,18.371009
sample00068,sbj022,14,yes,nk_cell,7397.000000,110245.000000,6.709601
sample00077,sbj025,14,yes,nk_cell,16602.000000,105432.000000,15.746642
sample00143,sbj047,14,yes,nk_cell,19369.000000,95184.000000,20.349008
sample00167,sbj055,14,yes,nk_cell,12901.000000,108425.000000,11.898547
sample00170,sbj056,14,yes,nk_cell,14178.000000,98457.000000,14.400195
sample00263,sbj087,14,yes,nk_cell,20420.000000,97454.000000,20.953475
sample00326,sbj1007,14,yes,nk_cell,11454.000000,97661.000000,11.728326
sample00329,sbj1008,14,yes,nk_cell,19559.000000,107732.000000,18.155237
sample00335,sbj101,14,yes,nk_cell,13117.000000,102261.000000,12.826982
sample00371,sbj1020,14,yes,nk_cell,15805.000000,94340.000000,16.753233
sample00380,sbj1023,14,yes,nk_cell,14450.000000,95275.000000,15.166623
sample00428,sbj1038,14,yes,nk_cell,14868.000000,93130.000000,15.964780
sample00449,sbj1044,14,yes,nk_cell,18127.000000,99023.000000,18.305848
sample00485,sbj1055,14,yes,nk_cell,15736.000000,102542.000000,15.345907
sample00500,sbj106,14,yes,nk_cell,13136.000000,92267.000000,14.236943
sample00512,sbj1063,14,yes,nk_cell,9008.000000,105031.000000,8.576516
sample00539,sbj1071,14,yes,nk_cell,13118.000000,112399.000000,11.670922
sample00545,sbj1073,14,yes,nk_cell,10129.000000,103635.000000,9.773725
sample00557,sbj1077,14,yes,nk_cell,15007.000000,104558.000000,14.352799
sample00566,sbj108,14,yes,nk_cell,11867.000000,98928.000000,11.995593
sample00623,sbj1097,14,yes,nk_cell,16386.000000,100146.000000,16.362111
sample00632,sbj110,14,yes,nk_cell,7667.000000,92195.000000,8.316069
sample00662,sbj1109,14,yes,nk_cell,16564.000000,98068.000000,16.890321
sample00677,sbj1113,14,yes,nk_cell,9528.000000,96411.000000,9.882690
sample00716,sbj1125,14,yes,nk_cell,15767.000000,111411.000000,14.152103
sample00755,sbj1137,14,yes,nk_cell,19547.000000,97992.000000,19.947547
sample00827,sbj1159,14,yes,nk_cell,13689.000000,98597.000000,13.883790
sample00842,sbj1163,14,yes,nk_cell,13001.000000,104754.000000,12.410982
sample00863,sbj117,14,yes,nk_cell,19562.000000,101651.000000,19.244277
sample00875,sbj1173,14,yes,nk_cell,12889.000000,106472.000000,12.105530
sample00878,sbj1174,14,yes,nk_cell,12186.000000,93168.000000,13.079598
sample00890,sbj1178,14,yes,nk_cell,16166.000000,100665.000000,16.059206
sample00896,sbj118,14,yes,nk_cell,10938.000000,102348.000000,10.687068
sample00914,sbj1185,14,yes,nk_cell,21305.000000,95778.000000,22.244148
sample00917,sbj1186,14,yes,nk_cell,12779.000000,105075.000000,12.161789
sample00941,sbj1193,14,yes,nk_cell,19287.000000,100542.000000,19.183028
sample01010,sbj1214,14,yes,nk_cell,18120.000000,101492.000000,17.853624
sample01019,sbj1217,14,yes,nk_cell,10354.000000,99306.000000,10.426359
sample01070,sbj1232,14,yes,nk_cell,11076.000000,108844.000000,10.176032
sample01076,sbj1234,14,yes,nk_cell,16388.000000,106152.000000,15.438240
sample01082,sbj1236,14,yes,nk_cell,21331.000000,104619.000000,20.389222
sample01094,sbj124,14,yes,nk_cell,18848.000000,111273.000000,16.938521
sample01106,sbj1243,14,yes,nk_cell,15994.000000,95116.000000,16.815257
sample01130,sbj1250,14,yes,nk_cell,10543.000000,106266.000000,9.921329
sample01172,sbj1263,14,yes,nk_cell,11890.000000,99022.000000,12.007433
sample01247,sbj1286,14,yes,nk_cell,7569.000000,96431.000000,7.849136
sample01250,sbj1287,14,yes,nk_cell,11788.000000,94327.000000,12.496952
sample01262,sbj1290,14,yes,nk_cell,10074.000000,98411.000000,10.236661
sample01268,sbj1292,14,yes,nk_cell,10205.000000,92304.000000,11.055859
sample01286,sbj1298,14,yes,nk_cell,14727.000000,99219.000000,14.842923
sample01313,sbj1306,14,yes,nk_cell,19750.000000,107635.000000,18.349050
sample01328,sbj1310,14,yes,nk_cell,14815.000000,106081.000000,13.965743
sample01331,sbj1311,14,yes,nk_cell,16778.000000,98623.000000,17.012259
sample01334,sbj1312,14,yes,nk_cell,13961.000000,109803.000000,12.714589
sample01361,sbj1320,14,yes,nk_cell,13935.000000,102423.000000,13.605343
sample01379,sbj1326,14,yes,nk_cell,15285.000000,96861.000000,15.780345
sample01421,sbj1339,14,yes,nk_cell,8467.000000,92764.000000,9.127463
sample01424,sbj134,14,yes,nk_cell,13218.000000,99345.000000,13.305149
sample01442,sbj1345,14,yes,nk_cell,11464.000000,108646.000000,10.551700
sample01460,sbj1350,14,yes,nk_cell,16283.000000,109277.000000,14.900665
sample01493,sbj1360,14,yes,nk_cell,16180.000000,104531.000000,15.478662
sample01499,sbj1362,14,yes,nk_cell,13406.000000,101999.000000,13.143266
sample01535,sbj1373,14,yes,nk_cell,15816.000000,102823.000000,15.381773
sample01538,sbj1374,14,yes,nk_cell,12994.000000,94072.000000,13.812824
sample01547,sbj1377,14,yes,nk_cell,19812.000000,95205.000000,20.809831
sample01604,sbj1394,14,yes,nk_cell,10538.000000,109316.000000,9.639943
sample01622,sbj140,14,yes,nk_cell,12098.000000,101351.000000,11.936735
sample01637,sbj1404,14,yes,nk_cell,15769.000000,105257.000000,14.981426
sample01640,sbj1405,14,yes,nk_cell,12506.000000,98315.000000,12.720338
sample01667,sbj1413,14,yes,nk_cell,16216.000000,97142.000000,16.693088
sample01685,sbj1419,14,yes,nk_cell,14221.000000,93146.000000,15.267430
sample01694,sbj1421,14,yes,nk_cell,19123.000000,98678.000000,19.379193
sample01721,sbj143,14,yes,nk_cell,10206.000000,96252.000000,10.603416
sample01730,sbj1432,14,yes,nk_cell,12235.000000,106929.000000,11.442172
sample01757,sbj1440,14,yes,nk_cell,18450.000000,109764.000000,16.808790
sample01787,sbj145,14,yes,nk_cell,18365.000000,105827.000000,17.353794
sample01817,sbj1459,14,yes,nk_cell,14124.000000,102908.000000,13.724880
sample01826,sbj1461,14,yes,nk_cell,18744.000000,111533.000000,16.805788
sample01832,sbj1463,14,yes,nk_cell,18118.000000,103134.000000,17.567437
sample01835,sbj1464,14,yes,nk_cell,9573.000000,94836.000000,10.094268
sample01883,sbj1479,14,yes,nk_cell,19790.000000,98681.000000,20.054519
sample01901,sbj1484,14,yes,nk_cell,13720.000000,106020.000000,12.940955
sample01964,sbj154,14,yes,nk_cell,13779.000000,102231.000000,13.478299
sample02039,sbj179,14,yes,nk_cell,22668.000000,106824.000000,21.219951
sample02057,sbj185,14,yes,nk_cell,17198.000000,100927.000000,17.040039
sample02066,sbj188,14,yes,nk_cell,13287.000000,102644.000000,12.944741
sample02180,sbj226,14,yes,nk_cell,13333.000000,107565.000000,12.395296
sample02198,sbj232,14,yes,nk_cell,9502.000000,94020.000000,10.106360
sample02237,sbj245,14,yes,nk_cell,12580.000000,106187.000000,11.847025
sample02246,sbj248,14,yes,nk_cell,14534.000000,95934.000000,15.149999
sample02264,sbj254,14,yes,nk_cell,12694.000000,105832.000000,11.994482
sample02342,sbj280,14,yes,nk_cell,13234.000000,110313.000000,11.996773
sample02390,sbj296,14,yes,nk_cell,16943.000000,89190.000000,18.996524
sample02441,sbj313,14,yes,nk_cell,13429.000000,107771.000000,12.460681
sample02456,sbj318,14,yes,nk_cell,11072.000000,103408.000000,10.707102
sample02468,sbj322,14,yes,nk_cell,13154.000000,103442.000000,12.716305
sample02483,sbj327,14,yes,nk_cell,15106.000000,94166.000000,16.041883
sample02492,sbj330,14,yes,nk_cell,12737.000000,110915.000000,11.483568
sample02501,sbj333,14,yes,nk_cell,15055.000000,96176.000000,15.653593
sample02519,sbj339,14,yes,nk_cell,14638.000000,110636.000000,13.230775
sample02564,sbj354,14,yes,nk_cell,20205.000000,100787.000000,20.047228
sample02576,sbj358,14,yes,nk_cell,21634.000000,112012.000000,19.314002
sample02588,sbj362,14,yes,nk_cell,13198.000000,99688.000000,13.239307
sample02591,sbj363,14,yes,nk_cell,19396.000000,104087.000000,18.634412
sample02627,sbj375,14,yes,nk_cell,23574.000000,103558.000000,22.764055
sample02642,sbj380,14,yes,nk_cell,12754.000000,92204.000000,13.832372
sample02657,sbj385,14,yes,nk_cell,14614.000000,107830.000000,13.552815
sample02675,sbj391,14,yes,nk_cell,15648.000000,109520.000000,14.287801
sample02738,sbj412,14,yes,nk_cell,8158.000000,95263.000000,8.563661
sample02756,sbj418,14,yes,nk_cell,13944.000000,96104.000000,14.509282
sample02762,sbj420,14,yes,nk_cell,16180.000000,102034.000000,15.857459
sample02768,sbj422,14,yes,nk_cell,15114.000000,99922.000000,15.125798
sample02774,sbj424,14,yes,nk_cell,7889.000000,98364.000000,8.020211
sample02783,sbj427,14,yes,nk_cell,9682.000000,98298.000000,9.849641
sample02810,sbj436,14,yes,nk_cell,12491.000000,108117.000000,11.553225
sample02825,sbj441,14,yes,nk_cell,12098.000000,101097.000000,11.966725
sample02840,sbj446,14,yes,nk_cell,11255.000000,91985.000000,12.235691
sample02849,sbj449,14,yes,nk_cell,12683.000000,110004.000000,11.529581
sample02858,sbj452,14,yes,nk_cell,9422.000000,108805.000000,8.659529
sample02876,sbj458,14,yes,nk_cell,25988.000000,110266.000000,23.568462
sample02912,sbj470,14,yes,nk_cell,16529.000000,108860.000000,15.183722
sample02918,sbj472,14,yes,nk_cell,17549.000000,107332.000000,16.350203
sample02927,sbj475,14,yes,nk_cell,10569.000000,97155.000000,10.878493
sample02930,sbj476,14,yes,nk_cell,14821.000000,99254.000000,14.932396
sample02978,sbj492,14,yes,nk_cell,17712.000000,107263.000000,16.512684
sample02993,sbj497,14,yes,nk_cell,12006.000000,100518.000000,11.944129
sample02999,sbj499,14,yes,nk_cell,14049.000000,93914.000000,14.959431
sample03002,sbj500,14,yes,nk_cell,14306.000000,101025.000000,14.160851
sample03023,sbj507,14,yes,nk_cell,18625.000000,95652.000000,19.471626
sample03026,sbj508,14,yes,nk_cell,9470.000000,91163.000000,10.387986
sample03041,sbj513,14,yes,nk_cell,18135.000000,106424.000000,17.040329
sample03068,sbj522,14,yes,nk_cell,17855.000000,103278.000000,17.288290
sample03095,sbj531,14,yes,nk_cell,17689.000000,107388.000000,16.472045
sample03122,sbj540,14,yes,nk_cell,8916.000000,110501.000000,8.068705
sample03161,sbj553,14,yes,nk_cell,11220.000000,99108.000000,11.320983
sample03185,sbj561,14,yes,nk_cell,13119.000000,99815.000000,13.143315
sample03197,sbj565,14,yes,nk_cell,16541.000000,94407.000000,17.520947
sample03248,sbj582,14,yes,nk_cell,7582.000000,93048.000000,8.148483
sample03266,sbj588,14,yes,nk_cell,12628.000000,101227.000000,12.474933
sample03269,sbj589,14,yes,nk_cell,9418.000000,105647.000000,8.914593
sample03275,sbj591,14,yes,nk_cell,21211.000000,95210.000000,22.278122
sample03287,sbj595,14,yes,nk_cell,16299.000000,108609.000000,15.007044
sample03299,sbj599,14,yes,nk_cell,26353.000000,109354.000000,24.098798
sample03305,sbj601,14,yes,nk_cell,26086.000000,106083.000000,24.590179
sample03377,sbj625,14,yes,nk_cell,10960.000000,101050.000000,10.846116
sample03383,sbj627,14,yes,nk_cell,11793.000000,107112.000000,11.009971
sample03407,sbj635,14,yes,nk_cell,12240.000000,105278.000000,11.626361
sample03455,sbj651,14,yes,nk_cell,14784.000000,104408.000000,14.159834
sample03467,sbj655,14,yes,nk_cell,10398.000000,106721.000000,9.743162
sample03488,sbj662,14,yes,nk_cell,9962.000000,93683.000000,10.633733
sample03494,sbj664,14,yes,nk_cell,16230.000000,111627.000000,14.539493
sample03533,sbj677,14,yes,nk_cell,9224.000000,102535.000000,8.995953
sample03578,sbj692,14,yes,nk_cell,16151.000000,92344.000000,17.490037
sample03590,sbj696,14,yes,nk_cell,20831.000000,100387.000000,20.750695
sample03593,sbj697,14,yes,nk_cell,17378.000000,92322.000000,18.823249
sample03623,sbj707,14,yes,nk_cell,22447.000000,108938.000000,20.605298
sample03626,sbj708,14,yes,nk_cell,17383.000000,110815.000000,15.686505
sample03749,sbj749,14,yes,nk_cell,16062.000000,101769.000000,15.782802
sample03767,sbj755,14,yes,nk_cell,20544.000000,107850.000000,19.048679
sample03791,sbj763,14,yes,nk_cell,14081.000000,110161.000000,12.782201
sample03806,sbj768,14,yes,nk_cell,10830.000000,97154.000000,11.147251
sample03821,sbj773,14,yes,nk_cell,11939.000000,104432.000000,11.432320
sample03848,sbj782,14,yes,nk_cell,14519.000000,109847.000000,13.217475
sample03854,sbj784,14,yes,nk_cell,21075.000000,96613.000000,21.813835
sample03863,sbj787,14,yes,nk_cell,7795.000000,95804.000000,8.136403
sample03887,sbj795,14,yes,nk_cell,11890.000000,93930.000000,12.658363
sample03938,sbj812,14,yes,nk_cell,8290.000000,98992.000000,8.374414
sample03944,sbj814,14,yes,nk_cell,19724.000000,113114.000000,17.437276
sample03953,sbj817,14,yes,nk_cell,12474.000000,91762.000000,13.593862
sample03965,sbj821,14,yes,nk_cell,16435.000000,108858.000000,15.097650
sample03983,sbj827,14,yes,nk_cell,20177.000000,104813.000000,19.250475
sample04016,sbj838,14,yes,nk_cell,21259.000000,111287.000000,19.102860
sample04037,sbj845,14,yes,nk_cell,14498.000000,95425.000000,15.193084
sample04049,sbj849,14,yes,nk_cell,12194.000000,95378.000000,12.784919
sample04070,sbj856,14,yes,nk_cell,9107.000000,103842.000000,8.770055
sample04130,sbj876,14,yes,nk_cell,17313.000000,98134.000000,17.642204
sample04157,sbj885,14,yes,nk_cell,11312.000000,100599.000000,11.244645
sample04172,sbj890,14,yes,nk_cell,17980.000000,92925.000000,19.348937
sample04175,sbj891,14,yes,nk_cell,13502.000000,97702.000000,13.819574
sample04190,sbj896,14,yes,nk_cell,13770.000000,92747.000000,14.846841
sample04205,sbj901,14,yes,nk_cell,25217.000000,111662.000000,22.583332
sample04226,sbj908,14,yes,nk_cell,17210.000000,101870.000000,16.894081
sample04268,sbj922,14,yes,nk_cell,20938.000000,108632.000000,19.274247
sample04286,sbj928,14,yes,nk_cell,13990.000000,108621.000000,12.879646
sample04295,sbj931,14,yes,nk_cell,16823.000000,105510.000000,15.944460
sample04298,sbj932,14,yes,nk_cell,13419.000000,108568.000000,12.359996
sample04304,sbj934,14,yes,nk_cell,13286.000000,98648.000000,13.468089
sample04349,sbj949,14,yes,nk_cell,12721.000000,96741.000000,13.149544
sample04370,sbj956,14,yes,nk_cell,6350.000000,99005.000000,6.413817
sample04379,sbj959,14,yes,nk_cell,9748.000000,92605.000000,10.526429
sample04436,sbj978,14,yes,nk_cell,20093.000000,107254.000000,18.734033
sample04463,sbj987,14,yes,nk_cell,14604.000000,103405.000000,14.123108
sample04493,sbj997,14,yes,nk_cell,15499.000000,94992.000000,16.316111
sample07508,sbj2502,14,yes,nk_cell,8691.000000,101838.000000,8.534142
sample07529,sbj2509,14,yes,nk_cell,19610.000000,92996.000000,21.086928
sample07553,sbj2517,14,yes,nk_cell,21555.000000,91151.000000,23.647574
sample07562,sbj2520,14,yes,nk_cell,13517.000000,101792.000000,13.279040
sample07577,sbj2525,14,yes,nk_cell,24062.000000,108626.000000,22.151235
sample07589,sbj2529,14,yes,nk_cell,15126.000000,96060.000000,15.746408
sample07595,sbj2531,14,yes,nk_cell,16821.000000,100255.000000,16.778216
sample07616,sbj2538,14,yes,nk_cell,14389.000000,111422.000000,12.913967
sample07649,sbj2549,14,yes,nk_cell,18562.000000,96059.000000,19.323541
sample07667,sbj2555,14,yes,nk_cell,14869.000000,112151.000000,13.258018
sample07727,sbj2575,14,yes,nk_cell,15065.000000,95436.000000,15.785448
sample07763,sbj2587,14,yes,nk_cell,13105.000000,99029.000000,13.233497
sample07802,sbj2600,14,yes,nk_cell,15203.000000,95342.000000,15.945753
sample07823,sbj2607,14,yes,nk_cell,17226.000000,107664.000000,15.999777
sample07826,sbj2608,14,yes,nk_cell,13900.000000,95474.000000,14.558938
sample07829,sbj2609,14,yes,nk_cell,19093.000000,92306.000000,20.684463
sample07838,sbj2612,14,yes,nk_cell,12262.000000,100157.000000,12.242779
sample07907,sbj2635,14,yes,nk_cell,14809.000000,93169.000000,15.894772
sample07970,sbj2656,14,yes,nk_cell,8326.000000,100212.000000,8.308386
sample08042,sbj2680,14,yes,nk_cell,20425.000000,103315.000000,19.769637
sample08057,sbj2685,14,yes,nk_cell,16598.000000,98727.000000,16.812017
sample08087,sbj2695,14,yes,nk_cell,28675.000000,109839.000000,26.106392
sample08123,sbj2707,14,yes,nk_cell,13686.000000,107879.000000,12.686436
sample08129,sbj2709,14,yes,nk_cell,15199.000000,107931.000000,14.082145
sample08153,sbj2717,14,yes,nk_cell,12678.000000,101829.000000,12.450284
sample08168,sbj2722,14,yes,nk_cell,17011.000000,106473.000000,15.976820
sample08180,sbj2726,14,yes,nk_cell,18946.000000,99311.000000,19.077444
sample08201,sbj2733,14,yes,nk_cell,16762.000000,94484.000000,17.740570
sample08249,sbj2749,14,yes,nk_cell,16229.000000,94422.000000,17.187732
sample08276,sbj2758,14,yes,nk_cell,11379.000000,98707.000000,11.528058
sample08291,sbj2763,14,yes,nk_cell,23052.000000,111328.000000,20.706381
sample08300,sbj2766,14,yes,nk_cell,9777.000000,95440.000000,10.244132
sample08330,sbj2776,14,yes,nk_cell,19751.000000,103501.000000,19.082907
sample08339,sbj2779,14,yes,nk_cell,8418.000000,99255.000000,8.481185
sample08351,sbj2783,14,yes,nk_cell,12531.000000,97897.000000,12.800188
sample08354,sbj2784,14,yes,nk_cell,14903.000000,106650.000000,13.973746
sample08363,sbj2787,14,yes,nk_cell,13781.000000,93327.000000,14.766359
sample08390,sbj2796,14,yes,nk_cell,14696.000000,104120.000000,14.114483
sample08405,sbj2801,14,yes,nk_cell,21340.000000,98635.000000,21.635322
sample08444,sbj2814,14,yes,nk_cell,11615.000000,109275.000000,10.629147
sample08468,sbj2822,14,yes,nk_cell,18495.000000,105290.000000,17.565771
sample08483,sbj2827,14,yes,nk_cell,11041.000000,111646.000000,9.889293
sample08570,sbj2856,14,yes,nk_cell,7805.000000,96610.000000,8.078874
sample08585,sbj2861,14,yes,nk_cell,9265.000000,101409.000000,9.136270
sample08597,sbj2865,14,yes,nk_cell,8267.000000,94536.000000,8.744817
sample08612,sbj2870,14,yes,nk_cell,8425.000000,98046.000000,8.592905
sample08657,sbj2885,14,yes,nk_cell,17919.000000,105817.000000,16.933952
sample08687,sbj2895,14,yes,nk_cell,14415.000000,92803.000000,15.532903
sample08708,sbj2902,14,yes,nk_cell,16715.000000,100379.000000,16.651889
sample08720,sbj2906,14,yes,nk_cell,9529.000000,102366.000000,9.308755
sample08726,sbj2908,14,yes,nk_cell,8044.000000,102919.000000,7.815855
sample08771,sbj2923,14,yes,nk_cell,14626.000000,98836.000000,14.798252
sample08783,sbj2927,14,yes,nk_cell,17191.000000,104558.000000,16.441592
sample08831,sbj2943,14,yes,nk_cell,20014.000000,105627.000000,18.947807
sample08834,sbj2944,14,yes,nk_cell,15814.000000,92594.000000,17.078860
sample08855,sbj2951,14,yes,nk_cell,8206.000000,95964.000000,8.551123
sample08858,sbj2952,14,yes,nk_cell,11352.000000,92774.000000,12.236187
sample08897,sbj2965,14,yes,nk_cell,10731.000000,91809.000000,11.688397
sample08915,sbj2971,14,yes,nk_cell,9668.000000,96577.000000,10.010665
sample08927,sbj2975,14,yes,nk_cell,13111.000000,101930.000000,12.862749
sample08945,sbj2981,14,yes,nk_cell,18284.000000,103206.000000,17.716024
sample08948,sbj2982,14,yes,nk_cell,19414.000000,107096.000000,18.127661
sample08972,sbj2990,14,yes,nk_cell,18077.000000,108008.000000,16.736723
sample08981,sbj2993,14,yes,nk_cell,18206.000000,107277.000000,16.971019
sample09011,sbj3003,14,yes,nk_cell,8695.000000,112421.000000,7.734320
sample09020,sbj3006,14,yes,nk_cell,14032.000000,107800.000000,13.016698
sample09026,sbj3008,14,yes,nk_cell,13554.000000,97245.000000,13.937992
sample09074,sbj3024,14,yes,nk_cell,14677.000000,95498.000000,15.368908
sample09083,sbj3027,14,yes,nk_cell,11201.000000,100856.000000,11.105933
sample09089,sbj3029,14,yes,nk_cell,11859.000000,94333.000000,12.571423
sample09104,sbj3034,14,yes,nk_cell,14677.000000,99830.000000,14.701993
sample09116,sbj3038,14,yes,nk_cell,17829.000000,110131.000000,16.188902
sample09131,sbj3043,14,yes,nk_cell,16669.000000,99591.000000,16.737456
sample09146,sbj3048,14,yes,nk_cell,11583.000000,107504.000000,10.774483
sample09164,sbj3054,14,yes,nk_cell,19328.000000,100549.000000,19.222469
sample09173,sbj3057,14,yes,nk_cell,15621.000000,100489.000000,15.544985
sample09182,sbj3060,14,yes,nk_cell,15521.000000,104757.000000,14.816194
sample09200,sbj3066,14,yes,nk_cell,16337.000000,94536.000000,17.281247
sample09245,sbj3081,14,yes,nk_cell,15218.000000,93440.000000,16.286387
sample09302,sbj3100,14,yes,nk_cell,12725.000000,106533.000000,11.944656
sample09392,sbj3130,14,yes,nk_cell,15248.000000,108674.000000,14.030955
sample09395,sbj3131,14,yes,nk_cell,12976.000000,95935.000000,13.525825
sample09443,sbj3147,14,yes,nk_cell,18400.000000,103353.000000,17.803063
sample09452,sbj3150,14,yes,nk_cell,15273.000000,92876.000000,16.444507
sample09461,sbj3153,14,yes,nk_cell,16968.000000,101217.000000,16.763982
sample09470,sbj3156,14,yes,nk_cell,29174.000000,109864.000000,26.554649
sample09488,sbj3162,14,yes,nk_cell,11739.000000,108066.000000,10.862806
sample09491,sbj3163,14,yes,nk_cell,18468.000000,100726.000000,18.334889
sample09497,sbj3165,14,yes,nk_cell,18962.000000,110268.000000,17.196285
sample09515,sbj3171,14,yes,nk_cell,15917.000000,97005.000000,16.408433
sample09521,sbj3173,14,yes,nk_cell,13219.000000,102947.000000,12.840588
sample09548,sbj3182,14,yes,nk_cell,14285.000000,98015.000000,14.574300
sample09575,sbj3191,14,yes,nk_cell,22166.000000,107198.000000,20.677625
sample09581,sbj3193,14,yes,nk_cell,10526.000000,99145.000000,10.616773
sample09584,sbj3194,14,yes,nk_cell,8894.000000,101480.000000,8.764289
sample09593,sbj3197,14,yes,nk_cell,16811.000000,107572.000000,15.627673
sample09599,sbj3199,14,yes,nk_cell,12666.000000,104265.000000,12.147892
sample09608,sbj3202,14,yes,nk_cell,9274.000000,108213.000000,8.570135
sample09614,sbj3204,14,yes,nk_cell,21902.000000,92323.000000,23.723233
sample09617,sbj3205,14,yes,nk_cell,13228.000000,102767.000000,12.871836
sample09668,sbj3222,14,yes,nk_cell,23505.000000,100620.000000,23.360167
sample09692,sbj3230,14,yes,nk_cell,14029.000000,103828.000000,13.511769
sample09701,sbj3233,14,yes,nk_cell,11327.000000,93749.000000,12.082262
sample09707,sbj3235,14,yes,nk_cell,13412.000000,98782.000000,13.577372
sample09722,sbj3240,14,yes,nk_cell,19272.000000,104846.000000,18.381245
sample09785,sbj3261,14,yes,nk_cell,17049.000000,95332.000000,17.883817
sample09800,sbj3266,14,yes,nk_cell,10459.000000,92693.000000,11.283484
sample09911,sbj3303,14,yes,nk_cell,10589.000000,107537.000000,9.846843
sample09926,sbj3308,14,yes,nk_cell,14361.000000,108489.000000,13.237287
sample09965,sbj3321,14,yes,nk_cell,19945.000000,103409.000000,19.287489
sample09980,sbj3326,14,yes,nk_cell,14679.000000,99241.000000,14.791266
sample09992,sbj3330,14,yes,nk_cell,15456.000000,105603.000000,14.635948
sample09998,sbj3332,14,yes,nk_cell,8536.000000,108863.000000,7.841048
sample10040,sbj3346,14,yes,nk_cell,9905.000000,91522.000000,10.822534
sample10043,sbj3347,14,yes,nk_cell,26677.000000,110107.000000,24.228251
sample10097,sbj3365,14,yes,nk_cell,13887.000000,105465.000000,13.167402
sample10118,sbj3372,14,yes,nk_cell,11222.000000,103612.000000,10.830792
sample10127,sbj3375,14,yes,nk_cell,14707.000000,95263.000000,15.438313
sample10130,sbj3376,14,yes,nk_cell,6319.000000,104918.000000,6.022799
sample10133,sbj3377,14,yes,nk_cell,12651.000000,104724.000000,12.080325
sample10142,sbj3380,14,yes,nk_cell,17162.000000,105826.000000,16.217187
sample10181,sbj3393,14,yes,nk_cell,9853.000000,106200.000000,9.277778
sample10199,sbj3399,14,yes,nk_cell,13017.000000,107661.000000,12.090729
sample10235,sbj3411,14,yes,nk_cell,13125.000000,92824.000000,14.139662
sample10250,sbj3416,14,yes,nk_cell,13791.000000,109400.000000,12.606033
sample10325,sbj3441,14,yes,nk_cell,19758.000000,101237.000000,19.516580
sample10337,sbj3445,14,yes,nk_cell,19709.000000,104553.000000,18.850726
sample10343,sbj3447,14,yes,nk_cell,28044.000000,98504.000000,28.469910
sample10349,sbj3449,14,yes,nk_cell,10161.000000,104959.000000,9.680923
sample10358,sbj3452,14,yes,nk_cell,17589.000000,103852.000000,16.936602
sample10385,sbj3461,14,yes,nk_cell,25477.000000,96594.000000,26.375344
sample10388,sbj3462,14,yes,nk_cell,18019.000000,92497.000000,19.480632
sample10394,sbj3464,14,yes,nk_cell,16076.000000,112461.000000,14.294733
sample10412,sbj3470,14,yes,nk_cell,16749.000000,94308.000000,17.759893
sample10445,sbj3481,14,yes,nk_cell,16454.000000,107554.000000,15.298362
sample10493,sbj3497,14,yes,nk_cell,13755.000000,93386.000000,14.729189
